srun: Job 784994 step creation temporarily disabled, retrying (Requested nodes are busy)
srun: Job 784994 step creation still disabled, retrying (Requested nodes are busy)
srun: Job 784994 step creation still disabled, retrying (Requested nodes are busy)
srun: Job 784994 step creation still disabled, retrying (Requested nodes are busy)
srun: Job 784994 step creation still disabled, retrying (Requested nodes are busy)
srun: Job 784994 step creation still disabled, retrying (Requested nodes are busy)
srun: Job 784994 step creation still disabled, retrying (Requested nodes are busy)
srun: Job 784994 step creation still disabled, retrying (Requested nodes are busy)
srun: Job 784994 step creation still disabled, retrying (Requested nodes are busy)
srun: Job 784994 step creation still disabled, retrying (Requested nodes are busy)
srun: Job 784994 step creation still disabled, retrying (Requested nodes are busy)
srun: Job 784994 step creation still disabled, retrying (Requested nodes are busy)
srun: Job 784994 step creation still disabled, retrying (Requested nodes are busy)
srun: Job 784994 step creation still disabled, retrying (Requested nodes are busy)
srun: Job 784994 step creation still disabled, retrying (Requested nodes are busy)
srun: Job 784994 step creation still disabled, retrying (Requested nodes are busy)
srun: Job 784994 step creation still disabled, retrying (Requested nodes are busy)
srun: Job 784994 step creation still disabled, retrying (Requested nodes are busy)
srun: Job 784994 step creation still disabled, retrying (Requested nodes are busy)
srun: Job 784994 step creation still disabled, retrying (Requested nodes are busy)
srun: Job 784994 step creation still disabled, retrying (Requested nodes are busy)
srun: Job 784994 step creation still disabled, retrying (Requested nodes are busy)
srun: Job 784994 step creation still disabled, retrying (Requested nodes are busy)
srun: Job 784994 step creation still disabled, retrying (Requested nodes are busy)
srun: Job 784994 step creation still disabled, retrying (Requested nodes are busy)
srun: Job 784994 step creation still disabled, retrying (Requested nodes are busy)
srun: Job 784994 step creation still disabled, retrying (Requested nodes are busy)
srun: Job 784994 step creation still disabled, retrying (Requested nodes are busy)
srun: Job 784994 step creation still disabled, retrying (Requested nodes are busy)
srun: Job 784994 step creation still disabled, retrying (Requested nodes are busy)
srun: Job 784994 step creation still disabled, retrying (Requested nodes are busy)
srun: Job 784994 step creation still disabled, retrying (Requested nodes are busy)
srun: Job 784994 step creation still disabled, retrying (Requested nodes are busy)
srun: Job 784994 step creation still disabled, retrying (Requested nodes are busy)
srun: Job 784994 step creation still disabled, retrying (Requested nodes are busy)
srun: Job 784994 step creation still disabled, retrying (Requested nodes are busy)
srun: Job 784994 step creation still disabled, retrying (Requested nodes are busy)
srun: Step created for job 784994
Using libcurl 7.76.1 with OpenSSL/3.2.2
Linking to GEOS 3.11.0, GDAL 3.5.2, PROJ 8.2.0; sf_use_s2() is TRUE

Attaching package: ‘dplyr’

The following objects are masked from ‘package:stats’:

    filter, lag

The following objects are masked from ‘package:base’:

    intersect, setdiff, setequal, union

terra 1.9.27
=== NYS Orthoimagery Download Pipeline ===
  GPKG:     Data/NY_HUCS/NY_Cluster_Zones_250_CROP_NAomit_6347.gpkg
  Cluster:  53
  Year:     2024
  Bands:    4bd
  Output:   Data/Ortho/Tiles
  Workers:  1
  HUC12s in cluster: 6

Querying ortho tile indexes...
  Index years available for '4bd': 2008, 2009, 2010, 2011, 2012, 2013, 2014, 2015, 2016, 2017, 2018, 2020, 2021, 2022, 2023, 2024, 2025
  Querying year 2024 ...
  Matching index layers: ind24l_half_ft_4bd_nyc, ind24w_half_ft_4bd, ind24w_one_ft_4bd, ind24e_one_ft_4bd, ind24e_half_ft_4bd
  NOTE: source tiles span multiple native resolutions (half_ft, one_ft); all will be resampled to 1 m.
  Querying year 2025 ...
  Matching index layers: ind25e_one_ft_4bd, ind25e_half_ft_4bd, ind25c_half_ft_4bd, ind25c_one_ft_4bd
  NOTE: source tiles span multiple native resolutions (one_ft, half_ft); all will be resampled to 1 m.
    layer 3: 1070 bbox hits
  Year 2025: 662 tiles selected
  Querying year 2023 ...
  Matching index layers: ind23e_half_ft_4bd, ind23w_one_ft_4bd, ind23c_one_ft_4bd, ind23l_half_ft_4bd, ind23w_half_ft_4bd
  NOTE: source tiles span multiple native resolutions (half_ft, one_ft); all will be resampled to 1 m.
  Querying year 2022 ...
  Matching index layers: ind22c_one_ft_4bd, ind22e_half_ft_4bd, ind22e_one_ft_4bd, ind22c_half_ft_4bd, ind22l_half_ft_4bd_nyc
  NOTE: source tiles span multiple native resolutions (one_ft, half_ft); all will be resampled to 1 m.
    layer 14: 1802 bbox hits
  Year 2022: 321 tiles selected
  Years selected: 2025, 2022
Unique full-size tiles to process: 983
[1746852] Downloading: c_10110934_12_24000_4bd_2025
[1746852] Reprojecting: c_10110934_12_24000_4bd_2025
[1746852] Downloading: c_10140934_12_24000_4bd_2025
[1746852] Reprojecting: c_10140934_12_24000_4bd_2025
[1746852] Downloading: c_10110936_12_24000_4bd_2025
[1746852] Reprojecting: c_10110936_12_24000_4bd_2025
[1746852] Downloading: c_10140936_12_24000_4bd_2025
[1746852] Reprojecting: c_10140936_12_24000_4bd_2025
[1746852] Downloading: c_10170936_12_24000_4bd_2025
[1746852] Reprojecting: c_10170936_12_24000_4bd_2025
[1746852] Downloading: c_10200936_12_24000_4bd_2025
[1746852] Reprojecting: c_10200936_12_24000_4bd_2025
[1746852] Downloading: c_10140938_12_24000_4bd_2025
[1746852] Reprojecting: c_10140938_12_24000_4bd_2025
[1746852] Downloading: c_10170938_12_24000_4bd_2025
[1746852] Reprojecting: c_10170938_12_24000_4bd_2025
[1746852] Downloading: c_10200938_12_24000_4bd_2025
[1746852] Reprojecting: c_10200938_12_24000_4bd_2025
[1746852] Downloading: c_10110940_12_24000_4bd_2025
[1746852] Reprojecting: c_10110940_12_24000_4bd_2025
[1746852] Downloading: c_10140940_12_24000_4bd_2025
[1746852] Reprojecting: c_10140940_12_24000_4bd_2025
[1746852] Downloading: c_10170940_12_24000_4bd_2025
[1746852] Reprojecting: c_10170940_12_24000_4bd_2025
[1746852] Downloading: c_10200940_12_24000_4bd_2025
[1746852] Reprojecting: c_10200940_12_24000_4bd_2025
[1746852] Downloading: c_10230940_12_24000_4bd_2025
[1746852] Reprojecting: c_10230940_12_24000_4bd_2025
[1746852] Downloading: c_10110942_12_24000_4bd_2025
[1746852] Reprojecting: c_10110942_12_24000_4bd_2025
[1746852] Downloading: c_10140942_12_24000_4bd_2025
[1746852] Reprojecting: c_10140942_12_24000_4bd_2025
[1746852] Downloading: c_10170942_12_24000_4bd_2025
[1746852] Reprojecting: c_10170942_12_24000_4bd_2025
[1746852] Downloading: c_10200942_12_24000_4bd_2025
[1746852] Reprojecting: c_10200942_12_24000_4bd_2025
[1746852] Downloading: c_10230942_12_24000_4bd_2025
[1746852] Reprojecting: c_10230942_12_24000_4bd_2025
[1746852] Downloading: c_10260942_12_24000_4bd_2025
[1746852] Reprojecting: c_10260942_12_24000_4bd_2025
[1746852] Downloading: c_10110944_12_24000_4bd_2025
[1746852] Reprojecting: c_10110944_12_24000_4bd_2025
[1746852] Downloading: c_10140944_12_24000_4bd_2025
[1746852] Reprojecting: c_10140944_12_24000_4bd_2025
[1746852] Downloading: c_10170944_12_24000_4bd_2025
[1746852] Reprojecting: c_10170944_12_24000_4bd_2025
[1746852] Downloading: c_10200944_12_24000_4bd_2025
[1746852] Reprojecting: c_10200944_12_24000_4bd_2025
[1746852] Downloading: c_10230944_12_24000_4bd_2025
[1746852] Reprojecting: c_10230944_12_24000_4bd_2025
[1746852] Downloading: c_10260944_12_24000_4bd_2025
[1746852] Reprojecting: c_10260944_12_24000_4bd_2025
[1746852] Downloading: c_10890944_12_24000_4bd_2025
[1746852] Reprojecting: c_10890944_12_24000_4bd_2025
[1746852] Downloading: c_10110946_12_24000_4bd_2025
[1746852] Reprojecting: c_10110946_12_24000_4bd_2025
[1746852] Downloading: c_10140946_12_24000_4bd_2025
[1746852] Reprojecting: c_10140946_12_24000_4bd_2025
[1746852] Downloading: c_10170946_12_24000_4bd_2025
[1746852] Reprojecting: c_10170946_12_24000_4bd_2025
[1746852] Downloading: c_10200946_12_24000_4bd_2025
[1746852] Reprojecting: c_10200946_12_24000_4bd_2025
[1746852] Downloading: c_10230946_12_24000_4bd_2025
[1746852] Reprojecting: c_10230946_12_24000_4bd_2025
[1746852] Downloading: c_10260946_12_24000_4bd_2025
[1746852] Reprojecting: c_10260946_12_24000_4bd_2025
[1746852] Downloading: c_10290946_12_24000_4bd_2025
[1746852] Reprojecting: c_10290946_12_24000_4bd_2025
[1746852] Downloading: c_10320946_12_24000_4bd_2025
[1746852] Reprojecting: c_10320946_12_24000_4bd_2025
[1746852] Downloading: c_10860946_12_24000_4bd_2025
[1746852] Reprojecting: c_10860946_12_24000_4bd_2025
[1746852] Downloading: c_10890946_12_24000_4bd_2025
[1746852] Reprojecting: c_10890946_12_24000_4bd_2025
[1746852] Downloading: c_10110948_12_24000_4bd_2025
[1746852] Reprojecting: c_10110948_12_24000_4bd_2025
[1746852] Downloading: c_10140948_12_24000_4bd_2025
[1746852] Reprojecting: c_10140948_12_24000_4bd_2025
[1746852] Downloading: c_10170948_12_24000_4bd_2025
[1746852] Reprojecting: c_10170948_12_24000_4bd_2025
[1746852] Downloading: c_10200948_12_24000_4bd_2025
[1746852] Reprojecting: c_10200948_12_24000_4bd_2025
[1746852] Downloading: c_10230948_12_24000_4bd_2025
[1746852] Reprojecting: c_10230948_12_24000_4bd_2025
[1746852] Downloading: c_10260948_12_24000_4bd_2025
[1746852] Reprojecting: c_10260948_12_24000_4bd_2025
[1746852] Downloading: c_10290948_12_24000_4bd_2025
[1746852] Reprojecting: c_10290948_12_24000_4bd_2025
[1746852] Downloading: c_10320948_12_24000_4bd_2025
[1746852] Reprojecting: c_10320948_12_24000_4bd_2025
[1746852] Downloading: c_10830948_12_24000_4bd_2025
[1746852] Reprojecting: c_10830948_12_24000_4bd_2025
[1746852] Downloading: c_10860948_12_24000_4bd_2025
[1746852] Reprojecting: c_10860948_12_24000_4bd_2025
[1746852] Downloading: c_10890948_12_24000_4bd_2025
[1746852] Reprojecting: c_10890948_12_24000_4bd_2025
[1746852] Downloading: c_10110950_12_24000_4bd_2025
[1746852] Reprojecting: c_10110950_12_24000_4bd_2025
[1746852] Downloading: c_10140950_12_24000_4bd_2025
[1746852] Reprojecting: c_10140950_12_24000_4bd_2025
[1746852] Downloading: c_10170950_12_24000_4bd_2025
[1746852] Reprojecting: c_10170950_12_24000_4bd_2025
[1746852] Downloading: c_10200950_12_24000_4bd_2025
[1746852] Reprojecting: c_10200950_12_24000_4bd_2025
[1746852] Downloading: c_10230950_12_24000_4bd_2025
[1746852] Reprojecting: c_10230950_12_24000_4bd_2025
[1746852] Downloading: c_10260950_12_24000_4bd_2025
[1746852] Reprojecting: c_10260950_12_24000_4bd_2025
[1746852] Downloading: c_10290950_12_24000_4bd_2025
[1746852] Reprojecting: c_10290950_12_24000_4bd_2025
[1746852] Downloading: c_10320950_12_24000_4bd_2025
[1746852] Reprojecting: c_10320950_12_24000_4bd_2025
[1746852] Downloading: c_10350950_12_24000_4bd_2025
[1746852] Reprojecting: c_10350950_12_24000_4bd_2025
[1746852] Downloading: c_10380950_12_24000_4bd_2025
[1746852] Reprojecting: c_10380950_12_24000_4bd_2025
[1746852] Downloading: c_10830950_12_24000_4bd_2025
[1746852] Reprojecting: c_10830950_12_24000_4bd_2025
[1746852] Downloading: c_10860950_12_24000_4bd_2025
[1746852] Reprojecting: c_10860950_12_24000_4bd_2025
[1746852] Downloading: c_10890950_12_24000_4bd_2025
[1746852] Reprojecting: c_10890950_12_24000_4bd_2025
[1746852] Downloading: c_10110952_12_24000_4bd_2025
[1746852] Reprojecting: c_10110952_12_24000_4bd_2025
[1746852] Downloading: c_10140952_12_24000_4bd_2025
[1746852] Reprojecting: c_10140952_12_24000_4bd_2025
[1746852] Downloading: c_10170952_12_24000_4bd_2025
[1746852] Reprojecting: c_10170952_12_24000_4bd_2025
[1746852] Downloading: c_10200952_12_24000_4bd_2025
[1746852] Reprojecting: c_10200952_12_24000_4bd_2025
[1746852] Downloading: c_10230952_12_24000_4bd_2025
[1746852] Reprojecting: c_10230952_12_24000_4bd_2025
[1746852] Downloading: c_10260952_12_24000_4bd_2025
[1746852] Reprojecting: c_10260952_12_24000_4bd_2025
[1746852] Downloading: c_10290952_12_24000_4bd_2025
[1746852] Reprojecting: c_10290952_12_24000_4bd_2025
[1746852] Downloading: c_10320952_12_24000_4bd_2025
[1746852] Reprojecting: c_10320952_12_24000_4bd_2025
[1746852] Downloading: c_10350952_12_24000_4bd_2025
[1746852] Reprojecting: c_10350952_12_24000_4bd_2025
[1746852] Downloading: c_10380952_12_24000_4bd_2025
[1746852] Reprojecting: c_10380952_12_24000_4bd_2025
[1746852] Downloading: c_10800952_12_24000_4bd_2025
[1746852] Reprojecting: c_10800952_12_24000_4bd_2025
[1746852] Downloading: c_10830952_12_24000_4bd_2025
[1746852] Reprojecting: c_10830952_12_24000_4bd_2025
[1746852] Downloading: c_10860952_12_24000_4bd_2025
[1746852] Reprojecting: c_10860952_12_24000_4bd_2025
[1746852] Downloading: c_10890952_12_24000_4bd_2025
[1746852] Reprojecting: c_10890952_12_24000_4bd_2025
[1746852] Downloading: c_10110954_12_24000_4bd_2025
[1746852] Reprojecting: c_10110954_12_24000_4bd_2025
[1746852] Downloading: c_10140954_12_24000_4bd_2025
[1746852] Reprojecting: c_10140954_12_24000_4bd_2025
[1746852] Downloading: c_10170954_12_24000_4bd_2025
[1746852] Reprojecting: c_10170954_12_24000_4bd_2025
[1746852] Downloading: c_10200954_12_24000_4bd_2025
[1746852] Reprojecting: c_10200954_12_24000_4bd_2025
[1746852] Downloading: c_10230954_12_24000_4bd_2025
[1746852] Reprojecting: c_10230954_12_24000_4bd_2025
[1746852] Downloading: c_10260954_12_24000_4bd_2025
[1746852] Reprojecting: c_10260954_12_24000_4bd_2025
[1746852] Downloading: c_10290954_12_24000_4bd_2025
[1746852] Reprojecting: c_10290954_12_24000_4bd_2025
[1746852] Downloading: c_10320954_12_24000_4bd_2025
[1746852] Reprojecting: c_10320954_12_24000_4bd_2025
[1746852] Downloading: c_10350954_12_24000_4bd_2025
[1746852] Reprojecting: c_10350954_12_24000_4bd_2025
[1746852] Downloading: c_10380954_12_24000_4bd_2025
[1746852] Reprojecting: c_10380954_12_24000_4bd_2025
[1746852] Downloading: c_10410954_12_24000_4bd_2025
[1746852] Reprojecting: c_10410954_12_24000_4bd_2025
[1746852] Downloading: c_10440954_12_24000_4bd_2025
[1746852] Reprojecting: c_10440954_12_24000_4bd_2025
[1746852] Downloading: c_10770954_12_24000_4bd_2025
[1746852] Reprojecting: c_10770954_12_24000_4bd_2025
[1746852] Downloading: c_10800954_12_24000_4bd_2025
[1746852] Reprojecting: c_10800954_12_24000_4bd_2025
[1746852] Downloading: c_10830954_12_24000_4bd_2025
[1746852] Reprojecting: c_10830954_12_24000_4bd_2025
[1746852] Downloading: c_10860954_12_24000_4bd_2025
[1746852] Reprojecting: c_10860954_12_24000_4bd_2025
[1746852] Downloading: c_10890954_12_24000_4bd_2025
[1746852] Reprojecting: c_10890954_12_24000_4bd_2025
[1746852] Downloading: c_10110956_12_24000_4bd_2025
[1746852] Reprojecting: c_10110956_12_24000_4bd_2025
[1746852] Downloading: c_10140956_12_24000_4bd_2025
[1746852] Reprojecting: c_10140956_12_24000_4bd_2025
[1746852] Downloading: c_10170956_12_24000_4bd_2025
[1746852] Reprojecting: c_10170956_12_24000_4bd_2025
[1746852] Downloading: c_10200956_12_24000_4bd_2025
[1746852] Reprojecting: c_10200956_12_24000_4bd_2025
[1746852] Downloading: c_10230956_12_24000_4bd_2025
[1746852] Reprojecting: c_10230956_12_24000_4bd_2025
[1746852] Downloading: c_10260956_12_24000_4bd_2025
[1746852] Reprojecting: c_10260956_12_24000_4bd_2025
[1746852] Downloading: c_10290956_12_24000_4bd_2025
[1746852] Reprojecting: c_10290956_12_24000_4bd_2025
[1746852] Downloading: c_10320956_12_24000_4bd_2025
[1746852] Reprojecting: c_10320956_12_24000_4bd_2025
[1746852] Downloading: c_10350956_12_24000_4bd_2025
[1746852] Reprojecting: c_10350956_12_24000_4bd_2025
[1746852] Downloading: c_10380956_12_24000_4bd_2025
[1746852] Reprojecting: c_10380956_12_24000_4bd_2025
[1746852] Downloading: c_10410956_12_24000_4bd_2025
[1746852] Reprojecting: c_10410956_12_24000_4bd_2025
[1746852] Downloading: c_10440956_12_24000_4bd_2025
[1746852] Reprojecting: c_10440956_12_24000_4bd_2025
[1746852] Downloading: c_10470956_12_24000_4bd_2025
[1746852] Reprojecting: c_10470956_12_24000_4bd_2025
[1746852] Downloading: c_10740956_12_24000_4bd_2025
[1746852] Reprojecting: c_10740956_12_24000_4bd_2025
[1746852] Downloading: c_10770956_12_24000_4bd_2025
[1746852] Reprojecting: c_10770956_12_24000_4bd_2025
[1746852] Downloading: c_10800956_12_24000_4bd_2025
[1746852] Reprojecting: c_10800956_12_24000_4bd_2025
[1746852] Downloading: c_10830956_12_24000_4bd_2025
[1746852] Reprojecting: c_10830956_12_24000_4bd_2025
[1746852] Downloading: c_10860956_12_24000_4bd_2025
[1746852] Reprojecting: c_10860956_12_24000_4bd_2025
[1746852] Downloading: c_10890956_12_24000_4bd_2025
[1746852] Reprojecting: c_10890956_12_24000_4bd_2025
[1746852] Downloading: c_10110958_12_24000_4bd_2025
[1746852] Reprojecting: c_10110958_12_24000_4bd_2025
[1746852] Downloading: c_10140958_12_24000_4bd_2025
[1746852] Reprojecting: c_10140958_12_24000_4bd_2025
[1746852] Downloading: c_10170958_12_24000_4bd_2025
[1746852] Reprojecting: c_10170958_12_24000_4bd_2025
[1746852] Downloading: c_10200958_12_24000_4bd_2025
[1746852] Reprojecting: c_10200958_12_24000_4bd_2025
[1746852] Downloading: c_10230958_12_24000_4bd_2025
[1746852] Reprojecting: c_10230958_12_24000_4bd_2025
[1746852] Downloading: c_10260958_12_24000_4bd_2025
[1746852] Reprojecting: c_10260958_12_24000_4bd_2025
[1746852] Downloading: c_10290958_12_24000_4bd_2025
[1746852] Reprojecting: c_10290958_12_24000_4bd_2025
[1746852] Downloading: c_10320958_12_24000_4bd_2025
[1746852] Reprojecting: c_10320958_12_24000_4bd_2025
[1746852] Downloading: c_10350958_12_24000_4bd_2025
[1746852] Reprojecting: c_10350958_12_24000_4bd_2025
[1746852] Downloading: c_10380958_12_24000_4bd_2025
[1746852] Reprojecting: c_10380958_12_24000_4bd_2025
[1746852] Downloading: c_10410958_12_24000_4bd_2025
[1746852] Reprojecting: c_10410958_12_24000_4bd_2025
[1746852] Downloading: c_10440958_12_24000_4bd_2025
[1746852] Reprojecting: c_10440958_12_24000_4bd_2025
[1746852] Downloading: c_10470958_12_24000_4bd_2025
[1746852] Reprojecting: c_10470958_12_24000_4bd_2025
[1746852] Downloading: c_10740958_12_24000_4bd_2025
[1746852] Reprojecting: c_10740958_12_24000_4bd_2025
[1746852] Downloading: c_10770958_12_24000_4bd_2025
[1746852] Reprojecting: c_10770958_12_24000_4bd_2025
[1746852] Downloading: c_10800958_12_24000_4bd_2025
[1746852] Reprojecting: c_10800958_12_24000_4bd_2025
[1746852] Downloading: c_10830958_12_24000_4bd_2025
[1746852] Reprojecting: c_10830958_12_24000_4bd_2025
[1746852] Downloading: c_10860958_12_24000_4bd_2025
[1746852] Reprojecting: c_10860958_12_24000_4bd_2025
[1746852] Downloading: c_10890958_12_24000_4bd_2025
[1746852] Reprojecting: c_10890958_12_24000_4bd_2025
[1746852] Downloading: c_10140960_12_24000_4bd_2025
[1746852] Reprojecting: c_10140960_12_24000_4bd_2025
[1746852] Downloading: c_10170960_12_24000_4bd_2025
[1746852] Reprojecting: c_10170960_12_24000_4bd_2025
[1746852] Downloading: c_10200960_12_24000_4bd_2025
[1746852] Reprojecting: c_10200960_12_24000_4bd_2025
[1746852] Downloading: c_10230960_12_24000_4bd_2025
[1746852] Reprojecting: c_10230960_12_24000_4bd_2025
[1746852] Downloading: c_10260960_12_24000_4bd_2025
[1746852] Reprojecting: c_10260960_12_24000_4bd_2025
[1746852] Downloading: c_10290960_12_24000_4bd_2025
[1746852] Reprojecting: c_10290960_12_24000_4bd_2025
[1746852] Downloading: c_10320960_12_24000_4bd_2025
[1746852] Reprojecting: c_10320960_12_24000_4bd_2025
[1746852] Downloading: c_10350960_12_24000_4bd_2025
[1746852] Reprojecting: c_10350960_12_24000_4bd_2025
[1746852] Downloading: c_10380960_12_24000_4bd_2025
[1746852] Reprojecting: c_10380960_12_24000_4bd_2025
[1746852] Downloading: c_10410960_12_24000_4bd_2025
[1746852] Reprojecting: c_10410960_12_24000_4bd_2025
[1746852] Downloading: c_10440960_12_24000_4bd_2025
[1746852] Reprojecting: c_10440960_12_24000_4bd_2025
[1746852] Downloading: c_10470960_12_24000_4bd_2025
[1746852] Reprojecting: c_10470960_12_24000_4bd_2025
[1746852] Downloading: c_10650960_12_24000_4bd_2025
[1746852] Reprojecting: c_10650960_12_24000_4bd_2025
[1746852] Downloading: c_10680960_12_24000_4bd_2025
[1746852] Reprojecting: c_10680960_12_24000_4bd_2025
[1746852] Downloading: c_10710960_12_24000_4bd_2025
[1746852] Reprojecting: c_10710960_12_24000_4bd_2025
[1746852] Downloading: c_10740960_12_24000_4bd_2025
[1746852] Reprojecting: c_10740960_12_24000_4bd_2025
[1746852] Downloading: c_10770960_12_24000_4bd_2025
[1746852] Reprojecting: c_10770960_12_24000_4bd_2025
[1746852] Downloading: c_10800960_12_24000_4bd_2025
[1746852] Reprojecting: c_10800960_12_24000_4bd_2025
[1746852] Downloading: c_10830960_12_24000_4bd_2025
[1746852] Reprojecting: c_10830960_12_24000_4bd_2025
[1746852] Downloading: c_10860960_12_24000_4bd_2025
[1746852] Reprojecting: c_10860960_12_24000_4bd_2025
[1746852] Downloading: c_10890960_12_24000_4bd_2025
[1746852] Reprojecting: c_10890960_12_24000_4bd_2025
[1746852] Downloading: c_10140962_12_24000_4bd_2025
[1746852] Reprojecting: c_10140962_12_24000_4bd_2025
[1746852] Downloading: c_10170962_12_24000_4bd_2025
[1746852] Reprojecting: c_10170962_12_24000_4bd_2025
[1746852] Downloading: c_10200962_12_24000_4bd_2025
[1746852] Reprojecting: c_10200962_12_24000_4bd_2025
[1746852] Downloading: c_10230962_12_24000_4bd_2025
[1746852] Reprojecting: c_10230962_12_24000_4bd_2025
[1746852] Downloading: c_10260962_12_24000_4bd_2025
[1746852] Reprojecting: c_10260962_12_24000_4bd_2025
[1746852] Downloading: c_10290962_12_24000_4bd_2025
[1746852] Reprojecting: c_10290962_12_24000_4bd_2025
[1746852] Downloading: c_10320962_12_24000_4bd_2025
[1746852] Reprojecting: c_10320962_12_24000_4bd_2025
[1746852] Downloading: c_10350962_12_24000_4bd_2025
[1746852] Reprojecting: c_10350962_12_24000_4bd_2025
[1746852] Downloading: c_10380962_12_24000_4bd_2025
[1746852] Reprojecting: c_10380962_12_24000_4bd_2025
[1746852] Downloading: c_10410962_12_24000_4bd_2025
[1746852] Reprojecting: c_10410962_12_24000_4bd_2025
[1746852] Downloading: c_10440962_12_24000_4bd_2025
[1746852] Reprojecting: c_10440962_12_24000_4bd_2025
[1746852] Downloading: c_10470962_12_24000_4bd_2025
[1746852] Reprojecting: c_10470962_12_24000_4bd_2025
[1746852] Downloading: c_10500962_12_24000_4bd_2025
[1746852] Reprojecting: c_10500962_12_24000_4bd_2025
[1746852] Downloading: c_10560962_12_24000_4bd_2025
[1746852] Reprojecting: c_10560962_12_24000_4bd_2025
[1746852] Downloading: c_10590962_12_24000_4bd_2025
[1746852] Reprojecting: c_10590962_12_24000_4bd_2025
[1746852] Downloading: c_10620962_12_24000_4bd_2025
[1746852] Reprojecting: c_10620962_12_24000_4bd_2025
[1746852] Downloading: c_10650962_12_24000_4bd_2025
[1746852] Reprojecting: c_10650962_12_24000_4bd_2025
[1746852] Downloading: c_10680962_12_24000_4bd_2025
[1746852] Reprojecting: c_10680962_12_24000_4bd_2025
[1746852] Downloading: c_10710962_12_24000_4bd_2025
[1746852] Reprojecting: c_10710962_12_24000_4bd_2025
[1746852] Downloading: c_10740962_12_24000_4bd_2025
[1746852] Reprojecting: c_10740962_12_24000_4bd_2025
[1746852] Downloading: c_10770962_12_24000_4bd_2025
[1746852] Reprojecting: c_10770962_12_24000_4bd_2025
[1746852] Downloading: c_10800962_12_24000_4bd_2025
[1746852] Reprojecting: c_10800962_12_24000_4bd_2025
[1746852] Downloading: c_10830962_12_24000_4bd_2025
[1746852] Reprojecting: c_10830962_12_24000_4bd_2025
[1746852] Downloading: c_10860962_12_24000_4bd_2025
[1746852] Reprojecting: c_10860962_12_24000_4bd_2025
[1746852] Downloading: c_10890962_12_24000_4bd_2025
[1746852] Reprojecting: c_10890962_12_24000_4bd_2025
[1746852] Downloading: c_10140964_12_24000_4bd_2025
[1746852] Reprojecting: c_10140964_12_24000_4bd_2025
[1746852] Downloading: c_10170964_12_24000_4bd_2025
[1746852] Reprojecting: c_10170964_12_24000_4bd_2025
[1746852] Downloading: c_10200964_12_24000_4bd_2025
[1746852] Reprojecting: c_10200964_12_24000_4bd_2025
[1746852] Downloading: c_10230964_12_24000_4bd_2025
[1746852] Reprojecting: c_10230964_12_24000_4bd_2025
[1746852] Downloading: c_10260964_12_24000_4bd_2025
[1746852] Reprojecting: c_10260964_12_24000_4bd_2025
[1746852] Downloading: c_10290964_12_24000_4bd_2025
[1746852] Reprojecting: c_10290964_12_24000_4bd_2025
[1746852] Downloading: c_10320964_12_24000_4bd_2025
[1746852] Reprojecting: c_10320964_12_24000_4bd_2025
[1746852] Downloading: c_10350964_12_24000_4bd_2025
[1746852] Reprojecting: c_10350964_12_24000_4bd_2025
[1746852] Downloading: c_10380964_12_24000_4bd_2025
[1746852] Reprojecting: c_10380964_12_24000_4bd_2025
[1746852] Downloading: c_10410964_12_24000_4bd_2025
[1746852] Reprojecting: c_10410964_12_24000_4bd_2025
[1746852] Downloading: c_10440964_12_24000_4bd_2025
[1746852] Reprojecting: c_10440964_12_24000_4bd_2025
[1746852] Downloading: c_10470964_12_24000_4bd_2025
[1746852] Reprojecting: c_10470964_12_24000_4bd_2025
[1746852] Downloading: c_10500964_12_24000_4bd_2025
[1746852] Reprojecting: c_10500964_12_24000_4bd_2025
[1746852] Downloading: c_10530964_12_24000_4bd_2025
[1746852] Reprojecting: c_10530964_12_24000_4bd_2025
[1746852] Downloading: c_10560964_12_24000_4bd_2025
[1746852] Reprojecting: c_10560964_12_24000_4bd_2025
[1746852] Downloading: c_10590964_12_24000_4bd_2025
[1746852] Reprojecting: c_10590964_12_24000_4bd_2025
[1746852] Downloading: c_10620964_12_24000_4bd_2025
[1746852] Reprojecting: c_10620964_12_24000_4bd_2025
[1746852] Downloading: c_10650964_12_24000_4bd_2025
[1746852] Reprojecting: c_10650964_12_24000_4bd_2025
[1746852] Downloading: c_10680964_12_24000_4bd_2025
[1746852] Reprojecting: c_10680964_12_24000_4bd_2025
[1746852] Downloading: c_10710964_12_24000_4bd_2025
[1746852] Reprojecting: c_10710964_12_24000_4bd_2025
[1746852] Downloading: c_10740964_12_24000_4bd_2025
[1746852] Reprojecting: c_10740964_12_24000_4bd_2025
[1746852] Downloading: c_10770964_12_24000_4bd_2025
[1746852] Reprojecting: c_10770964_12_24000_4bd_2025
[1746852] Downloading: c_10800964_12_24000_4bd_2025
[1746852] Reprojecting: c_10800964_12_24000_4bd_2025
[1746852] Downloading: c_10830964_12_24000_4bd_2025
[1746852] Reprojecting: c_10830964_12_24000_4bd_2025
[1746852] Downloading: c_10860964_12_24000_4bd_2025
[1746852] Reprojecting: c_10860964_12_24000_4bd_2025
[1746852] Downloading: c_10140966_12_24000_4bd_2025
[1746852] Reprojecting: c_10140966_12_24000_4bd_2025
[1746852] Downloading: c_10170966_12_24000_4bd_2025
[1746852] Reprojecting: c_10170966_12_24000_4bd_2025
[1746852] Downloading: c_10200966_12_24000_4bd_2025
[1746852] Reprojecting: c_10200966_12_24000_4bd_2025
[1746852] Downloading: c_10230966_12_24000_4bd_2025
[1746852] Reprojecting: c_10230966_12_24000_4bd_2025
[1746852] Downloading: c_10260966_12_24000_4bd_2025
[1746852] Reprojecting: c_10260966_12_24000_4bd_2025
[1746852] Downloading: c_10290966_12_24000_4bd_2025
[1746852] Reprojecting: c_10290966_12_24000_4bd_2025
[1746852] Downloading: c_10320966_12_24000_4bd_2025
[1746852] Reprojecting: c_10320966_12_24000_4bd_2025
[1746852] Downloading: c_10350966_12_24000_4bd_2025
[1746852] Reprojecting: c_10350966_12_24000_4bd_2025
[1746852] Downloading: c_10380966_12_24000_4bd_2025
[1746852] Reprojecting: c_10380966_12_24000_4bd_2025
[1746852] Downloading: c_10410966_12_24000_4bd_2025
[1746852] Reprojecting: c_10410966_12_24000_4bd_2025
[1746852] Downloading: c_10440966_12_24000_4bd_2025
[1746852] Reprojecting: c_10440966_12_24000_4bd_2025
[1746852] Downloading: c_10470966_12_24000_4bd_2025
[1746852] Reprojecting: c_10470966_12_24000_4bd_2025
[1746852] Downloading: c_10500966_12_24000_4bd_2025
[1746852] Reprojecting: c_10500966_12_24000_4bd_2025
[1746852] Downloading: c_10530966_12_24000_4bd_2025
[1746852] Reprojecting: c_10530966_12_24000_4bd_2025
[1746852] Downloading: c_10560966_12_24000_4bd_2025
[1746852] Reprojecting: c_10560966_12_24000_4bd_2025
[1746852] Downloading: c_10590966_12_24000_4bd_2025
[1746852] Reprojecting: c_10590966_12_24000_4bd_2025
[1746852] Downloading: c_10620966_12_24000_4bd_2025
[1746852] Reprojecting: c_10620966_12_24000_4bd_2025
[1746852] Downloading: c_10650966_12_24000_4bd_2025
[1746852] Reprojecting: c_10650966_12_24000_4bd_2025
[1746852] Downloading: c_10680966_12_24000_4bd_2025
[1746852] Reprojecting: c_10680966_12_24000_4bd_2025
[1746852] Downloading: c_10710966_12_24000_4bd_2025
[1746852] Reprojecting: c_10710966_12_24000_4bd_2025
[1746852] Downloading: c_10740966_12_24000_4bd_2025
[1746852] Reprojecting: c_10740966_12_24000_4bd_2025
[1746852] Downloading: c_10770966_12_24000_4bd_2025
[1746852] Reprojecting: c_10770966_12_24000_4bd_2025
[1746852] Downloading: c_10800966_12_24000_4bd_2025
[1746852] Reprojecting: c_10800966_12_24000_4bd_2025
[1746852] Downloading: c_10830966_12_24000_4bd_2025
[1746852] Reprojecting: c_10830966_12_24000_4bd_2025
[1746852] Downloading: c_10860966_12_24000_4bd_2025
[1746852] Reprojecting: c_10860966_12_24000_4bd_2025
[1746852] Downloading: c_10140968_12_24000_4bd_2025
[1746852] Reprojecting: c_10140968_12_24000_4bd_2025
[1746852] Downloading: c_10170968_12_24000_4bd_2025
[1746852] Reprojecting: c_10170968_12_24000_4bd_2025
[1746852] Downloading: c_10200968_12_24000_4bd_2025
[1746852] Reprojecting: c_10200968_12_24000_4bd_2025
[1746852] Downloading: c_10230968_12_24000_4bd_2025
[1746852] Reprojecting: c_10230968_12_24000_4bd_2025
[1746852] Downloading: c_10260968_12_24000_4bd_2025
[1746852] Reprojecting: c_10260968_12_24000_4bd_2025
[1746852] Downloading: c_10290968_12_24000_4bd_2025
[1746852] Reprojecting: c_10290968_12_24000_4bd_2025
[1746852] Downloading: c_10320968_12_24000_4bd_2025
[1746852] Reprojecting: c_10320968_12_24000_4bd_2025
[1746852] Downloading: c_10350968_12_24000_4bd_2025
[1746852] Reprojecting: c_10350968_12_24000_4bd_2025
[1746852] Downloading: c_10380968_12_24000_4bd_2025
[1746852] Reprojecting: c_10380968_12_24000_4bd_2025
[1746852] Downloading: c_10410968_12_24000_4bd_2025
[1746852] Reprojecting: c_10410968_12_24000_4bd_2025
[1746852] Downloading: c_10440968_12_24000_4bd_2025
[1746852] Reprojecting: c_10440968_12_24000_4bd_2025
[1746852] Downloading: c_10470968_12_24000_4bd_2025
[1746852] Reprojecting: c_10470968_12_24000_4bd_2025
[1746852] Downloading: c_10500968_12_24000_4bd_2025
[1746852] Reprojecting: c_10500968_12_24000_4bd_2025
[1746852] Downloading: c_10530968_12_24000_4bd_2025
[1746852] Reprojecting: c_10530968_12_24000_4bd_2025
[1746852] Downloading: c_10560968_12_24000_4bd_2025
[1746852] Reprojecting: c_10560968_12_24000_4bd_2025
[1746852] Downloading: c_10590968_12_24000_4bd_2025
[1746852] Reprojecting: c_10590968_12_24000_4bd_2025
[1746852] Downloading: c_10620968_12_24000_4bd_2025
[1746852] Reprojecting: c_10620968_12_24000_4bd_2025
[1746852] Downloading: c_10650968_12_24000_4bd_2025
[1746852] Reprojecting: c_10650968_12_24000_4bd_2025
[1746852] Downloading: c_10680968_12_24000_4bd_2025
[1746852] Reprojecting: c_10680968_12_24000_4bd_2025
[1746852] Downloading: c_10710968_12_24000_4bd_2025
[1746852] Reprojecting: c_10710968_12_24000_4bd_2025
[1746852] Downloading: c_10740968_12_24000_4bd_2025
[1746852] Reprojecting: c_10740968_12_24000_4bd_2025
[1746852] Downloading: c_10770968_12_24000_4bd_2025
[1746852] Reprojecting: c_10770968_12_24000_4bd_2025
[1746852] Downloading: c_10800968_12_24000_4bd_2025
[1746852] Reprojecting: c_10800968_12_24000_4bd_2025
[1746852] Downloading: c_10830968_12_24000_4bd_2025
[1746852] Reprojecting: c_10830968_12_24000_4bd_2025
[1746852] Downloading: c_10860968_12_24000_4bd_2025
[1746852] Reprojecting: c_10860968_12_24000_4bd_2025
[1746852] Downloading: c_10170970_12_24000_4bd_2025
[1746852] Reprojecting: c_10170970_12_24000_4bd_2025
[1746852] Downloading: c_10200970_12_24000_4bd_2025
[1746852] Reprojecting: c_10200970_12_24000_4bd_2025
[1746852] Downloading: c_10230970_12_24000_4bd_2025
[1746852] Reprojecting: c_10230970_12_24000_4bd_2025
[1746852] Downloading: c_10260970_12_24000_4bd_2025
[1746852] Reprojecting: c_10260970_12_24000_4bd_2025
[1746852] Downloading: c_10290970_12_24000_4bd_2025
[1746852] Reprojecting: c_10290970_12_24000_4bd_2025
[1746852] Downloading: c_10320970_12_24000_4bd_2025
[1746852] Reprojecting: c_10320970_12_24000_4bd_2025
[1746852] Downloading: c_10350970_12_24000_4bd_2025
[1746852] Reprojecting: c_10350970_12_24000_4bd_2025
[1746852] Downloading: c_10380970_12_24000_4bd_2025
[1746852] Reprojecting: c_10380970_12_24000_4bd_2025
[1746852] Downloading: c_10410970_12_24000_4bd_2025
[1746852] Reprojecting: c_10410970_12_24000_4bd_2025
[1746852] Downloading: c_10440970_12_24000_4bd_2025
[1746852] Reprojecting: c_10440970_12_24000_4bd_2025
[1746852] Downloading: c_10470970_12_24000_4bd_2025
[1746852] Reprojecting: c_10470970_12_24000_4bd_2025
[1746852] Downloading: c_10500970_12_24000_4bd_2025
[1746852] Reprojecting: c_10500970_12_24000_4bd_2025
[1746852] Downloading: c_10530970_12_24000_4bd_2025
[1746852] Reprojecting: c_10530970_12_24000_4bd_2025
[1746852] Downloading: c_10560970_12_24000_4bd_2025
[1746852] Reprojecting: c_10560970_12_24000_4bd_2025
[1746852] Downloading: c_10590970_12_24000_4bd_2025
[1746852] Reprojecting: c_10590970_12_24000_4bd_2025
[1746852] Downloading: c_10620970_12_24000_4bd_2025
[1746852] Reprojecting: c_10620970_12_24000_4bd_2025
[1746852] Downloading: c_10650970_12_24000_4bd_2025
[1746852] Reprojecting: c_10650970_12_24000_4bd_2025
[1746852] Downloading: c_10680970_12_24000_4bd_2025
[1746852] Reprojecting: c_10680970_12_24000_4bd_2025
[1746852] Downloading: c_10710970_12_24000_4bd_2025
[1746852] Reprojecting: c_10710970_12_24000_4bd_2025
[1746852] Downloading: c_10740970_12_24000_4bd_2025
[1746852] Reprojecting: c_10740970_12_24000_4bd_2025
[1746852] Downloading: c_10770970_12_24000_4bd_2025
[1746852] Reprojecting: c_10770970_12_24000_4bd_2025
[1746852] Downloading: c_10800970_12_24000_4bd_2025
[1746852] Reprojecting: c_10800970_12_24000_4bd_2025
[1746852] Downloading: c_10830970_12_24000_4bd_2025
[1746852] Reprojecting: c_10830970_12_24000_4bd_2025
[1746852] Downloading: c_10170972_12_24000_4bd_2025
[1746852] Reprojecting: c_10170972_12_24000_4bd_2025
[1746852] Downloading: c_10200972_12_24000_4bd_2025
[1746852] Reprojecting: c_10200972_12_24000_4bd_2025
[1746852] Downloading: c_10230972_12_24000_4bd_2025
[1746852] Reprojecting: c_10230972_12_24000_4bd_2025
[1746852] Downloading: c_10260972_12_24000_4bd_2025
[1746852] Reprojecting: c_10260972_12_24000_4bd_2025
[1746852] Downloading: c_10290972_12_24000_4bd_2025
[1746852] Reprojecting: c_10290972_12_24000_4bd_2025
[1746852] Downloading: c_10320972_12_24000_4bd_2025
[1746852] Reprojecting: c_10320972_12_24000_4bd_2025
[1746852] Downloading: c_10350972_12_24000_4bd_2025
[1746852] Reprojecting: c_10350972_12_24000_4bd_2025
[1746852] Downloading: c_10380972_12_24000_4bd_2025
[1746852] Reprojecting: c_10380972_12_24000_4bd_2025
[1746852] Downloading: c_10410972_12_24000_4bd_2025
[1746852] Reprojecting: c_10410972_12_24000_4bd_2025
[1746852] Downloading: c_10440972_12_24000_4bd_2025
[1746852] Reprojecting: c_10440972_12_24000_4bd_2025
[1746852] Downloading: c_10470972_12_24000_4bd_2025
[1746852] Reprojecting: c_10470972_12_24000_4bd_2025
[1746852] Downloading: c_10500972_12_24000_4bd_2025
[1746852] Reprojecting: c_10500972_12_24000_4bd_2025
[1746852] Downloading: c_10530972_12_24000_4bd_2025
[1746852] Reprojecting: c_10530972_12_24000_4bd_2025
[1746852] Downloading: c_10560972_12_24000_4bd_2025
[1746852] Reprojecting: c_10560972_12_24000_4bd_2025
[1746852] Downloading: c_10590972_12_24000_4bd_2025
[1746852] Reprojecting: c_10590972_12_24000_4bd_2025
[1746852] Downloading: c_10620972_12_24000_4bd_2025
[1746852] Reprojecting: c_10620972_12_24000_4bd_2025
[1746852] Downloading: c_10650972_12_24000_4bd_2025
[1746852] Reprojecting: c_10650972_12_24000_4bd_2025
[1746852] Downloading: c_10680972_12_24000_4bd_2025
[1746852] Reprojecting: c_10680972_12_24000_4bd_2025
[1746852] Downloading: c_10710972_12_24000_4bd_2025
[1746852] Reprojecting: c_10710972_12_24000_4bd_2025
[1746852] Downloading: c_10740972_12_24000_4bd_2025
[1746852] Reprojecting: c_10740972_12_24000_4bd_2025
[1746852] Downloading: c_10770972_12_24000_4bd_2025
[1746852] Reprojecting: c_10770972_12_24000_4bd_2025
[1746852] Downloading: c_10800972_12_24000_4bd_2025
[1746852] Reprojecting: c_10800972_12_24000_4bd_2025
[1746852] Downloading: c_10830972_12_24000_4bd_2025
[1746852] Reprojecting: c_10830972_12_24000_4bd_2025
[1746852] Downloading: c_10860972_12_24000_4bd_2025
[1746852] Reprojecting: c_10860972_12_24000_4bd_2025
[1746852] Downloading: c_10890972_12_24000_4bd_2025
[1746852] Reprojecting: c_10890972_12_24000_4bd_2025
[1746852] Downloading: c_10920972_12_24000_4bd_2025
[1746852] Reprojecting: c_10920972_12_24000_4bd_2025
[1746852] Downloading: c_10170974_12_24000_4bd_2025
[1746852] Reprojecting: c_10170974_12_24000_4bd_2025
[1746852] Downloading: c_10200974_12_24000_4bd_2025
[1746852] Reprojecting: c_10200974_12_24000_4bd_2025
[1746852] Downloading: c_10230974_12_24000_4bd_2025
[1746852] Reprojecting: c_10230974_12_24000_4bd_2025
[1746852] Downloading: c_10260974_12_24000_4bd_2025
[1746852] Reprojecting: c_10260974_12_24000_4bd_2025
[1746852] Downloading: c_10290974_12_24000_4bd_2025
[1746852] Reprojecting: c_10290974_12_24000_4bd_2025
[1746852] Downloading: c_10320974_12_24000_4bd_2025
[1746852] Reprojecting: c_10320974_12_24000_4bd_2025
[1746852] Downloading: c_10350974_12_24000_4bd_2025
[1746852] Reprojecting: c_10350974_12_24000_4bd_2025
[1746852] Downloading: c_10380974_12_24000_4bd_2025
[1746852] Reprojecting: c_10380974_12_24000_4bd_2025
[1746852] Downloading: c_10410974_12_24000_4bd_2025
[1746852] Reprojecting: c_10410974_12_24000_4bd_2025
[1746852] Downloading: c_10440974_12_24000_4bd_2025
[1746852] Reprojecting: c_10440974_12_24000_4bd_2025
[1746852] Downloading: c_10470974_12_24000_4bd_2025
[1746852] Reprojecting: c_10470974_12_24000_4bd_2025
[1746852] Downloading: c_10500974_12_24000_4bd_2025
[1746852] Reprojecting: c_10500974_12_24000_4bd_2025
[1746852] Downloading: c_10530974_12_24000_4bd_2025
[1746852] Reprojecting: c_10530974_12_24000_4bd_2025
[1746852] Downloading: c_10560974_12_24000_4bd_2025
[1746852] Reprojecting: c_10560974_12_24000_4bd_2025
[1746852] Downloading: c_10590974_12_24000_4bd_2025
[1746852] Reprojecting: c_10590974_12_24000_4bd_2025
[1746852] Downloading: c_10620974_12_24000_4bd_2025
[1746852] Reprojecting: c_10620974_12_24000_4bd_2025
[1746852] Downloading: c_10650974_12_24000_4bd_2025
[1746852] Reprojecting: c_10650974_12_24000_4bd_2025
[1746852] Downloading: c_10680974_12_24000_4bd_2025
[1746852] Reprojecting: c_10680974_12_24000_4bd_2025
[1746852] Downloading: c_10710974_12_24000_4bd_2025
[1746852] Reprojecting: c_10710974_12_24000_4bd_2025
[1746852] Downloading: c_10740974_12_24000_4bd_2025
[1746852] Reprojecting: c_10740974_12_24000_4bd_2025
[1746852] Downloading: c_10770974_12_24000_4bd_2025
[1746852] Reprojecting: c_10770974_12_24000_4bd_2025
[1746852] Downloading: c_10800974_12_24000_4bd_2025
[1746852] Reprojecting: c_10800974_12_24000_4bd_2025
[1746852] Downloading: c_10830974_12_24000_4bd_2025
[1746852] Reprojecting: c_10830974_12_24000_4bd_2025
[1746852] Downloading: c_10860974_12_24000_4bd_2025
[1746852] Reprojecting: c_10860974_12_24000_4bd_2025
[1746852] Downloading: c_10890974_12_24000_4bd_2025
[1746852] Reprojecting: c_10890974_12_24000_4bd_2025
[1746852] Downloading: c_10920974_12_24000_4bd_2025
[1746852] Reprojecting: c_10920974_12_24000_4bd_2025
[1746852] Downloading: c_10980974_12_24000_4bd_2025
[1746852] Reprojecting: c_10980974_12_24000_4bd_2025
[1746852] Downloading: c_11010974_12_24000_4bd_2025
[1746852] Reprojecting: c_11010974_12_24000_4bd_2025
[1746852] Downloading: c_10170976_12_24000_4bd_2025
[1746852] Reprojecting: c_10170976_12_24000_4bd_2025
[1746852] Downloading: c_10200976_12_24000_4bd_2025
[1746852] Reprojecting: c_10200976_12_24000_4bd_2025
[1746852] Downloading: c_10230976_12_24000_4bd_2025
[1746852] Reprojecting: c_10230976_12_24000_4bd_2025
[1746852] Downloading: c_10260976_12_24000_4bd_2025
[1746852] Reprojecting: c_10260976_12_24000_4bd_2025
[1746852] Downloading: c_10290976_12_24000_4bd_2025
[1746852] Reprojecting: c_10290976_12_24000_4bd_2025
[1746852] Downloading: c_10320976_12_24000_4bd_2025
[1746852] Reprojecting: c_10320976_12_24000_4bd_2025
[1746852] Downloading: c_10350976_12_24000_4bd_2025
[1746852] Reprojecting: c_10350976_12_24000_4bd_2025
[1746852] Downloading: c_10380976_12_24000_4bd_2025
[1746852] Reprojecting: c_10380976_12_24000_4bd_2025
[1746852] Downloading: c_10410976_12_24000_4bd_2025
[1746852] Reprojecting: c_10410976_12_24000_4bd_2025
[1746852] Downloading: c_10440976_12_24000_4bd_2025
[1746852] Reprojecting: c_10440976_12_24000_4bd_2025
[1746852] Downloading: c_10470976_12_24000_4bd_2025
[1746852] Reprojecting: c_10470976_12_24000_4bd_2025
[1746852] Downloading: c_10500976_12_24000_4bd_2025
[1746852] Reprojecting: c_10500976_12_24000_4bd_2025
[1746852] Downloading: c_10530976_12_24000_4bd_2025
[1746852] Reprojecting: c_10530976_12_24000_4bd_2025
[1746852] Downloading: c_10560976_12_24000_4bd_2025
[1746852] Reprojecting: c_10560976_12_24000_4bd_2025
[1746852] Downloading: c_10590976_12_24000_4bd_2025
[1746852] Reprojecting: c_10590976_12_24000_4bd_2025
[1746852] Downloading: c_10620976_12_24000_4bd_2025
[1746852] Reprojecting: c_10620976_12_24000_4bd_2025
[1746852] Downloading: c_10650976_12_24000_4bd_2025
[1746852] Reprojecting: c_10650976_12_24000_4bd_2025
[1746852] Downloading: c_10680976_12_24000_4bd_2025
[1746852] Reprojecting: c_10680976_12_24000_4bd_2025
[1746852] Downloading: c_10710976_12_24000_4bd_2025
[1746852] Reprojecting: c_10710976_12_24000_4bd_2025
[1746852] Downloading: c_10740976_12_24000_4bd_2025
[1746852] Reprojecting: c_10740976_12_24000_4bd_2025
[1746852] Downloading: c_10770976_12_24000_4bd_2025
[1746852] Reprojecting: c_10770976_12_24000_4bd_2025
[1746852] Downloading: c_10800976_12_24000_4bd_2025
[1746852] Reprojecting: c_10800976_12_24000_4bd_2025
[1746852] Downloading: c_10830976_12_24000_4bd_2025
[1746852] Reprojecting: c_10830976_12_24000_4bd_2025
[1746852] Downloading: c_10860976_12_24000_4bd_2025
[1746852] Reprojecting: c_10860976_12_24000_4bd_2025
[1746852] Downloading: c_10890976_12_24000_4bd_2025
[1746852] Reprojecting: c_10890976_12_24000_4bd_2025
[1746852] Downloading: c_10920976_12_24000_4bd_2025
[1746852] Reprojecting: c_10920976_12_24000_4bd_2025
[1746852] Downloading: c_10950976_12_24000_4bd_2025
[1746852] Reprojecting: c_10950976_12_24000_4bd_2025
[1746852] Downloading: c_10980976_12_24000_4bd_2025
[1746852] Reprojecting: c_10980976_12_24000_4bd_2025
[1746852] Downloading: c_11010976_12_24000_4bd_2025
[1746852] Reprojecting: c_11010976_12_24000_4bd_2025
[1746852] Downloading: c_10200978_12_24000_4bd_2025
[1746852] Reprojecting: c_10200978_12_24000_4bd_2025
[1746852] Downloading: c_10230978_12_24000_4bd_2025
[1746852] Reprojecting: c_10230978_12_24000_4bd_2025
[1746852] Downloading: c_10260978_12_24000_4bd_2025
[1746852] Reprojecting: c_10260978_12_24000_4bd_2025
[1746852] Downloading: c_10290978_12_24000_4bd_2025
[1746852] Reprojecting: c_10290978_12_24000_4bd_2025
[1746852] Downloading: c_10320978_12_24000_4bd_2025
[1746852] Reprojecting: c_10320978_12_24000_4bd_2025
[1746852] Downloading: c_10350978_12_24000_4bd_2025
[1746852] Reprojecting: c_10350978_12_24000_4bd_2025
[1746852] Downloading: c_10380978_12_24000_4bd_2025
[1746852] Reprojecting: c_10380978_12_24000_4bd_2025
[1746852] Downloading: c_10410978_12_24000_4bd_2025
[1746852] Reprojecting: c_10410978_12_24000_4bd_2025
[1746852] Downloading: c_10440978_12_24000_4bd_2025
[1746852] Reprojecting: c_10440978_12_24000_4bd_2025
[1746852] Downloading: c_10470978_12_24000_4bd_2025
[1746852] Reprojecting: c_10470978_12_24000_4bd_2025
[1746852] Downloading: c_10500978_12_24000_4bd_2025
[1746852] Reprojecting: c_10500978_12_24000_4bd_2025
[1746852] Downloading: c_10530978_12_24000_4bd_2025
[1746852] Reprojecting: c_10530978_12_24000_4bd_2025
[1746852] Downloading: c_10560978_12_24000_4bd_2025
[1746852] Reprojecting: c_10560978_12_24000_4bd_2025
[1746852] Downloading: c_10590978_12_24000_4bd_2025
[1746852] Reprojecting: c_10590978_12_24000_4bd_2025
[1746852] Downloading: c_10620978_12_24000_4bd_2025
[1746852] Reprojecting: c_10620978_12_24000_4bd_2025
[1746852] Downloading: c_10650978_12_24000_4bd_2025
[1746852] Reprojecting: c_10650978_12_24000_4bd_2025
[1746852] Downloading: c_10680978_12_24000_4bd_2025
[1746852] Reprojecting: c_10680978_12_24000_4bd_2025
[1746852] Downloading: c_10710978_12_24000_4bd_2025
[1746852] Reprojecting: c_10710978_12_24000_4bd_2025
[1746852] Downloading: c_10740978_12_24000_4bd_2025
[1746852] Reprojecting: c_10740978_12_24000_4bd_2025
[1746852] Downloading: c_10770978_12_24000_4bd_2025
[1746852] Reprojecting: c_10770978_12_24000_4bd_2025
[1746852] Downloading: c_10800978_12_24000_4bd_2025
[1746852] Reprojecting: c_10800978_12_24000_4bd_2025
[1746852] Downloading: c_10830978_12_24000_4bd_2025
[1746852] Reprojecting: c_10830978_12_24000_4bd_2025
[1746852] Downloading: c_10860978_12_24000_4bd_2025
[1746852] Reprojecting: c_10860978_12_24000_4bd_2025
[1746852] Downloading: c_10890978_12_24000_4bd_2025
[1746852] Reprojecting: c_10890978_12_24000_4bd_2025
[1746852] Downloading: c_10920978_12_24000_4bd_2025
[1746852] Reprojecting: c_10920978_12_24000_4bd_2025
[1746852] Downloading: c_10950978_12_24000_4bd_2025
[1746852] Reprojecting: c_10950978_12_24000_4bd_2025
[1746852] Downloading: c_10980978_12_24000_4bd_2025
[1746852] Reprojecting: c_10980978_12_24000_4bd_2025
[1746852] Downloading: c_11010978_12_24000_4bd_2025
[1746852] Reprojecting: c_11010978_12_24000_4bd_2025
[1746852] Downloading: c_11040978_12_24000_4bd_2025
[1746852] Reprojecting: c_11040978_12_24000_4bd_2025
[1746852] Downloading: c_10200980_12_24000_4bd_2025
[1746852] Reprojecting: c_10200980_12_24000_4bd_2025
[1746852] Downloading: c_10230980_12_24000_4bd_2025
[1746852] Reprojecting: c_10230980_12_24000_4bd_2025
[1746852] Downloading: c_10260980_12_24000_4bd_2025
[1746852] Reprojecting: c_10260980_12_24000_4bd_2025
[1746852] Downloading: c_10290980_12_24000_4bd_2025
[1746852] Reprojecting: c_10290980_12_24000_4bd_2025
[1746852] Downloading: c_10320980_12_24000_4bd_2025
[1746852] Reprojecting: c_10320980_12_24000_4bd_2025
[1746852] Downloading: c_10350980_12_24000_4bd_2025
[1746852] Reprojecting: c_10350980_12_24000_4bd_2025
[1746852] Downloading: c_10380980_12_24000_4bd_2025
[1746852] Reprojecting: c_10380980_12_24000_4bd_2025
[1746852] Downloading: c_10410980_12_24000_4bd_2025
[1746852] Reprojecting: c_10410980_12_24000_4bd_2025
[1746852] Downloading: c_10440980_12_24000_4bd_2025
[1746852] Reprojecting: c_10440980_12_24000_4bd_2025
[1746852] Downloading: c_10470980_12_24000_4bd_2025
[1746852] Reprojecting: c_10470980_12_24000_4bd_2025
[1746852] Downloading: c_10500980_12_24000_4bd_2025
[1746852] Reprojecting: c_10500980_12_24000_4bd_2025
[1746852] Downloading: c_10530980_12_24000_4bd_2025
[1746852] Reprojecting: c_10530980_12_24000_4bd_2025
[1746852] Downloading: c_10560980_12_24000_4bd_2025
[1746852] Reprojecting: c_10560980_12_24000_4bd_2025
[1746852] Downloading: c_10590980_12_24000_4bd_2025
[1746852] Reprojecting: c_10590980_12_24000_4bd_2025
[1746852] Downloading: c_10620980_12_24000_4bd_2025
[1746852] Reprojecting: c_10620980_12_24000_4bd_2025
[1746852] Downloading: c_10650980_12_24000_4bd_2025
[1746852] Reprojecting: c_10650980_12_24000_4bd_2025
[1746852] Downloading: c_10680980_12_24000_4bd_2025
[1746852] Reprojecting: c_10680980_12_24000_4bd_2025
[1746852] Downloading: c_10710980_12_24000_4bd_2025
[1746852] Reprojecting: c_10710980_12_24000_4bd_2025
[1746852] Downloading: c_10740980_12_24000_4bd_2025
[1746852] Reprojecting: c_10740980_12_24000_4bd_2025
[1746852] Downloading: c_10770980_12_24000_4bd_2025
[1746852] Reprojecting: c_10770980_12_24000_4bd_2025
[1746852] Downloading: c_10800980_12_24000_4bd_2025
[1746852] Reprojecting: c_10800980_12_24000_4bd_2025
[1746852] Downloading: c_10830980_12_24000_4bd_2025
[1746852] Reprojecting: c_10830980_12_24000_4bd_2025
[1746852] Downloading: c_10860980_12_24000_4bd_2025
[1746852] Reprojecting: c_10860980_12_24000_4bd_2025
[1746852] Downloading: c_10890980_12_24000_4bd_2025
[1746852] Reprojecting: c_10890980_12_24000_4bd_2025
[1746852] Downloading: c_10920980_12_24000_4bd_2025
[1746852] Reprojecting: c_10920980_12_24000_4bd_2025
[1746852] Downloading: c_10950980_12_24000_4bd_2025
[1746852] Reprojecting: c_10950980_12_24000_4bd_2025
[1746852] Downloading: c_10980980_12_24000_4bd_2025
[1746852] Reprojecting: c_10980980_12_24000_4bd_2025
[1746852] Downloading: c_11010980_12_24000_4bd_2025
[1746852] Reprojecting: c_11010980_12_24000_4bd_2025
[1746852] Downloading: c_11040980_12_24000_4bd_2025
[1746852] Reprojecting: c_11040980_12_24000_4bd_2025
[1746852] Skipping (exists): c_11070980_12_24000_4bd_2025
[1746852] Downloading: c_10200982_12_24000_4bd_2025
[1746852] Reprojecting: c_10200982_12_24000_4bd_2025
[1746852] Downloading: c_10230982_12_24000_4bd_2025
[1746852] Reprojecting: c_10230982_12_24000_4bd_2025
[1746852] Downloading: c_10260982_12_24000_4bd_2025
[1746852] Reprojecting: c_10260982_12_24000_4bd_2025
[1746852] Downloading: c_10290982_12_24000_4bd_2025
[1746852] Reprojecting: c_10290982_12_24000_4bd_2025
[1746852] Downloading: c_10320982_12_24000_4bd_2025
[1746852] Reprojecting: c_10320982_12_24000_4bd_2025
[1746852] Downloading: c_10350982_12_24000_4bd_2025
[1746852] Reprojecting: c_10350982_12_24000_4bd_2025
[1746852] Downloading: c_10380982_12_24000_4bd_2025
[1746852] Reprojecting: c_10380982_12_24000_4bd_2025
[1746852] Downloading: c_10410982_12_24000_4bd_2025
[1746852] Reprojecting: c_10410982_12_24000_4bd_2025
[1746852] Downloading: c_10440982_12_24000_4bd_2025
[1746852] Reprojecting: c_10440982_12_24000_4bd_2025
[1746852] Downloading: c_10470982_12_24000_4bd_2025
[1746852] Reprojecting: c_10470982_12_24000_4bd_2025
[1746852] Downloading: c_10500982_12_24000_4bd_2025
[1746852] Reprojecting: c_10500982_12_24000_4bd_2025
[1746852] Downloading: c_10530982_12_24000_4bd_2025
[1746852] Reprojecting: c_10530982_12_24000_4bd_2025
[1746852] Downloading: c_10560982_12_24000_4bd_2025
[1746852] Reprojecting: c_10560982_12_24000_4bd_2025
[1746852] Downloading: c_10590982_12_24000_4bd_2025
[1746852] Reprojecting: c_10590982_12_24000_4bd_2025
[1746852] Downloading: c_10620982_12_24000_4bd_2025
[1746852] Reprojecting: c_10620982_12_24000_4bd_2025
[1746852] Downloading: c_10650982_12_24000_4bd_2025
[1746852] Reprojecting: c_10650982_12_24000_4bd_2025
[1746852] Downloading: c_10680982_12_24000_4bd_2025
[1746852] Reprojecting: c_10680982_12_24000_4bd_2025
[1746852] Downloading: c_10710982_12_24000_4bd_2025
[1746852] Reprojecting: c_10710982_12_24000_4bd_2025
[1746852] Downloading: c_10740982_12_24000_4bd_2025
[1746852] Reprojecting: c_10740982_12_24000_4bd_2025
[1746852] Downloading: c_10770982_12_24000_4bd_2025
[1746852] Reprojecting: c_10770982_12_24000_4bd_2025
[1746852] Downloading: c_10800982_12_24000_4bd_2025
[1746852] Reprojecting: c_10800982_12_24000_4bd_2025
[1746852] Downloading: c_10830982_12_24000_4bd_2025
[1746852] Reprojecting: c_10830982_12_24000_4bd_2025
[1746852] Downloading: c_10860982_12_24000_4bd_2025
[1746852] Reprojecting: c_10860982_12_24000_4bd_2025
[1746852] Downloading: c_10890982_12_24000_4bd_2025
[1746852] Reprojecting: c_10890982_12_24000_4bd_2025
[1746852] Downloading: c_10920982_12_24000_4bd_2025
[1746852] Reprojecting: c_10920982_12_24000_4bd_2025
[1746852] Downloading: c_10950982_12_24000_4bd_2025
[1746852] Reprojecting: c_10950982_12_24000_4bd_2025
[1746852] Downloading: c_10980982_12_24000_4bd_2025
[1746852] Reprojecting: c_10980982_12_24000_4bd_2025
[1746852] Downloading: c_11010982_12_24000_4bd_2025
[1746852] Reprojecting: c_11010982_12_24000_4bd_2025
[1746852] Downloading: c_11040982_12_24000_4bd_2025
[1746852] Reprojecting: c_11040982_12_24000_4bd_2025
[1746852] Skipping (exists): c_11070982_12_24000_4bd_2025
[1746852] Downloading: c_10230984_12_24000_4bd_2025
[1746852] Reprojecting: c_10230984_12_24000_4bd_2025
[1746852] Downloading: c_10260984_12_24000_4bd_2025
[1746852] Reprojecting: c_10260984_12_24000_4bd_2025
[1746852] Downloading: c_10290984_12_24000_4bd_2025
[1746852] Reprojecting: c_10290984_12_24000_4bd_2025
[1746852] Downloading: c_10320984_12_24000_4bd_2025
[1746852] Reprojecting: c_10320984_12_24000_4bd_2025
[1746852] Downloading: c_10350984_12_24000_4bd_2025
[1746852] Reprojecting: c_10350984_12_24000_4bd_2025
[1746852] Downloading: c_10380984_12_24000_4bd_2025
[1746852] Reprojecting: c_10380984_12_24000_4bd_2025
[1746852] Downloading: c_10410984_12_24000_4bd_2025
[1746852] Reprojecting: c_10410984_12_24000_4bd_2025
[1746852] Downloading: c_10440984_12_24000_4bd_2025
[1746852] Reprojecting: c_10440984_12_24000_4bd_2025
[1746852] Downloading: c_10470984_12_24000_4bd_2025
[1746852] Reprojecting: c_10470984_12_24000_4bd_2025
[1746852] Downloading: c_10500984_12_24000_4bd_2025
[1746852] Reprojecting: c_10500984_12_24000_4bd_2025
[1746852] Downloading: c_10530984_12_24000_4bd_2025
[1746852] Reprojecting: c_10530984_12_24000_4bd_2025
[1746852] Downloading: c_10560984_12_24000_4bd_2025
[1746852] Reprojecting: c_10560984_12_24000_4bd_2025
[1746852] Downloading: c_10590984_12_24000_4bd_2025
[1746852] Reprojecting: c_10590984_12_24000_4bd_2025
[1746852] Downloading: c_10620984_12_24000_4bd_2025
[1746852] Reprojecting: c_10620984_12_24000_4bd_2025
[1746852] Downloading: c_10650984_12_24000_4bd_2025
[1746852] Reprojecting: c_10650984_12_24000_4bd_2025
[1746852] Downloading: c_10680984_12_24000_4bd_2025
[1746852] Reprojecting: c_10680984_12_24000_4bd_2025
[1746852] Downloading: c_10710984_12_24000_4bd_2025
[1746852] Reprojecting: c_10710984_12_24000_4bd_2025
[1746852] Downloading: c_10740984_12_24000_4bd_2025
[1746852] Reprojecting: c_10740984_12_24000_4bd_2025
[1746852] Downloading: c_10770984_12_24000_4bd_2025
[1746852] Reprojecting: c_10770984_12_24000_4bd_2025
[1746852] Downloading: c_10800984_12_24000_4bd_2025
[1746852] Reprojecting: c_10800984_12_24000_4bd_2025
[1746852] Downloading: c_10830984_12_24000_4bd_2025
[1746852] Reprojecting: c_10830984_12_24000_4bd_2025
[1746852] Downloading: c_10860984_12_24000_4bd_2025
[1746852] Reprojecting: c_10860984_12_24000_4bd_2025
[1746852] Downloading: c_10890984_12_24000_4bd_2025
[1746852] Reprojecting: c_10890984_12_24000_4bd_2025
[1746852] Downloading: c_10920984_12_24000_4bd_2025
[1746852] Reprojecting: c_10920984_12_24000_4bd_2025
[1746852] Downloading: c_10950984_12_24000_4bd_2025
[1746852] Reprojecting: c_10950984_12_24000_4bd_2025
[1746852] Downloading: c_10980984_12_24000_4bd_2025
[1746852] Reprojecting: c_10980984_12_24000_4bd_2025
[1746852] Downloading: c_11010984_12_24000_4bd_2025
[1746852] Reprojecting: c_11010984_12_24000_4bd_2025
[1746852] Downloading: c_11040984_12_24000_4bd_2025
[1746852] Reprojecting: c_11040984_12_24000_4bd_2025
[1746852] Skipping (exists): c_11070984_12_24000_4bd_2025
[1746852] Downloading: c_10230986_12_24000_4bd_2025
[1746852] Reprojecting: c_10230986_12_24000_4bd_2025
[1746852] Downloading: c_10260986_12_24000_4bd_2025
[1746852] Reprojecting: c_10260986_12_24000_4bd_2025
[1746852] Downloading: c_10290986_12_24000_4bd_2025
[1746852] Reprojecting: c_10290986_12_24000_4bd_2025
[1746852] Downloading: c_10320986_12_24000_4bd_2025
[1746852] Reprojecting: c_10320986_12_24000_4bd_2025
[1746852] Downloading: c_10350986_12_24000_4bd_2025
[1746852] Reprojecting: c_10350986_12_24000_4bd_2025
[1746852] Downloading: c_10380986_12_24000_4bd_2025
[1746852] Reprojecting: c_10380986_12_24000_4bd_2025
[1746852] Downloading: c_10410986_12_24000_4bd_2025
[1746852] Reprojecting: c_10410986_12_24000_4bd_2025
[1746852] Downloading: c_10440986_12_24000_4bd_2025
[1746852] Reprojecting: c_10440986_12_24000_4bd_2025
[1746852] Downloading: c_10470986_12_24000_4bd_2025
[1746852] Reprojecting: c_10470986_12_24000_4bd_2025
[1746852] Downloading: c_10500986_12_24000_4bd_2025
[1746852] Reprojecting: c_10500986_12_24000_4bd_2025
[1746852] Downloading: c_10530986_12_24000_4bd_2025
[1746852] Reprojecting: c_10530986_12_24000_4bd_2025
[1746852] Downloading: c_10560986_12_24000_4bd_2025
[1746852] Reprojecting: c_10560986_12_24000_4bd_2025
[1746852] Downloading: c_10590986_12_24000_4bd_2025
[1746852] Reprojecting: c_10590986_12_24000_4bd_2025
[1746852] Downloading: c_10620986_12_24000_4bd_2025
[1746852] Reprojecting: c_10620986_12_24000_4bd_2025
[1746852] Downloading: c_10650986_12_24000_4bd_2025
[1746852] Reprojecting: c_10650986_12_24000_4bd_2025
[1746852] Downloading: c_10680986_12_24000_4bd_2025
[1746852] Reprojecting: c_10680986_12_24000_4bd_2025
[1746852] Downloading: c_10710986_12_24000_4bd_2025
[1746852] Reprojecting: c_10710986_12_24000_4bd_2025
[1746852] Downloading: c_10740986_12_24000_4bd_2025
[1746852] Reprojecting: c_10740986_12_24000_4bd_2025
[1746852] Downloading: c_10770986_12_24000_4bd_2025
[1746852] Reprojecting: c_10770986_12_24000_4bd_2025
[1746852] Downloading: c_10800986_12_24000_4bd_2025
[1746852] Reprojecting: c_10800986_12_24000_4bd_2025
[1746852] Downloading: c_10830986_12_24000_4bd_2025
[1746852] Reprojecting: c_10830986_12_24000_4bd_2025
[1746852] Downloading: c_10860986_12_24000_4bd_2025
[1746852] Reprojecting: c_10860986_12_24000_4bd_2025
[1746852] Downloading: c_10890986_12_24000_4bd_2025
[1746852] Reprojecting: c_10890986_12_24000_4bd_2025
[1746852] Downloading: c_10920986_12_24000_4bd_2025
[1746852] Reprojecting: c_10920986_12_24000_4bd_2025
[1746852] Downloading: c_10950986_12_24000_4bd_2025
[1746852] Reprojecting: c_10950986_12_24000_4bd_2025
[1746852] Downloading: c_10980986_12_24000_4bd_2025
[1746852] Reprojecting: c_10980986_12_24000_4bd_2025
[1746852] Downloading: c_11010986_12_24000_4bd_2025
[1746852] Reprojecting: c_11010986_12_24000_4bd_2025
[1746852] Downloading: c_11040986_12_24000_4bd_2025
[1746852] Reprojecting: c_11040986_12_24000_4bd_2025
[1746852] Skipping (exists): c_11070986_12_24000_4bd_2025
[1746852] Downloading: c_10230988_12_24000_4bd_2025
[1746852] Reprojecting: c_10230988_12_24000_4bd_2025
[1746852] Downloading: c_10260988_12_24000_4bd_2025
[1746852] Reprojecting: c_10260988_12_24000_4bd_2025
[1746852] Downloading: c_10290988_12_24000_4bd_2025
[1746852] Reprojecting: c_10290988_12_24000_4bd_2025
[1746852] Downloading: c_10320988_12_24000_4bd_2025
[1746852] Reprojecting: c_10320988_12_24000_4bd_2025
[1746852] Downloading: c_10350988_12_24000_4bd_2025
[1746852] Reprojecting: c_10350988_12_24000_4bd_2025
[1746852] Downloading: c_10380988_12_24000_4bd_2025
[1746852] Reprojecting: c_10380988_12_24000_4bd_2025
[1746852] Downloading: c_10410988_12_24000_4bd_2025
[1746852] Reprojecting: c_10410988_12_24000_4bd_2025
[1746852] Downloading: c_10440988_12_24000_4bd_2025
[1746852] Reprojecting: c_10440988_12_24000_4bd_2025
[1746852] Downloading: c_10470988_12_24000_4bd_2025
[1746852] Reprojecting: c_10470988_12_24000_4bd_2025
[1746852] Downloading: c_10500988_12_24000_4bd_2025
[1746852] Reprojecting: c_10500988_12_24000_4bd_2025
[1746852] Downloading: c_10530988_12_24000_4bd_2025
[1746852] Reprojecting: c_10530988_12_24000_4bd_2025
[1746852] Downloading: c_10560988_12_24000_4bd_2025
[1746852] Reprojecting: c_10560988_12_24000_4bd_2025
[1746852] Downloading: c_10590988_12_24000_4bd_2025
[1746852] Reprojecting: c_10590988_12_24000_4bd_2025
[1746852] Downloading: c_10620988_12_24000_4bd_2025
[1746852] Reprojecting: c_10620988_12_24000_4bd_2025
[1746852] Downloading: c_10650988_12_24000_4bd_2025
[1746852] Reprojecting: c_10650988_12_24000_4bd_2025
[1746852] Downloading: c_10680988_12_24000_4bd_2025
[1746852] Reprojecting: c_10680988_12_24000_4bd_2025
[1746852] Downloading: c_10710988_12_24000_4bd_2025
[1746852] Reprojecting: c_10710988_12_24000_4bd_2025
[1746852] Downloading: c_10740988_12_24000_4bd_2025
[1746852] Reprojecting: c_10740988_12_24000_4bd_2025
[1746852] Downloading: c_10770988_12_24000_4bd_2025
[1746852] Reprojecting: c_10770988_12_24000_4bd_2025
[1746852] Downloading: c_10800988_12_24000_4bd_2025
[1746852] Reprojecting: c_10800988_12_24000_4bd_2025
[1746852] Downloading: c_10830988_12_24000_4bd_2025
[1746852] Reprojecting: c_10830988_12_24000_4bd_2025
[1746852] Downloading: c_10860988_12_24000_4bd_2025
[1746852] Reprojecting: c_10860988_12_24000_4bd_2025
[1746852] Downloading: c_10890988_12_24000_4bd_2025
[1746852] Reprojecting: c_10890988_12_24000_4bd_2025
[1746852] Downloading: c_10920988_12_24000_4bd_2025
[1746852] Reprojecting: c_10920988_12_24000_4bd_2025
[1746852] Downloading: c_10950988_12_24000_4bd_2025
[1746852] Reprojecting: c_10950988_12_24000_4bd_2025
[1746852] Downloading: c_10980988_12_24000_4bd_2025
[1746852] Reprojecting: c_10980988_12_24000_4bd_2025
[1746852] Downloading: c_11010988_12_24000_4bd_2025
[1746852] Reprojecting: c_11010988_12_24000_4bd_2025
[1746852] Downloading: c_11040988_12_24000_4bd_2025
[1746852] Reprojecting: c_11040988_12_24000_4bd_2025
[1746852] Skipping (exists): c_11070988_12_24000_4bd_2025
[1746852] Downloading: c_10230990_12_24000_4bd_2025
[1746852] Reprojecting: c_10230990_12_24000_4bd_2025
[1746852] Downloading: c_10260990_12_24000_4bd_2025
[1746852] Reprojecting: c_10260990_12_24000_4bd_2025
[1746852] Downloading: c_10290990_12_24000_4bd_2025
[1746852] Reprojecting: c_10290990_12_24000_4bd_2025
[1746852] Downloading: c_10320990_12_24000_4bd_2025
[1746852] Reprojecting: c_10320990_12_24000_4bd_2025
[1746852] Downloading: c_10350990_12_24000_4bd_2025
[1746852] Reprojecting: c_10350990_12_24000_4bd_2025
[1746852] Downloading: c_10380990_12_24000_4bd_2025
[1746852] Reprojecting: c_10380990_12_24000_4bd_2025
[1746852] Downloading: c_10410990_12_24000_4bd_2025
[1746852] Reprojecting: c_10410990_12_24000_4bd_2025
[1746852] Downloading: c_10440990_12_24000_4bd_2025
[1746852] Reprojecting: c_10440990_12_24000_4bd_2025
[1746852] Downloading: c_10470990_12_24000_4bd_2025
[1746852] Reprojecting: c_10470990_12_24000_4bd_2025
[1746852] Downloading: c_10500990_12_24000_4bd_2025
[1746852] Reprojecting: c_10500990_12_24000_4bd_2025
[1746852] Downloading: c_10530990_12_24000_4bd_2025
[1746852] Reprojecting: c_10530990_12_24000_4bd_2025
[1746852] Downloading: c_10560990_12_24000_4bd_2025
[1746852] Reprojecting: c_10560990_12_24000_4bd_2025
[1746852] Downloading: c_10590990_12_24000_4bd_2025
[1746852] Reprojecting: c_10590990_12_24000_4bd_2025
[1746852] Downloading: c_10620990_12_24000_4bd_2025
[1746852] Reprojecting: c_10620990_12_24000_4bd_2025
[1746852] Downloading: c_10650990_12_24000_4bd_2025
[1746852] Reprojecting: c_10650990_12_24000_4bd_2025
[1746852] Downloading: c_10680990_12_24000_4bd_2025
[1746852] Reprojecting: c_10680990_12_24000_4bd_2025
[1746852] Downloading: c_10710990_12_24000_4bd_2025
[1746852] Reprojecting: c_10710990_12_24000_4bd_2025
[1746852] Downloading: c_10740990_12_24000_4bd_2025
[1746852] Reprojecting: c_10740990_12_24000_4bd_2025
[1746852] Downloading: c_10770990_12_24000_4bd_2025
[1746852] Reprojecting: c_10770990_12_24000_4bd_2025
[1746852] Downloading: c_10800990_12_24000_4bd_2025
[1746852] Reprojecting: c_10800990_12_24000_4bd_2025
[1746852] Downloading: c_10830990_12_24000_4bd_2025
[1746852] Reprojecting: c_10830990_12_24000_4bd_2025
[1746852] Downloading: c_10860990_12_24000_4bd_2025
[1746852] Reprojecting: c_10860990_12_24000_4bd_2025
[1746852] Downloading: c_10890990_12_24000_4bd_2025
[1746852] Reprojecting: c_10890990_12_24000_4bd_2025
[1746852] Downloading: c_10920990_12_24000_4bd_2025
[1746852] Reprojecting: c_10920990_12_24000_4bd_2025
[1746852] Downloading: c_10950990_12_24000_4bd_2025
[1746852] Reprojecting: c_10950990_12_24000_4bd_2025
[1746852] Skipping (exists): c_10980990_12_24000_4bd_2025
[1746852] Downloading: c_11010990_12_24000_4bd_2025
[1746852] Reprojecting: c_11010990_12_24000_4bd_2025
[1746852] Downloading: c_11040990_12_24000_4bd_2025
[1746852] Reprojecting: c_11040990_12_24000_4bd_2025
[1746852] Skipping (exists): c_11070990_12_24000_4bd_2025
[1746852] Downloading: c_10230992_12_24000_4bd_2025
[1746852] Reprojecting: c_10230992_12_24000_4bd_2025
[1746852] Downloading: c_10260992_12_24000_4bd_2025
[1746852] Reprojecting: c_10260992_12_24000_4bd_2025
[1746852] Downloading: c_10290992_12_24000_4bd_2025
[1746852] Reprojecting: c_10290992_12_24000_4bd_2025
[1746852] Downloading: c_10320992_12_24000_4bd_2025
[1746852] Reprojecting: c_10320992_12_24000_4bd_2025
[1746852] Downloading: c_10350992_12_24000_4bd_2025
[1746852] Reprojecting: c_10350992_12_24000_4bd_2025
[1746852] Downloading: c_10380992_12_24000_4bd_2025
[1746852] Reprojecting: c_10380992_12_24000_4bd_2025
[1746852] Downloading: c_10410992_12_24000_4bd_2025
[1746852] Reprojecting: c_10410992_12_24000_4bd_2025
[1746852] Downloading: c_10440992_12_24000_4bd_2025
[1746852] Reprojecting: c_10440992_12_24000_4bd_2025
[1746852] Downloading: c_10470992_12_24000_4bd_2025
[1746852] Reprojecting: c_10470992_12_24000_4bd_2025
[1746852] Downloading: c_10500992_12_24000_4bd_2025
[1746852] Reprojecting: c_10500992_12_24000_4bd_2025
[1746852] Downloading: c_10530992_12_24000_4bd_2025
[1746852] Reprojecting: c_10530992_12_24000_4bd_2025
[1746852] Downloading: c_10560992_12_24000_4bd_2025
[1746852] Reprojecting: c_10560992_12_24000_4bd_2025
[1746852] Downloading: c_10590992_12_24000_4bd_2025
[1746852] Reprojecting: c_10590992_12_24000_4bd_2025
[1746852] Downloading: c_10620992_12_24000_4bd_2025
[1746852] Reprojecting: c_10620992_12_24000_4bd_2025
[1746852] Downloading: c_10650992_12_24000_4bd_2025
[1746852] Reprojecting: c_10650992_12_24000_4bd_2025
[1746852] Downloading: c_10680992_12_24000_4bd_2025
[1746852] Reprojecting: c_10680992_12_24000_4bd_2025
[1746852] Downloading: c_10710992_12_24000_4bd_2025
[1746852] Reprojecting: c_10710992_12_24000_4bd_2025
[1746852] Downloading: c_10740992_12_24000_4bd_2025
[1746852] Reprojecting: c_10740992_12_24000_4bd_2025
[1746852] Downloading: c_10770992_12_24000_4bd_2025
[1746852] Reprojecting: c_10770992_12_24000_4bd_2025
[1746852] Downloading: c_10800992_12_24000_4bd_2025
[1746852] Reprojecting: c_10800992_12_24000_4bd_2025
[1746852] Downloading: c_10830992_12_24000_4bd_2025
[1746852] Reprojecting: c_10830992_12_24000_4bd_2025
[1746852] Downloading: c_10860992_12_24000_4bd_2025
[1746852] Reprojecting: c_10860992_12_24000_4bd_2025
[1746852] Downloading: c_10890992_12_24000_4bd_2025
[1746852] Reprojecting: c_10890992_12_24000_4bd_2025
[1746852] Downloading: c_10920992_12_24000_4bd_2025
[1746852] Reprojecting: c_10920992_12_24000_4bd_2025
[1746852] Downloading: c_10950992_12_24000_4bd_2025
[1746852] Reprojecting: c_10950992_12_24000_4bd_2025
[1746852] Skipping (exists): c_10980992_12_24000_4bd_2025
[1746852] Skipping (exists): c_11010992_12_24000_4bd_2025
[1746852] Downloading: c_11040992_12_24000_4bd_2025
[1746852] Reprojecting: c_11040992_12_24000_4bd_2025
[1746852] Skipping (exists): c_11070992_12_24000_4bd_2025
[1746852] Downloading: c_10230994_12_24000_4bd_2025
[1746852] Reprojecting: c_10230994_12_24000_4bd_2025
[1746852] Downloading: c_10260994_12_24000_4bd_2025
[1746852] Reprojecting: c_10260994_12_24000_4bd_2025
[1746852] Downloading: c_10290994_12_24000_4bd_2025
[1746852] Reprojecting: c_10290994_12_24000_4bd_2025
[1746852] Downloading: c_10320994_12_24000_4bd_2025
[1746852] Reprojecting: c_10320994_12_24000_4bd_2025
[1746852] Downloading: c_10350994_12_24000_4bd_2025
[1746852] Reprojecting: c_10350994_12_24000_4bd_2025
[1746852] Downloading: c_10380994_12_24000_4bd_2025
[1746852] Reprojecting: c_10380994_12_24000_4bd_2025
[1746852] Downloading: c_10410994_12_24000_4bd_2025
[1746852] Reprojecting: c_10410994_12_24000_4bd_2025
[1746852] Downloading: c_10440994_12_24000_4bd_2025
[1746852] Reprojecting: c_10440994_12_24000_4bd_2025
[1746852] Downloading: c_10470994_12_24000_4bd_2025
[1746852] Reprojecting: c_10470994_12_24000_4bd_2025
[1746852] Downloading: c_10500994_12_24000_4bd_2025
[1746852] Reprojecting: c_10500994_12_24000_4bd_2025
[1746852] Downloading: c_10530994_12_24000_4bd_2025
[1746852] Reprojecting: c_10530994_12_24000_4bd_2025
[1746852] Downloading: c_10560994_12_24000_4bd_2025
[1746852] Reprojecting: c_10560994_12_24000_4bd_2025
[1746852] Downloading: c_10590994_12_24000_4bd_2025
[1746852] Reprojecting: c_10590994_12_24000_4bd_2025
[1746852] Downloading: c_10620994_12_24000_4bd_2025
[1746852] Reprojecting: c_10620994_12_24000_4bd_2025
[1746852] Downloading: c_10650994_12_24000_4bd_2025
[1746852] Reprojecting: c_10650994_12_24000_4bd_2025
[1746852] Downloading: c_10680994_12_24000_4bd_2025
[1746852] Reprojecting: c_10680994_12_24000_4bd_2025
[1746852] Downloading: c_10710994_12_24000_4bd_2025
[1746852] Reprojecting: c_10710994_12_24000_4bd_2025
[1746852] Downloading: c_10740994_12_24000_4bd_2025
[1746852] Reprojecting: c_10740994_12_24000_4bd_2025
[1746852] Downloading: c_10770994_12_24000_4bd_2025
[1746852] Reprojecting: c_10770994_12_24000_4bd_2025
[1746852] Downloading: c_10800994_12_24000_4bd_2025
[1746852] Reprojecting: c_10800994_12_24000_4bd_2025
[1746852] Downloading: c_10830994_12_24000_4bd_2025
[1746852] Reprojecting: c_10830994_12_24000_4bd_2025
[1746852] Downloading: c_10860994_12_24000_4bd_2025
[1746852] Reprojecting: c_10860994_12_24000_4bd_2025
[1746852] Downloading: c_10890994_12_24000_4bd_2025
[1746852] Reprojecting: c_10890994_12_24000_4bd_2025
[1746852] Downloading: c_10920994_12_24000_4bd_2025
[1746852] Reprojecting: c_10920994_12_24000_4bd_2025
[1746852] Downloading: c_10950994_12_24000_4bd_2025
[1746852] Reprojecting: c_10950994_12_24000_4bd_2025
[1746852] Skipping (exists): c_10980994_12_24000_4bd_2025
[1746852] Skipping (exists): c_11010994_12_24000_4bd_2025
[1746852] Skipping (exists): c_11040994_12_24000_4bd_2025
[1746852] Skipping (exists): c_11070994_12_24000_4bd_2025
[1746852] Downloading: c_10320996_12_24000_4bd_2025
[1746852] Reprojecting: c_10320996_12_24000_4bd_2025
[1746852] Downloading: c_10350996_12_24000_4bd_2025
[1746852] Reprojecting: c_10350996_12_24000_4bd_2025
[1746852] Downloading: c_10380996_12_24000_4bd_2025
[1746852] Reprojecting: c_10380996_12_24000_4bd_2025
[1746852] Downloading: c_10410996_12_24000_4bd_2025
[1746852] Reprojecting: c_10410996_12_24000_4bd_2025
[1746852] Downloading: c_10440996_12_24000_4bd_2025
[1746852] Reprojecting: c_10440996_12_24000_4bd_2025
[1746852] Downloading: c_10470996_12_24000_4bd_2025
[1746852] Reprojecting: c_10470996_12_24000_4bd_2025
[1746852] Downloading: c_10500996_12_24000_4bd_2025
[1746852] Reprojecting: c_10500996_12_24000_4bd_2025
[1746852] Downloading: c_10530996_12_24000_4bd_2025
[1746852] Reprojecting: c_10530996_12_24000_4bd_2025
[1746852] Downloading: c_10560996_12_24000_4bd_2025
[1746852] Reprojecting: c_10560996_12_24000_4bd_2025
[1746852] Downloading: c_10590996_12_24000_4bd_2025
[1746852] Reprojecting: c_10590996_12_24000_4bd_2025
[1746852] Downloading: c_10620996_12_24000_4bd_2025
[1746852] Reprojecting: c_10620996_12_24000_4bd_2025
[1746852] Downloading: c_10650996_12_24000_4bd_2025
[1746852] Reprojecting: c_10650996_12_24000_4bd_2025
[1746852] Downloading: c_10680996_12_24000_4bd_2025
[1746852] Reprojecting: c_10680996_12_24000_4bd_2025
[1746852] Downloading: c_10710996_12_24000_4bd_2025
[1746852] Reprojecting: c_10710996_12_24000_4bd_2025
[1746852] Downloading: c_10740996_12_24000_4bd_2025
[1746852] Reprojecting: c_10740996_12_24000_4bd_2025
[1746852] Downloading: c_10770996_12_24000_4bd_2025
[1746852] Reprojecting: c_10770996_12_24000_4bd_2025
[1746852] Downloading: c_10800996_12_24000_4bd_2025
[1746852] Reprojecting: c_10800996_12_24000_4bd_2025
[1746852] Downloading: c_10830996_12_24000_4bd_2025
[1746852] Reprojecting: c_10830996_12_24000_4bd_2025
[1746852] Downloading: c_10860996_12_24000_4bd_2025
[1746852] Reprojecting: c_10860996_12_24000_4bd_2025
[1746852] Downloading: c_10890996_12_24000_4bd_2025
[1746852] Reprojecting: c_10890996_12_24000_4bd_2025
[1746852] Downloading: c_10920996_12_24000_4bd_2025
[1746852] Reprojecting: c_10920996_12_24000_4bd_2025
[1746852] Downloading: c_10950996_12_24000_4bd_2025
[1746852] Reprojecting: c_10950996_12_24000_4bd_2025
[1746852] Skipping (exists): c_10980996_12_24000_4bd_2025
[1746852] Skipping (exists): c_11040996_12_24000_4bd_2025
[1746852] Downloading: c_10590998_12_24000_4bd_2025
[1746852] Reprojecting: c_10590998_12_24000_4bd_2025
[1746852] Downloading: c_10620998_12_24000_4bd_2025
[1746852] Reprojecting: c_10620998_12_24000_4bd_2025
[1746852] Downloading: c_10650998_12_24000_4bd_2025
[1746852] Reprojecting: c_10650998_12_24000_4bd_2025
[1746852] Downloading: c_10680998_12_24000_4bd_2025
[1746852] Reprojecting: c_10680998_12_24000_4bd_2025
[1746852] Downloading: c_10710998_12_24000_4bd_2025
[1746852] Reprojecting: c_10710998_12_24000_4bd_2025
[1746852] Downloading: c_10740998_12_24000_4bd_2025
[1746852] Reprojecting: c_10740998_12_24000_4bd_2025
[1746852] Downloading: c_10770998_12_24000_4bd_2025
[1746852] Reprojecting: c_10770998_12_24000_4bd_2025
[1746852] Downloading: c_10800998_12_24000_4bd_2025
[1746852] Reprojecting: c_10800998_12_24000_4bd_2025
[1746852] Downloading: c_10830998_12_24000_4bd_2025
[1746852] Reprojecting: c_10830998_12_24000_4bd_2025
[1746852] Downloading: c_10860998_12_24000_4bd_2025
[1746852] Reprojecting: c_10860998_12_24000_4bd_2025
[1746852] Downloading: c_10890998_12_24000_4bd_2025
[1746852] Reprojecting: c_10890998_12_24000_4bd_2025
[1746852] Downloading: c_10920998_12_24000_4bd_2025
[1746852] Reprojecting: c_10920998_12_24000_4bd_2025
[1746852] Downloading: c_10950998_12_24000_4bd_2025
[1746852] Reprojecting: c_10950998_12_24000_4bd_2025
[1746852] Skipping (exists): c_10980998_12_24000_4bd_2025
[1746852] Downloading: c_10891000_12_24000_4bd_2025
[1746852] Reprojecting: c_10891000_12_24000_4bd_2025
[1746852] Downloading: c_10921000_12_24000_4bd_2025
[1746852] Reprojecting: c_10921000_12_24000_4bd_2025
[1746852] Downloading: c_10951000_12_24000_4bd_2025
[1746852] Reprojecting: c_10951000_12_24000_4bd_2025
[1746852] Skipping (exists): c_10981000_12_24000_4bd_2025
[1746852] Downloading: c_10230996_12_19000_4bd_2022
[1746852] Reprojecting: c_10230996_12_19000_4bd_2022
[1746852] Downloading: c_10260996_12_19000_4bd_2022
[1746852] Reprojecting: c_10260996_12_19000_4bd_2022
[1746852] Downloading: c_10290996_12_19000_4bd_2022
[1746852] Reprojecting: c_10290996_12_19000_4bd_2022
[1746852] Downloading: c_10230998_12_19000_4bd_2022
[1746852] Reprojecting: c_10230998_12_19000_4bd_2022
[1746852] Downloading: c_10260998_12_19000_4bd_2022
[1746852] Reprojecting: c_10260998_12_19000_4bd_2022
[1746852] Downloading: c_10290998_12_19000_4bd_2022
[1746852] Reprojecting: c_10290998_12_19000_4bd_2022
[1746852] Downloading: c_10320998_12_19000_4bd_2022
[1746852] Reprojecting: c_10320998_12_19000_4bd_2022
[1746852] Downloading: c_10350998_12_19000_4bd_2022
[1746852] Reprojecting: c_10350998_12_19000_4bd_2022
[1746852] Downloading: c_10380998_12_19000_4bd_2022
[1746852] Reprojecting: c_10380998_12_19000_4bd_2022
[1746852] Downloading: c_10410998_12_19000_4bd_2022
[1746852] Reprojecting: c_10410998_12_19000_4bd_2022
[1746852] Downloading: c_10440998_12_19000_4bd_2022
[1746852] Reprojecting: c_10440998_12_19000_4bd_2022
[1746852] Downloading: c_10470998_12_19000_4bd_2022
[1746852] Reprojecting: c_10470998_12_19000_4bd_2022
[1746852] Downloading: c_10500998_12_19000_4bd_2022
[1746852] Reprojecting: c_10500998_12_19000_4bd_2022
[1746852] Downloading: c_10530998_12_19000_4bd_2022
[1746852] Reprojecting: c_10530998_12_19000_4bd_2022
[1746852] Downloading: c_10560998_12_19000_4bd_2022
[1746852] Reprojecting: c_10560998_12_19000_4bd_2022
[1746852] Downloading: c_10261000_12_19000_4bd_2022
[1746852] Reprojecting: c_10261000_12_19000_4bd_2022
[1746852] Downloading: c_10291000_12_19000_4bd_2022
[1746852] Reprojecting: c_10291000_12_19000_4bd_2022
[1746852] Downloading: c_10321000_12_19000_4bd_2022
[1746852] Reprojecting: c_10321000_12_19000_4bd_2022
[1746852] Downloading: c_10351000_12_19000_4bd_2022
[1746852] Reprojecting: c_10351000_12_19000_4bd_2022
[1746852] Downloading: c_10381000_12_19000_4bd_2022
[1746852] Reprojecting: c_10381000_12_19000_4bd_2022
[1746852] Downloading: c_10411000_12_19000_4bd_2022
[1746852] Reprojecting: c_10411000_12_19000_4bd_2022
[1746852] Downloading: c_10441000_12_19000_4bd_2022
[1746852] Reprojecting: c_10441000_12_19000_4bd_2022
[1746852] Downloading: c_10471000_12_19000_4bd_2022
[1746852] Reprojecting: c_10471000_12_19000_4bd_2022
[1746852] Downloading: c_10501000_12_19000_4bd_2022
[1746852] Reprojecting: c_10501000_12_19000_4bd_2022
[1746852] Downloading: c_10531000_12_19000_4bd_2022
[1746852] Reprojecting: c_10531000_12_19000_4bd_2022
[1746852] Downloading: c_10561000_12_19000_4bd_2022
[1746852] Reprojecting: c_10561000_12_19000_4bd_2022
[1746852] Downloading: c_10591000_12_19000_4bd_2022
[1746852] Reprojecting: c_10591000_12_19000_4bd_2022
[1746852] Downloading: c_10621000_12_19000_4bd_2022
[1746852] Reprojecting: c_10621000_12_19000_4bd_2022
[1746852] Downloading: c_10651000_12_19000_4bd_2022
[1746852] Reprojecting: c_10651000_12_19000_4bd_2022
[1746852] Downloading: c_10681000_12_19000_4bd_2022
[1746852] Reprojecting: c_10681000_12_19000_4bd_2022
[1746852] Downloading: c_10711000_12_19000_4bd_2022
[1746852] Reprojecting: c_10711000_12_19000_4bd_2022
[1746852] Downloading: c_10741000_12_19000_4bd_2022
[1746852] Reprojecting: c_10741000_12_19000_4bd_2022
[1746852] Downloading: c_10771000_12_19000_4bd_2022
[1746852] Reprojecting: c_10771000_12_19000_4bd_2022
[1746852] Downloading: c_10801000_12_19000_4bd_2022
[1746852] Reprojecting: c_10801000_12_19000_4bd_2022
[1746852] Downloading: c_10831000_12_19000_4bd_2022
[1746852] Reprojecting: c_10831000_12_19000_4bd_2022
[1746852] Downloading: c_10861000_12_19000_4bd_2022
[1746852] Reprojecting: c_10861000_12_19000_4bd_2022
[1746852] Downloading: c_10261002_12_19000_4bd_2022
[1746852] Reprojecting: c_10261002_12_19000_4bd_2022
[1746852] Downloading: c_10291002_12_19000_4bd_2022
[1746852] Reprojecting: c_10291002_12_19000_4bd_2022
[1746852] Downloading: c_10321002_12_19000_4bd_2022
[1746852] Reprojecting: c_10321002_12_19000_4bd_2022
[1746852] Downloading: c_10351002_12_19000_4bd_2022
[1746852] Reprojecting: c_10351002_12_19000_4bd_2022
[1746852] Downloading: c_10381002_12_19000_4bd_2022
[1746852] Reprojecting: c_10381002_12_19000_4bd_2022
[1746852] Downloading: c_10411002_12_19000_4bd_2022
[1746852] Reprojecting: c_10411002_12_19000_4bd_2022
[1746852] Downloading: c_10441002_12_19000_4bd_2022
[1746852] Reprojecting: c_10441002_12_19000_4bd_2022
[1746852] Downloading: c_10471002_12_19000_4bd_2022
[1746852] Reprojecting: c_10471002_12_19000_4bd_2022
[1746852] Downloading: c_10501002_12_19000_4bd_2022
[1746852] Reprojecting: c_10501002_12_19000_4bd_2022
[1746852] Downloading: c_10531002_12_19000_4bd_2022
[1746852] Reprojecting: c_10531002_12_19000_4bd_2022
[1746852] Downloading: c_10561002_12_19000_4bd_2022
[1746852] Reprojecting: c_10561002_12_19000_4bd_2022
[1746852] Downloading: c_10591002_12_19000_4bd_2022
[1746852] Reprojecting: c_10591002_12_19000_4bd_2022
[1746852] Downloading: c_10621002_12_19000_4bd_2022
[1746852] Reprojecting: c_10621002_12_19000_4bd_2022
[1746852] Downloading: c_10651002_12_19000_4bd_2022
[1746852] Reprojecting: c_10651002_12_19000_4bd_2022
[1746852] Downloading: c_10681002_12_19000_4bd_2022
[1746852] Reprojecting: c_10681002_12_19000_4bd_2022
[1746852] Downloading: c_10711002_12_19000_4bd_2022
[1746852] Reprojecting: c_10711002_12_19000_4bd_2022
[1746852] Downloading: c_10741002_12_19000_4bd_2022
[1746852] Reprojecting: c_10741002_12_19000_4bd_2022
[1746852] Downloading: c_10771002_12_19000_4bd_2022
[1746852] Reprojecting: c_10771002_12_19000_4bd_2022
[1746852] Downloading: c_10801002_12_19000_4bd_2022
[1746852] Reprojecting: c_10801002_12_19000_4bd_2022
[1746852] Downloading: c_10831002_12_19000_4bd_2022
[1746852] Reprojecting: c_10831002_12_19000_4bd_2022
[1746852] Downloading: c_10861002_12_19000_4bd_2022
[1746852] Reprojecting: c_10861002_12_19000_4bd_2022
[1746852] Downloading: c_10891002_12_19000_4bd_2022
[1746852] Reprojecting: c_10891002_12_19000_4bd_2022
[1746852] Skipping (exists): c_10921002_12_19000_4bd_2022
[1746852] Skipping (exists): c_10951002_12_19000_4bd_2022
[1746852] Skipping (exists): c_10981002_12_19000_4bd_2022
[1746852] Downloading: c_10291004_12_19000_4bd_2022
[1746852] Reprojecting: c_10291004_12_19000_4bd_2022
[1746852] Downloading: c_10321004_12_19000_4bd_2022
[1746852] Reprojecting: c_10321004_12_19000_4bd_2022
[1746852] Downloading: c_10351004_12_19000_4bd_2022
[1746852] Reprojecting: c_10351004_12_19000_4bd_2022
[1746852] Downloading: c_10381004_12_19000_4bd_2022
[1746852] Reprojecting: c_10381004_12_19000_4bd_2022
[1746852] Downloading: c_10411004_12_19000_4bd_2022
[1746852] Reprojecting: c_10411004_12_19000_4bd_2022
[1746852] Downloading: c_10441004_12_19000_4bd_2022
[1746852] Reprojecting: c_10441004_12_19000_4bd_2022
[1746852] Downloading: c_10471004_12_19000_4bd_2022
[1746852] Reprojecting: c_10471004_12_19000_4bd_2022
[1746852] Downloading: c_10501004_12_19000_4bd_2022
[1746852] Reprojecting: c_10501004_12_19000_4bd_2022
[1746852] Downloading: c_10531004_12_19000_4bd_2022
[1746852] Reprojecting: c_10531004_12_19000_4bd_2022
[1746852] Downloading: c_10561004_12_19000_4bd_2022
[1746852] Reprojecting: c_10561004_12_19000_4bd_2022
[1746852] Downloading: c_10591004_12_19000_4bd_2022
[1746852] Reprojecting: c_10591004_12_19000_4bd_2022
[1746852] Downloading: c_10621004_12_19000_4bd_2022
[1746852] Reprojecting: c_10621004_12_19000_4bd_2022
[1746852] Downloading: c_10651004_12_19000_4bd_2022
[1746852] Reprojecting: c_10651004_12_19000_4bd_2022
[1746852] Downloading: c_10681004_12_19000_4bd_2022
[1746852] Reprojecting: c_10681004_12_19000_4bd_2022
[1746852] Downloading: c_10711004_12_19000_4bd_2022
[1746852] Reprojecting: c_10711004_12_19000_4bd_2022
[1746852] Downloading: c_10741004_12_19000_4bd_2022
[1746852] Reprojecting: c_10741004_12_19000_4bd_2022
[1746852] Downloading: c_10771004_12_19000_4bd_2022
[1746852] Reprojecting: c_10771004_12_19000_4bd_2022
[1746852] Downloading: c_10801004_12_19000_4bd_2022
[1746852] Reprojecting: c_10801004_12_19000_4bd_2022
[1746852] Downloading: c_10831004_12_19000_4bd_2022
[1746852] Reprojecting: c_10831004_12_19000_4bd_2022
[1746852] Downloading: c_10861004_12_19000_4bd_2022
[1746852] Reprojecting: c_10861004_12_19000_4bd_2022
[1746852] Downloading: c_10891004_12_19000_4bd_2022
[1746852] Reprojecting: c_10891004_12_19000_4bd_2022
[1746852] Skipping (exists): c_10921004_12_19000_4bd_2022
[1746852] Skipping (exists): c_10951004_12_19000_4bd_2022
[1746852] Skipping (exists): c_10981004_12_19000_4bd_2022
[1746852] Downloading: c_10291006_12_19000_4bd_2022
[1746852] Reprojecting: c_10291006_12_19000_4bd_2022
[1746852] Downloading: c_10321006_12_19000_4bd_2022
[1746852] Reprojecting: c_10321006_12_19000_4bd_2022
[1746852] Downloading: c_10351006_12_19000_4bd_2022
[1746852] Reprojecting: c_10351006_12_19000_4bd_2022
[1746852] Downloading: c_10381006_12_19000_4bd_2022
[1746852] Reprojecting: c_10381006_12_19000_4bd_2022
[1746852] Downloading: c_10411006_12_19000_4bd_2022
[1746852] Reprojecting: c_10411006_12_19000_4bd_2022
[1746852] Downloading: c_10441006_12_19000_4bd_2022
[1746852] Reprojecting: c_10441006_12_19000_4bd_2022
[1746852] Downloading: c_10471006_12_19000_4bd_2022
[1746852] Reprojecting: c_10471006_12_19000_4bd_2022
[1746852] Downloading: c_10501006_12_19000_4bd_2022
[1746852] Reprojecting: c_10501006_12_19000_4bd_2022
[1746852] Downloading: c_10531006_12_19000_4bd_2022
[1746852] Reprojecting: c_10531006_12_19000_4bd_2022
[1746852] Downloading: c_10561006_12_19000_4bd_2022
[1746852] Reprojecting: c_10561006_12_19000_4bd_2022
[1746852] Downloading: c_10591006_12_19000_4bd_2022
[1746852] Reprojecting: c_10591006_12_19000_4bd_2022
[1746852] Downloading: c_10621006_12_19000_4bd_2022
[1746852] Reprojecting: c_10621006_12_19000_4bd_2022
[1746852] Downloading: c_10651006_12_19000_4bd_2022
[1746852] Reprojecting: c_10651006_12_19000_4bd_2022
[1746852] Downloading: c_10681006_12_19000_4bd_2022
[1746852] Reprojecting: c_10681006_12_19000_4bd_2022
[1746852] Downloading: c_10711006_12_19000_4bd_2022
[1746852] Reprojecting: c_10711006_12_19000_4bd_2022
[1746852] Downloading: c_10741006_12_19000_4bd_2022
[1746852] Reprojecting: c_10741006_12_19000_4bd_2022
[1746852] Downloading: c_10771006_12_19000_4bd_2022
[1746852] Reprojecting: c_10771006_12_19000_4bd_2022
[1746852] Downloading: c_10801006_12_19000_4bd_2022
[1746852] Reprojecting: c_10801006_12_19000_4bd_2022
[1746852] Downloading: c_10831006_12_19000_4bd_2022
[1746852] Reprojecting: c_10831006_12_19000_4bd_2022
[1746852] Downloading: c_10861006_12_19000_4bd_2022
[1746852] Reprojecting: c_10861006_12_19000_4bd_2022
[1746852] Skipping (exists): c_10891006_12_19000_4bd_2022
[1746852] Skipping (exists): c_10921006_12_19000_4bd_2022
[1746852] Downloading: c_10321008_12_19000_4bd_2022
[1746852] Reprojecting: c_10321008_12_19000_4bd_2022
[1746852] Downloading: c_10351008_12_19000_4bd_2022
[1746852] Reprojecting: c_10351008_12_19000_4bd_2022
[1746852] Downloading: c_10381008_12_19000_4bd_2022
[1746852] Reprojecting: c_10381008_12_19000_4bd_2022
[1746852] Downloading: c_10411008_12_19000_4bd_2022
[1746852] Reprojecting: c_10411008_12_19000_4bd_2022
[1746852] Downloading: c_10441008_12_19000_4bd_2022
[1746852] Reprojecting: c_10441008_12_19000_4bd_2022
[1746852] Downloading: c_10471008_12_19000_4bd_2022
[1746852] Reprojecting: c_10471008_12_19000_4bd_2022
[1746852] Downloading: c_10501008_12_19000_4bd_2022
[1746852] Reprojecting: c_10501008_12_19000_4bd_2022
[1746852] Downloading: c_10531008_12_19000_4bd_2022
[1746852] Reprojecting: c_10531008_12_19000_4bd_2022
[1746852] Downloading: c_10561008_12_19000_4bd_2022
[1746852] Reprojecting: c_10561008_12_19000_4bd_2022
[1746852] Downloading: c_10591008_12_19000_4bd_2022
[1746852] Reprojecting: c_10591008_12_19000_4bd_2022
[1746852] Downloading: c_10621008_12_19000_4bd_2022
[1746852] Reprojecting: c_10621008_12_19000_4bd_2022
[1746852] Downloading: c_10651008_12_19000_4bd_2022
[1746852] Reprojecting: c_10651008_12_19000_4bd_2022
[1746852] Downloading: c_10681008_12_19000_4bd_2022
[1746852] Reprojecting: c_10681008_12_19000_4bd_2022
[1746852] Downloading: c_10711008_12_19000_4bd_2022
[1746852] Reprojecting: c_10711008_12_19000_4bd_2022
[1746852] Downloading: c_10741008_12_19000_4bd_2022
[1746852] Reprojecting: c_10741008_12_19000_4bd_2022
[1746852] Downloading: c_10771008_12_19000_4bd_2022
[1746852] Reprojecting: c_10771008_12_19000_4bd_2022
[1746852] Downloading: c_10801008_12_19000_4bd_2022
[1746852] Reprojecting: c_10801008_12_19000_4bd_2022
[1746852] Downloading: c_10831008_12_19000_4bd_2022
[1746852] Reprojecting: c_10831008_12_19000_4bd_2022
[1746852] Downloading: c_10861008_12_19000_4bd_2022
[1746852] Reprojecting: c_10861008_12_19000_4bd_2022
[1746852] Skipping (exists): c_10891008_12_19000_4bd_2022
[1746852] Downloading: c_10321010_12_19000_4bd_2022
[1746852] Reprojecting: c_10321010_12_19000_4bd_2022
[1746852] Downloading: c_10351010_12_19000_4bd_2022
[1746852] Reprojecting: c_10351010_12_19000_4bd_2022
[1746852] Downloading: c_10381010_12_19000_4bd_2022
[1746852] Reprojecting: c_10381010_12_19000_4bd_2022
[1746852] Downloading: c_10411010_12_19000_4bd_2022
[1746852] Reprojecting: c_10411010_12_19000_4bd_2022
[1746852] Downloading: c_10441010_12_19000_4bd_2022
[1746852] Reprojecting: c_10441010_12_19000_4bd_2022
[1746852] Downloading: c_10471010_12_19000_4bd_2022
[1746852] Reprojecting: c_10471010_12_19000_4bd_2022
[1746852] Downloading: c_10501010_12_19000_4bd_2022
[1746852] Reprojecting: c_10501010_12_19000_4bd_2022
[1746852] Downloading: c_10531010_12_19000_4bd_2022
[1746852] Reprojecting: c_10531010_12_19000_4bd_2022
[1746852] Downloading: c_10561010_12_19000_4bd_2022
[1746852] Reprojecting: c_10561010_12_19000_4bd_2022
[1746852] Downloading: c_10591010_12_19000_4bd_2022
[1746852] Reprojecting: c_10591010_12_19000_4bd_2022
[1746852] Downloading: c_10621010_12_19000_4bd_2022
[1746852] Reprojecting: c_10621010_12_19000_4bd_2022
[1746852] Downloading: c_10651010_12_19000_4bd_2022
[1746852] Reprojecting: c_10651010_12_19000_4bd_2022
[1746852] Downloading: c_10681010_12_19000_4bd_2022
[1746852] Reprojecting: c_10681010_12_19000_4bd_2022
[1746852] Downloading: c_10711010_12_19000_4bd_2022
[1746852] Reprojecting: c_10711010_12_19000_4bd_2022
[1746852] Downloading: c_10741010_12_19000_4bd_2022
[1746852] Reprojecting: c_10741010_12_19000_4bd_2022
[1746852] Downloading: c_10771010_12_19000_4bd_2022
[1746852] Reprojecting: c_10771010_12_19000_4bd_2022
[1746852] Downloading: c_10801010_12_19000_4bd_2022
[1746852] Reprojecting: c_10801010_12_19000_4bd_2022
[1746852] Downloading: c_10831010_12_19000_4bd_2022
[1746852] Reprojecting: c_10831010_12_19000_4bd_2022
[1746852] Skipping (exists): c_10861010_12_19000_4bd_2022
[1746852] Skipping (exists): c_10891010_12_19000_4bd_2022
[1746852] Downloading: c_10321012_12_19000_4bd_2022
[1746852] Reprojecting: c_10321012_12_19000_4bd_2022
[1746852] Downloading: c_10351012_12_19000_4bd_2022
[1746852] Reprojecting: c_10351012_12_19000_4bd_2022
[1746852] Downloading: c_10381012_12_19000_4bd_2022
[1746852] Reprojecting: c_10381012_12_19000_4bd_2022
[1746852] Downloading: c_10411012_12_19000_4bd_2022
[1746852] Reprojecting: c_10411012_12_19000_4bd_2022
[1746852] Downloading: c_10441012_12_19000_4bd_2022
[1746852] Reprojecting: c_10441012_12_19000_4bd_2022
[1746852] Downloading: c_10471012_12_19000_4bd_2022
[1746852] Reprojecting: c_10471012_12_19000_4bd_2022
[1746852] Downloading: c_10501012_12_19000_4bd_2022
[1746852] Reprojecting: c_10501012_12_19000_4bd_2022
[1746852] Downloading: c_10531012_12_19000_4bd_2022
[1746852] Reprojecting: c_10531012_12_19000_4bd_2022
[1746852] Downloading: c_10561012_12_19000_4bd_2022
[1746852] Reprojecting: c_10561012_12_19000_4bd_2022
[1746852] Downloading: c_10591012_12_19000_4bd_2022
[1746852] Reprojecting: c_10591012_12_19000_4bd_2022
[1746852] Downloading: c_10621012_12_19000_4bd_2022
[1746852] Reprojecting: c_10621012_12_19000_4bd_2022
[1746852] Downloading: c_10651012_12_19000_4bd_2022
[1746852] Reprojecting: c_10651012_12_19000_4bd_2022
[1746852] Downloading: c_10681012_12_19000_4bd_2022
[1746852] Reprojecting: c_10681012_12_19000_4bd_2022
[1746852] Downloading: c_10711012_12_19000_4bd_2022
[1746852] Reprojecting: c_10711012_12_19000_4bd_2022
[1746852] Downloading: c_10741012_12_19000_4bd_2022
[1746852] Reprojecting: c_10741012_12_19000_4bd_2022
[1746852] Downloading: c_10771012_12_19000_4bd_2022
[1746852] Reprojecting: c_10771012_12_19000_4bd_2022
[1746852] Downloading: c_10801012_12_19000_4bd_2022
[1746852] Reprojecting: c_10801012_12_19000_4bd_2022
[1746852] Skipping (exists): c_10831012_12_19000_4bd_2022
[1746852] Skipping (exists): c_10861012_12_19000_4bd_2022
[1746852] Downloading: c_10321014_12_19000_4bd_2022
[1746852] Reprojecting: c_10321014_12_19000_4bd_2022
[1746852] Downloading: c_10351014_12_19000_4bd_2022
[1746852] Reprojecting: c_10351014_12_19000_4bd_2022
[1746852] Downloading: c_10381014_12_19000_4bd_2022
[1746852] Reprojecting: c_10381014_12_19000_4bd_2022
[1746852] Downloading: c_10411014_12_19000_4bd_2022
[1746852] Reprojecting: c_10411014_12_19000_4bd_2022
[1746852] Downloading: c_10441014_12_19000_4bd_2022
[1746852] Reprojecting: c_10441014_12_19000_4bd_2022
[1746852] Downloading: c_10471014_12_19000_4bd_2022
[1746852] Reprojecting: c_10471014_12_19000_4bd_2022
[1746852] Downloading: c_10501014_12_19000_4bd_2022
[1746852] Reprojecting: c_10501014_12_19000_4bd_2022
[1746852] Downloading: c_10531014_12_19000_4bd_2022
[1746852] Reprojecting: c_10531014_12_19000_4bd_2022
[1746852] Downloading: c_10561014_12_19000_4bd_2022
[1746852] Reprojecting: c_10561014_12_19000_4bd_2022
[1746852] Downloading: c_10591014_12_19000_4bd_2022
[1746852] Reprojecting: c_10591014_12_19000_4bd_2022
[1746852] Downloading: c_10621014_12_19000_4bd_2022
[1746852] Reprojecting: c_10621014_12_19000_4bd_2022
[1746852] Downloading: c_10651014_12_19000_4bd_2022
[1746852] Reprojecting: c_10651014_12_19000_4bd_2022
[1746852] Downloading: c_10681014_12_19000_4bd_2022
[1746852] Reprojecting: c_10681014_12_19000_4bd_2022
[1746852] Downloading: c_10711014_12_19000_4bd_2022
[1746852] Reprojecting: c_10711014_12_19000_4bd_2022
[1746852] Downloading: c_10741014_12_19000_4bd_2022
[1746852] Reprojecting: c_10741014_12_19000_4bd_2022
[1746852] Downloading: c_10771014_12_19000_4bd_2022
[1746852] Reprojecting: c_10771014_12_19000_4bd_2022
[1746852] Downloading: c_10801014_12_19000_4bd_2022
[1746852] Reprojecting: c_10801014_12_19000_4bd_2022
[1746852] Skipping (exists): c_10831014_12_19000_4bd_2022
[1746852] Downloading: c_10321016_12_19000_4bd_2022
[1746852] Reprojecting: c_10321016_12_19000_4bd_2022
[1746852] Downloading: c_10351016_12_19000_4bd_2022
[1746852] Reprojecting: c_10351016_12_19000_4bd_2022
[1746852] Downloading: c_10381016_12_19000_4bd_2022
[1746852] Reprojecting: c_10381016_12_19000_4bd_2022
[1746852] Downloading: c_10411016_12_19000_4bd_2022
[1746852] Reprojecting: c_10411016_12_19000_4bd_2022
[1746852] Downloading: c_10441016_12_19000_4bd_2022
[1746852] Reprojecting: c_10441016_12_19000_4bd_2022
[1746852] Downloading: c_10471016_12_19000_4bd_2022
[1746852] Reprojecting: c_10471016_12_19000_4bd_2022
[1746852] Downloading: c_10501016_12_19000_4bd_2022
[1746852] Reprojecting: c_10501016_12_19000_4bd_2022
[1746852] Downloading: c_10531016_12_19000_4bd_2022
[1746852] Reprojecting: c_10531016_12_19000_4bd_2022
[1746852] Downloading: c_10561016_12_19000_4bd_2022
[1746852] Reprojecting: c_10561016_12_19000_4bd_2022
[1746852] Downloading: c_10591016_12_19000_4bd_2022
[1746852] Reprojecting: c_10591016_12_19000_4bd_2022
[1746852] Downloading: c_10621016_12_19000_4bd_2022
[1746852] Reprojecting: c_10621016_12_19000_4bd_2022
[1746852] Downloading: c_10651016_12_19000_4bd_2022
[1746852] Reprojecting: c_10651016_12_19000_4bd_2022
[1746852] Downloading: c_10681016_12_19000_4bd_2022
[1746852] Reprojecting: c_10681016_12_19000_4bd_2022
[1746852] Downloading: c_10711016_12_19000_4bd_2022
[1746852] Reprojecting: c_10711016_12_19000_4bd_2022
[1746852] Skipping (exists): c_10741016_12_19000_4bd_2022
[1746852] Skipping (exists): c_10771016_12_19000_4bd_2022
[1746852] Skipping (exists): c_10801016_12_19000_4bd_2022
[1746852] Skipping (exists): c_10831016_12_19000_4bd_2022
[1746852] Downloading: c_10321018_12_19000_4bd_2022
[1746852] Reprojecting: c_10321018_12_19000_4bd_2022
[1746852] Downloading: c_10351018_12_19000_4bd_2022
[1746852] Reprojecting: c_10351018_12_19000_4bd_2022
[1746852] Downloading: c_10381018_12_19000_4bd_2022
[1746852] Reprojecting: c_10381018_12_19000_4bd_2022
[1746852] Downloading: c_10411018_12_19000_4bd_2022
[1746852] Reprojecting: c_10411018_12_19000_4bd_2022
[1746852] Downloading: c_10441018_12_19000_4bd_2022
[1746852] Reprojecting: c_10441018_12_19000_4bd_2022
[1746852] Downloading: c_10471018_12_19000_4bd_2022
[1746852] Reprojecting: c_10471018_12_19000_4bd_2022
[1746852] Downloading: c_10501018_12_19000_4bd_2022
[1746852] Reprojecting: c_10501018_12_19000_4bd_2022
[1746852] Downloading: c_10531018_12_19000_4bd_2022
[1746852] Reprojecting: c_10531018_12_19000_4bd_2022
[1746852] Downloading: c_10561018_12_19000_4bd_2022
[1746852] Reprojecting: c_10561018_12_19000_4bd_2022
[1746852] Downloading: c_10591018_12_19000_4bd_2022
[1746852] Reprojecting: c_10591018_12_19000_4bd_2022
[1746852] Downloading: c_10621018_12_19000_4bd_2022
[1746852] Reprojecting: c_10621018_12_19000_4bd_2022
[1746852] Downloading: c_10651018_12_19000_4bd_2022
[1746852] Reprojecting: c_10651018_12_19000_4bd_2022
[1746852] Downloading: c_10681018_12_19000_4bd_2022
[1746852] Reprojecting: c_10681018_12_19000_4bd_2022
[1746852] Skipping (exists): c_10711018_12_19000_4bd_2022
[1746852] Skipping (exists): c_10741018_12_19000_4bd_2022
[1746852] Skipping (exists): c_10801018_12_19000_4bd_2022
[1746852] Skipping (exists): c_10831018_12_19000_4bd_2022
[1746852] Downloading: c_10321020_12_19000_4bd_2022
[1746852] Reprojecting: c_10321020_12_19000_4bd_2022
[1746852] Downloading: c_10351020_12_19000_4bd_2022
[1746852] Reprojecting: c_10351020_12_19000_4bd_2022
[1746852] Downloading: c_10381020_12_19000_4bd_2022
[1746852] Reprojecting: c_10381020_12_19000_4bd_2022
[1746852] Downloading: c_10411020_12_19000_4bd_2022
[1746852] Reprojecting: c_10411020_12_19000_4bd_2022
[1746852] Downloading: c_10441020_12_19000_4bd_2022
[1746852] Reprojecting: c_10441020_12_19000_4bd_2022
[1746852] Downloading: c_10471020_12_19000_4bd_2022
[1746852] Reprojecting: c_10471020_12_19000_4bd_2022
[1746852] Downloading: c_10501020_12_19000_4bd_2022
[1746852] Reprojecting: c_10501020_12_19000_4bd_2022
[1746852] Downloading: c_10531020_12_19000_4bd_2022
[1746852] Reprojecting: c_10531020_12_19000_4bd_2022
[1746852] Downloading: c_10561020_12_19000_4bd_2022
[1746852] Reprojecting: c_10561020_12_19000_4bd_2022
[1746852] Downloading: c_10591020_12_19000_4bd_2022
[1746852] Reprojecting: c_10591020_12_19000_4bd_2022
[1746852] Downloading: c_10621020_12_19000_4bd_2022
[1746852] Reprojecting: c_10621020_12_19000_4bd_2022
[1746852] Downloading: c_10651020_12_19000_4bd_2022
[1746852] Reprojecting: c_10651020_12_19000_4bd_2022
[1746852] Skipping (exists): c_10681020_12_19000_4bd_2022
[1746852] Skipping (exists): c_10711020_12_19000_4bd_2022
[1746852] Downloading: c_10351022_12_19000_4bd_2022
[1746852] Reprojecting: c_10351022_12_19000_4bd_2022
[1746852] Downloading: c_10381022_12_19000_4bd_2022
[1746852] Reprojecting: c_10381022_12_19000_4bd_2022
[1746852] Downloading: c_10411022_12_19000_4bd_2022
[1746852] Reprojecting: c_10411022_12_19000_4bd_2022
[1746852] Downloading: c_10441022_12_19000_4bd_2022
[1746852] Reprojecting: c_10441022_12_19000_4bd_2022
[1746852] Downloading: c_10471022_12_19000_4bd_2022
[1746852] Reprojecting: c_10471022_12_19000_4bd_2022
[1746852] Downloading: c_10501022_12_19000_4bd_2022
[1746852] Reprojecting: c_10501022_12_19000_4bd_2022
[1746852] Downloading: c_10531022_12_19000_4bd_2022
[1746852] Reprojecting: c_10531022_12_19000_4bd_2022
[1746852] Downloading: c_10561022_12_19000_4bd_2022
[1746852] Reprojecting: c_10561022_12_19000_4bd_2022
[1746852] Downloading: c_10591022_12_19000_4bd_2022
[1746852] Reprojecting: c_10591022_12_19000_4bd_2022
[1746852] Downloading: c_10621022_12_19000_4bd_2022
[1746852] Reprojecting: c_10621022_12_19000_4bd_2022
[1746852] Downloading: c_10651022_12_19000_4bd_2022
[1746852] Reprojecting: c_10651022_12_19000_4bd_2022
[1746852] Skipping (exists): c_10681022_12_19000_4bd_2022
[1746852] Downloading: c_10351024_12_19000_4bd_2022
[1746852] Reprojecting: c_10351024_12_19000_4bd_2022
[1746852] Downloading: c_10381024_12_19000_4bd_2022
[1746852] Reprojecting: c_10381024_12_19000_4bd_2022
[1746852] Downloading: c_10411024_12_19000_4bd_2022
[1746852] Reprojecting: c_10411024_12_19000_4bd_2022
[1746852] Downloading: c_10441024_12_19000_4bd_2022
[1746852] Reprojecting: c_10441024_12_19000_4bd_2022
[1746852] Downloading: c_10471024_12_19000_4bd_2022
[1746852] Reprojecting: c_10471024_12_19000_4bd_2022
[1746852] Downloading: c_10501024_12_19000_4bd_2022
[1746852] Reprojecting: c_10501024_12_19000_4bd_2022
[1746852] Downloading: c_10531024_12_19000_4bd_2022
[1746852] Reprojecting: c_10531024_12_19000_4bd_2022
[1746852] Downloading: c_10561024_12_19000_4bd_2022
[1746852] Reprojecting: c_10561024_12_19000_4bd_2022
[1746852] Downloading: c_10591024_12_19000_4bd_2022
[1746852] Reprojecting: c_10591024_12_19000_4bd_2022
[1746852] Downloading: c_10621024_12_19000_4bd_2022
[1746852] Reprojecting: c_10621024_12_19000_4bd_2022
[1746852] Skipping (exists): c_10651024_12_19000_4bd_2022
[1746852] Skipping (exists): c_10681024_12_19000_4bd_2022
[1746852] Downloading: c_10381026_12_19000_4bd_2022
[1746852] Reprojecting: c_10381026_12_19000_4bd_2022
[1746852] Downloading: c_10411026_12_19000_4bd_2022
[1746852] Reprojecting: c_10411026_12_19000_4bd_2022
[1746852] Downloading: c_10441026_12_19000_4bd_2022
[1746852] Reprojecting: c_10441026_12_19000_4bd_2022
[1746852] Downloading: c_10471026_12_19000_4bd_2022
[1746852] Reprojecting: c_10471026_12_19000_4bd_2022
[1746852] Downloading: c_10501026_12_19000_4bd_2022
[1746852] Reprojecting: c_10501026_12_19000_4bd_2022
[1746852] Downloading: c_10531026_12_19000_4bd_2022
[1746852] Reprojecting: c_10531026_12_19000_4bd_2022
[1746852] Downloading: c_10561026_12_19000_4bd_2022
[1746852] Reprojecting: c_10561026_12_19000_4bd_2022
[1746852] Downloading: c_10591026_12_19000_4bd_2022
[1746852] Reprojecting: c_10591026_12_19000_4bd_2022
[1746852] Downloading: c_10621026_12_19000_4bd_2022
[1746852] Reprojecting: c_10621026_12_19000_4bd_2022
[1746852] Skipping (exists): c_10651026_12_19000_4bd_2022
[1746852] Downloading: c_10381028_12_19000_4bd_2022
[1746852] Reprojecting: c_10381028_12_19000_4bd_2022
[1746852] Downloading: c_10411028_12_19000_4bd_2022
[1746852] Reprojecting: c_10411028_12_19000_4bd_2022
[1746852] Downloading: c_10441028_12_19000_4bd_2022
[1746852] Reprojecting: c_10441028_12_19000_4bd_2022
[1746852] Downloading: c_10471028_12_19000_4bd_2022
[1746852] Reprojecting: c_10471028_12_19000_4bd_2022
[1746852] Downloading: c_10501028_12_19000_4bd_2022
[1746852] Reprojecting: c_10501028_12_19000_4bd_2022
[1746852] Downloading: c_10531028_12_19000_4bd_2022
[1746852] Reprojecting: c_10531028_12_19000_4bd_2022
[1746852] Downloading: c_10561028_12_19000_4bd_2022
[1746852] Reprojecting: c_10561028_12_19000_4bd_2022
[1746852] Downloading: c_10591028_12_19000_4bd_2022
[1746852] Reprojecting: c_10591028_12_19000_4bd_2022
[1746852] Skipping (exists): c_10621028_12_19000_4bd_2022
[1746852] Skipping (exists): c_10651028_12_19000_4bd_2022
[1746852] Downloading: c_10381030_12_19000_4bd_2022
[1746852] Reprojecting: c_10381030_12_19000_4bd_2022
[1746852] Downloading: c_10411030_12_19000_4bd_2022
[1746852] Reprojecting: c_10411030_12_19000_4bd_2022
[1746852] Downloading: c_10441030_12_19000_4bd_2022
[1746852] Reprojecting: c_10441030_12_19000_4bd_2022
[1746852] Downloading: c_10471030_12_19000_4bd_2022
[1746852] Reprojecting: c_10471030_12_19000_4bd_2022
[1746852] Downloading: c_10501030_12_19000_4bd_2022
[1746852] Reprojecting: c_10501030_12_19000_4bd_2022
[1746852] Downloading: c_10531030_12_19000_4bd_2022
[1746852] Reprojecting: c_10531030_12_19000_4bd_2022
[1746852] Downloading: c_10561030_12_19000_4bd_2022
[1746852] Reprojecting: c_10561030_12_19000_4bd_2022
[1746852] Skipping (exists): c_10591030_12_19000_4bd_2022
[1746852] Skipping (exists): c_10621030_12_19000_4bd_2022
[1746852] Downloading: c_10351032_12_19000_4bd_2022
[1746852] Reprojecting: c_10351032_12_19000_4bd_2022
[1746852] Downloading: c_10381032_12_19000_4bd_2022
[1746852] Reprojecting: c_10381032_12_19000_4bd_2022
[1746852] Downloading: c_10411032_12_19000_4bd_2022
[1746852] Reprojecting: c_10411032_12_19000_4bd_2022
[1746852] Downloading: c_10441032_12_19000_4bd_2022
[1746852] Reprojecting: c_10441032_12_19000_4bd_2022
[1746852] Downloading: c_10471032_12_19000_4bd_2022
[1746852] Reprojecting: c_10471032_12_19000_4bd_2022
[1746852] Downloading: c_10501032_12_19000_4bd_2022
[1746852] Reprojecting: c_10501032_12_19000_4bd_2022
[1746852] Downloading: c_10531032_12_19000_4bd_2022
[1746852] Reprojecting: c_10531032_12_19000_4bd_2022
[1746852] Downloading: c_10561032_12_19000_4bd_2022
[1746852] Reprojecting: c_10561032_12_19000_4bd_2022
[1746852] Skipping (exists): c_10591032_12_19000_4bd_2022
[1746852] Downloading: c_10321034_12_19000_4bd_2022
[1746852] Reprojecting: c_10321034_12_19000_4bd_2022
[1746852] Downloading: c_10351034_12_19000_4bd_2022
[1746852] Reprojecting: c_10351034_12_19000_4bd_2022
[1746852] Downloading: c_10381034_12_19000_4bd_2022
[1746852] Reprojecting: c_10381034_12_19000_4bd_2022
[1746852] Downloading: c_10411034_12_19000_4bd_2022
[1746852] Reprojecting: c_10411034_12_19000_4bd_2022
[1746852] Downloading: c_10441034_12_19000_4bd_2022
[1746852] Reprojecting: c_10441034_12_19000_4bd_2022
[1746852] Skipping (exists): c_10471034_12_19000_4bd_2022
[1746852] Skipping (exists): c_10501034_12_19000_4bd_2022
[1746852] Skipping (exists): c_10531034_12_19000_4bd_2022
[1746852] Downloading: c_10561034_12_19000_4bd_2022
[1746852] Reprojecting: c_10561034_12_19000_4bd_2022
[1746852] Skipping (exists): c_10591034_12_19000_4bd_2022
[1746852] Downloading: c_10321036_12_19000_4bd_2022
[1746852] Reprojecting: c_10321036_12_19000_4bd_2022
[1746852] Downloading: c_10351036_12_19000_4bd_2022
[1746852] Reprojecting: c_10351036_12_19000_4bd_2022
[1746852] Downloading: c_10381036_12_19000_4bd_2022
[1746852] Reprojecting: c_10381036_12_19000_4bd_2022
[1746852] Downloading: c_10411036_12_19000_4bd_2022
[1746852] Reprojecting: c_10411036_12_19000_4bd_2022
[1746852] Downloading: c_10441036_12_19000_4bd_2022
[1746852] Reprojecting: c_10441036_12_19000_4bd_2022
[1746852] Skipping (exists): c_10471036_12_19000_4bd_2022
[1746852] Skipping (exists): c_10501036_12_19000_4bd_2022
[1746852] Skipping (exists): c_10531036_12_19000_4bd_2022
[1746852] Skipping (exists): c_10561036_12_19000_4bd_2022
[1746852] Skipping (exists): c_10591036_12_19000_4bd_2022
[1746852] Downloading: c_10351038_12_19000_4bd_2022
[1746852] Reprojecting: c_10351038_12_19000_4bd_2022
[1746852] Downloading: c_10381038_12_19000_4bd_2022
[1746852] Reprojecting: c_10381038_12_19000_4bd_2022
[1746852] Skipping (exists): c_10561038_12_19000_4bd_2022
[1746852] Skipping (exists): c_10591038_12_19000_4bd_2022
[1746852] Skipping (exists): c_10561040_12_19000_4bd_2022
[1746852] Skipping (exists): c_10591040_12_19000_4bd_2022

=== Done. 983/983 tiles processed. Imagery written to: Data/Ortho/Tiles ===
          used (Mb) gc trigger  (Mb) max used  (Mb)
Ncells 1609374 86.0    2885671 154.2  2885671 154.2
Vcells 2326126 17.8   12128313  92.6 11538192  88.1
