srun: Job 785047 step creation temporarily disabled, retrying (Requested nodes are busy)
srun: Job 785047 step creation still disabled, retrying (Requested nodes are busy)
srun: Job 785047 step creation still disabled, retrying (Requested nodes are busy)
srun: Job 785047 step creation still disabled, retrying (Requested nodes are busy)
srun: Job 785047 step creation still disabled, retrying (Requested nodes are busy)
srun: Job 785047 step creation still disabled, retrying (Requested nodes are busy)
srun: Job 785047 step creation still disabled, retrying (Requested nodes are busy)
srun: Job 785047 step creation still disabled, retrying (Requested nodes are busy)
srun: Job 785047 step creation still disabled, retrying (Requested nodes are busy)
srun: Step created for job 785047
Using libcurl 7.76.1 with OpenSSL/3.2.2
Linking to GEOS 3.13.1, GDAL 3.5.1, PROJ 8.2.0; sf_use_s2() is TRUE
WARNING: different compile-time and runtime versions for GEOS found:
Linked against: 3.13.1-CAPI-1.19.2 compiled against: 3.11.0-CAPI-1.17.0
It is probably a good idea to reinstall sf (and maybe lwgeom too)

Attaching package: ‘dplyr’

The following objects are masked from ‘package:stats’:

    filter, lag

The following objects are masked from ‘package:base’:

    intersect, setdiff, setequal, union

terra 1.9.27
WARNING: different compile-time and run-time versions of GEOS
Compiled with:3.11.0-CAPI-1.17.0
 Running with:3.13.1-CAPI-1.19.2

You should reinstall package 'terra'

=== NYS Orthoimagery Download Pipeline ===
  GPKG:     Data/NY_HUCS/NY_Cluster_Zones_250_CROP_NAomit_6347.gpkg
  Cluster:  84
  Year:     2024
  Bands:    4bd
  Output:   Data/Ortho/Tiles
  Workers:  1
  HUC12s in cluster: 10

Querying ortho tile indexes...
  Index years available for '4bd': 2008, 2009, 2010, 2011, 2012, 2013, 2014, 2015, 2016, 2017, 2018, 2020, 2021, 2022, 2023, 2024, 2025
  Querying year 2024 ...
  Matching index layers: ind24l_half_ft_4bd_nyc, ind24w_half_ft_4bd, ind24w_one_ft_4bd, ind24e_one_ft_4bd, ind24e_half_ft_4bd
  NOTE: source tiles span multiple native resolutions (half_ft, one_ft); all will be resampled to 1 m.
  Querying year 2025 ...
  Matching index layers: ind25e_one_ft_4bd, ind25e_half_ft_4bd, ind25c_half_ft_4bd, ind25c_one_ft_4bd
  NOTE: source tiles span multiple native resolutions (one_ft, half_ft); all will be resampled to 1 m.
    layer 2: 2007 bbox hits
  Year 2025: 1175 tiles selected
  Querying year 2023 ...
  Matching index layers: ind23e_half_ft_4bd, ind23w_one_ft_4bd, ind23c_one_ft_4bd, ind23l_half_ft_4bd, ind23w_half_ft_4bd
  NOTE: source tiles span multiple native resolutions (half_ft, one_ft); all will be resampled to 1 m.
    layer 11: 1060 bbox hits
  Year 2023: 596 tiles selected
  Years selected: 2025, 2023
Unique full-size tiles to process: 1771
[2128878] Skipping (exists): c_07140760_06_12600_4bd_2025
[2128878] Skipping (exists): c_07170760_06_12600_4bd_2025
[2128878] Skipping (exists): c_07200760_06_12600_4bd_2025
[2128878] Skipping (exists): c_07230760_06_12600_4bd_2025
[2128878] Skipping (exists): c_07260760_06_12600_4bd_2025
[2128878] Skipping (exists): c_07290760_06_12600_4bd_2025
[2128878] Skipping (exists): c_07140762_06_12600_4bd_2025
[2128878] Skipping (exists): c_07170762_06_12600_4bd_2025
[2128878] Skipping (exists): c_07200762_06_12600_4bd_2025
[2128878] Skipping (exists): c_07230762_06_12600_4bd_2025
[2128878] Skipping (exists): c_07260762_06_12600_4bd_2025
[2128878] Skipping (exists): c_07290762_06_12600_4bd_2025
[2128878] Skipping (exists): c_07140764_06_12600_4bd_2025
[2128878] Skipping (exists): c_07170764_06_12600_4bd_2025
[2128878] Skipping (exists): c_07200764_06_12600_4bd_2025
[2128878] Skipping (exists): c_07230764_06_12600_4bd_2025
[2128878] Skipping (exists): c_07260764_06_12600_4bd_2025
[2128878] Skipping (exists): c_07290764_06_12600_4bd_2025
[2128878] Skipping (exists): c_07140766_06_12600_4bd_2025
[2128878] Skipping (exists): c_07170766_06_12600_4bd_2025
[2128878] Skipping (exists): c_07200766_06_12600_4bd_2025
[2128878] Skipping (exists): c_07230766_06_12600_4bd_2025
[2128878] Skipping (exists): c_07260766_06_12600_4bd_2025
[2128878] Skipping (exists): c_07290766_06_12600_4bd_2025
[2128878] Skipping (exists): c_07140768_06_12600_4bd_2025
[2128878] Skipping (exists): c_07170768_06_12600_4bd_2025
[2128878] Skipping (exists): c_07200768_06_12600_4bd_2025
[2128878] Skipping (exists): c_07230768_06_12600_4bd_2025
[2128878] Skipping (exists): c_07260768_06_12600_4bd_2025
[2128878] Skipping (exists): c_07290768_06_12600_4bd_2025
[2128878] Skipping (exists): c_07140770_06_12600_4bd_2025
[2128878] Skipping (exists): c_07170770_06_12600_4bd_2025
[2128878] Skipping (exists): c_07200770_06_12600_4bd_2025
[2128878] Skipping (exists): c_07230770_06_12600_4bd_2025
[2128878] Skipping (exists): c_07260770_06_12600_4bd_2025
[2128878] Skipping (exists): c_07290770_06_12600_4bd_2025
[2128878] Skipping (exists): c_07320770_06_12600_4bd_2025
[2128878] Skipping (exists): c_07140772_06_12600_4bd_2025
[2128878] Skipping (exists): c_07170772_06_12600_4bd_2025
[2128878] Skipping (exists): c_07200772_06_12600_4bd_2025
[2128878] Skipping (exists): c_07230772_06_12600_4bd_2025
[2128878] Skipping (exists): c_07260772_06_12600_4bd_2025
[2128878] Skipping (exists): c_07290772_06_12600_4bd_2025
[2128878] Skipping (exists): c_07320772_06_12600_4bd_2025
[2128878] Skipping (exists): c_07140774_06_12600_4bd_2025
[2128878] Skipping (exists): c_07170774_06_12600_4bd_2025
[2128878] Skipping (exists): c_07200774_06_12600_4bd_2025
[2128878] Skipping (exists): c_07230774_06_12600_4bd_2025
[2128878] Skipping (exists): c_07260774_06_12600_4bd_2025
[2128878] Skipping (exists): c_07290774_06_12600_4bd_2025
[2128878] Skipping (exists): c_07320774_06_12600_4bd_2025
[2128878] Skipping (exists): c_07350774_06_12600_4bd_2025
[2128878] Skipping (exists): c_07140776_06_12600_4bd_2025
[2128878] Skipping (exists): c_07170776_06_12600_4bd_2025
[2128878] Skipping (exists): c_07200776_06_12600_4bd_2025
[2128878] Skipping (exists): c_07230776_06_12600_4bd_2025
[2128878] Skipping (exists): c_07260776_06_12600_4bd_2025
[2128878] Skipping (exists): c_07290776_06_12600_4bd_2025
[2128878] Skipping (exists): c_07320776_06_12600_4bd_2025
[2128878] Skipping (exists): c_07350776_06_12600_4bd_2025
[2128878] Skipping (exists): c_07380776_06_12600_4bd_2025
[2128878] Skipping (exists): c_07140778_06_12600_4bd_2025
[2128878] Skipping (exists): c_07170778_06_12600_4bd_2025
[2128878] Skipping (exists): c_07200778_06_12600_4bd_2025
[2128878] Skipping (exists): c_07230778_06_12600_4bd_2025
[2128878] Skipping (exists): c_07260778_06_12600_4bd_2025
[2128878] Skipping (exists): c_07290778_06_12600_4bd_2025
[2128878] Skipping (exists): c_07320778_06_12600_4bd_2025
[2128878] Skipping (exists): c_07350778_06_12600_4bd_2025
[2128878] Skipping (exists): c_07380778_06_12600_4bd_2025
[2128878] Skipping (exists): c_07140780_06_12600_4bd_2025
[2128878] Skipping (exists): c_07170780_06_12600_4bd_2025
[2128878] Skipping (exists): c_07200780_06_12600_4bd_2025
[2128878] Skipping (exists): c_07230780_06_12600_4bd_2025
[2128878] Skipping (exists): c_07260780_06_12600_4bd_2025
[2128878] Skipping (exists): c_07290780_06_12600_4bd_2025
[2128878] Skipping (exists): c_07320780_06_12600_4bd_2025
[2128878] Skipping (exists): c_07350780_06_12600_4bd_2025
[2128878] Skipping (exists): c_07380780_06_12600_4bd_2025
[2128878] Skipping (exists): c_07410780_06_12600_4bd_2025
[2128878] Skipping (exists): c_07140782_06_12600_4bd_2025
[2128878] Skipping (exists): c_07170782_06_12600_4bd_2025
[2128878] Skipping (exists): c_07200782_06_12600_4bd_2025
[2128878] Skipping (exists): c_07230782_06_12600_4bd_2025
[2128878] Skipping (exists): c_07260782_06_12600_4bd_2025
[2128878] Skipping (exists): c_07290782_06_12600_4bd_2025
[2128878] Skipping (exists): c_07320782_06_12600_4bd_2025
[2128878] Skipping (exists): c_07350782_06_12600_4bd_2025
[2128878] Skipping (exists): c_07380782_06_12600_4bd_2025
[2128878] Skipping (exists): c_07410782_06_12600_4bd_2025
[2128878] Skipping (exists): c_07440782_06_12600_4bd_2025
[2128878] Skipping (exists): c_07470782_06_12600_4bd_2025
[2128878] Skipping (exists): c_07140784_06_12600_4bd_2025
[2128878] Skipping (exists): c_07170784_06_12600_4bd_2025
[2128878] Skipping (exists): c_07200784_06_12600_4bd_2025
[2128878] Skipping (exists): c_07230784_06_12600_4bd_2025
[2128878] Skipping (exists): c_07260784_06_12600_4bd_2025
[2128878] Skipping (exists): c_07290784_06_12600_4bd_2025
[2128878] Skipping (exists): c_07320784_06_12600_4bd_2025
[2128878] Skipping (exists): c_07350784_06_12600_4bd_2025
[2128878] Skipping (exists): c_07380784_06_12600_4bd_2025
[2128878] Skipping (exists): c_07410784_06_12600_4bd_2025
[2128878] Skipping (exists): c_07440784_06_12600_4bd_2025
[2128878] Skipping (exists): c_07470784_06_12600_4bd_2025
[2128878] Skipping (exists): c_07140786_06_12600_4bd_2025
[2128878] Skipping (exists): c_07170786_06_12600_4bd_2025
[2128878] Skipping (exists): c_07200786_06_12600_4bd_2025
[2128878] Skipping (exists): c_07230786_06_12600_4bd_2025
[2128878] Skipping (exists): c_07260786_06_12600_4bd_2025
[2128878] Skipping (exists): c_07290786_06_12600_4bd_2025
[2128878] Skipping (exists): c_07320786_06_12600_4bd_2025
[2128878] Skipping (exists): c_07350786_06_12600_4bd_2025
[2128878] Skipping (exists): c_07380786_06_12600_4bd_2025
[2128878] Skipping (exists): c_07410786_06_12600_4bd_2025
[2128878] Skipping (exists): c_07440786_06_12600_4bd_2025
[2128878] Skipping (exists): c_07470786_06_12600_4bd_2025
[2128878] Skipping (exists): c_07140788_06_12600_4bd_2025
[2128878] Skipping (exists): c_07170788_06_12600_4bd_2025
[2128878] Skipping (exists): c_07200788_06_12600_4bd_2025
[2128878] Skipping (exists): c_07230788_06_12600_4bd_2025
[2128878] Skipping (exists): c_07260788_06_12600_4bd_2025
[2128878] Skipping (exists): c_07290788_06_12600_4bd_2025
[2128878] Skipping (exists): c_07320788_06_12600_4bd_2025
[2128878] Skipping (exists): c_07350788_06_12600_4bd_2025
[2128878] Skipping (exists): c_07380788_06_12600_4bd_2025
[2128878] Skipping (exists): c_07410788_06_12600_4bd_2025
[2128878] Skipping (exists): c_07440788_06_12600_4bd_2025
[2128878] Skipping (exists): c_07140790_06_12600_4bd_2025
[2128878] Skipping (exists): c_07170790_06_12600_4bd_2025
[2128878] Skipping (exists): c_07200790_06_12600_4bd_2025
[2128878] Skipping (exists): c_07230790_06_12600_4bd_2025
[2128878] Skipping (exists): c_07260790_06_12600_4bd_2025
[2128878] Skipping (exists): c_07290790_06_12600_4bd_2025
[2128878] Skipping (exists): c_07320790_06_12600_4bd_2025
[2128878] Skipping (exists): c_07350790_06_12600_4bd_2025
[2128878] Skipping (exists): c_07380790_06_12600_4bd_2025
[2128878] Skipping (exists): c_07410790_06_12600_4bd_2025
[2128878] Skipping (exists): c_07440790_06_12600_4bd_2025
[2128878] Skipping (exists): c_07530790_06_12600_4bd_2025
[2128878] Skipping (exists): c_07560790_06_12600_4bd_2025
[2128878] Skipping (exists): c_07140792_06_12600_4bd_2025
[2128878] Skipping (exists): c_07170792_06_12600_4bd_2025
[2128878] Skipping (exists): c_07200792_06_12600_4bd_2025
[2128878] Skipping (exists): c_07230792_06_12600_4bd_2025
[2128878] Skipping (exists): c_07260792_06_12600_4bd_2025
[2128878] Skipping (exists): c_07290792_06_12600_4bd_2025
[2128878] Skipping (exists): c_07320792_06_12600_4bd_2025
[2128878] Skipping (exists): c_07350792_06_12600_4bd_2025
[2128878] Skipping (exists): c_07380792_06_12600_4bd_2025
[2128878] Skipping (exists): c_07410792_06_12600_4bd_2025
[2128878] Skipping (exists): c_07440792_06_12600_4bd_2025
[2128878] Skipping (exists): c_07500792_06_12600_4bd_2025
[2128878] Skipping (exists): c_07530792_06_12600_4bd_2025
[2128878] Skipping (exists): c_07560792_06_12600_4bd_2025
[2128878] Skipping (exists): c_07140794_06_12600_4bd_2025
[2128878] Skipping (exists): c_07170794_06_12600_4bd_2025
[2128878] Skipping (exists): c_07200794_06_12600_4bd_2025
[2128878] Skipping (exists): c_07230794_06_12600_4bd_2025
[2128878] Skipping (exists): c_07260794_06_12600_4bd_2025
[2128878] Skipping (exists): c_07290794_06_12600_4bd_2025
[2128878] Skipping (exists): c_07320794_06_12600_4bd_2025
[2128878] Skipping (exists): c_07350794_06_12600_4bd_2025
[2128878] Skipping (exists): c_07380794_06_12600_4bd_2025
[2128878] Skipping (exists): c_07410794_06_12600_4bd_2025
[2128878] Skipping (exists): c_07440794_06_12600_4bd_2025
[2128878] Skipping (exists): c_07500794_06_12600_4bd_2025
[2128878] Skipping (exists): c_07530794_06_12600_4bd_2025
[2128878] Skipping (exists): c_07560794_06_12600_4bd_2025
[2128878] Skipping (exists): c_07140796_06_12600_4bd_2025
[2128878] Skipping (exists): c_07170796_06_12600_4bd_2025
[2128878] Skipping (exists): c_07200796_06_12600_4bd_2025
[2128878] Skipping (exists): c_07230796_06_12600_4bd_2025
[2128878] Skipping (exists): c_07260796_06_12600_4bd_2025
[2128878] Skipping (exists): c_07290796_06_12600_4bd_2025
[2128878] Skipping (exists): c_07320796_06_12600_4bd_2025
[2128878] Skipping (exists): c_07350796_06_12600_4bd_2025
[2128878] Skipping (exists): c_07380796_06_12600_4bd_2025
[2128878] Skipping (exists): c_07410796_06_12600_4bd_2025
[2128878] Skipping (exists): c_07500796_06_12600_4bd_2025
[2128878] Skipping (exists): c_07530796_06_12600_4bd_2025
[2128878] Skipping (exists): c_07560796_06_12600_4bd_2025
[2128878] Skipping (exists): c_07140798_06_12600_4bd_2025
[2128878] Skipping (exists): c_07170798_06_12600_4bd_2025
[2128878] Skipping (exists): c_07200798_06_12600_4bd_2025
[2128878] Skipping (exists): c_07230798_06_12600_4bd_2025
[2128878] Skipping (exists): c_07260798_06_12600_4bd_2025
[2128878] Skipping (exists): c_07290798_06_12600_4bd_2025
[2128878] Skipping (exists): c_07320798_06_12600_4bd_2025
[2128878] Skipping (exists): c_07350798_06_12600_4bd_2025
[2128878] Skipping (exists): c_07380798_06_12600_4bd_2025
[2128878] Skipping (exists): c_07410798_06_12600_4bd_2025
[2128878] Skipping (exists): c_07470798_06_12600_4bd_2025
[2128878] Skipping (exists): c_07500798_06_12600_4bd_2025
[2128878] Skipping (exists): c_07530798_06_12600_4bd_2025
[2128878] Skipping (exists): c_07560798_06_12600_4bd_2025
[2128878] Skipping (exists): c_07140800_06_12600_4bd_2025
[2128878] Skipping (exists): c_07170800_06_12600_4bd_2025
[2128878] Skipping (exists): c_07200800_06_12600_4bd_2025
[2128878] Skipping (exists): c_07230800_06_12600_4bd_2025
[2128878] Skipping (exists): c_07260800_06_12600_4bd_2025
[2128878] Skipping (exists): c_07290800_06_12600_4bd_2025
[2128878] Skipping (exists): c_07320800_06_12600_4bd_2025
[2128878] Skipping (exists): c_07350800_06_12600_4bd_2025
[2128878] Skipping (exists): c_07380800_06_12600_4bd_2025
[2128878] Skipping (exists): c_07410800_06_12600_4bd_2025
[2128878] Skipping (exists): c_07440800_06_12600_4bd_2025
[2128878] Skipping (exists): c_07470800_06_12600_4bd_2025
[2128878] Skipping (exists): c_07500800_06_12600_4bd_2025
[2128878] Skipping (exists): c_07530800_06_12600_4bd_2025
[2128878] Skipping (exists): c_07560800_06_12600_4bd_2025
[2128878] Skipping (exists): c_07590800_06_12600_4bd_2025
[2128878] Skipping (exists): c_07140802_06_12600_4bd_2025
[2128878] Skipping (exists): c_07170802_06_12600_4bd_2025
[2128878] Skipping (exists): c_07200802_06_12600_4bd_2025
[2128878] Skipping (exists): c_07230802_06_12600_4bd_2025
[2128878] Skipping (exists): c_07260802_06_12600_4bd_2025
[2128878] Skipping (exists): c_07290802_06_12600_4bd_2025
[2128878] Skipping (exists): c_07320802_06_12600_4bd_2025
[2128878] Skipping (exists): c_07350802_06_12600_4bd_2025
[2128878] Skipping (exists): c_07380802_06_12600_4bd_2025
[2128878] Skipping (exists): c_07410802_06_12600_4bd_2025
[2128878] Skipping (exists): c_07440802_06_12600_4bd_2025
[2128878] Skipping (exists): c_07470802_06_12600_4bd_2025
[2128878] Skipping (exists): c_07500802_06_12600_4bd_2025
[2128878] Skipping (exists): c_07530802_06_12600_4bd_2025
[2128878] Skipping (exists): c_07560802_06_12600_4bd_2025
[2128878] Skipping (exists): c_07590802_06_12600_4bd_2025
[2128878] Skipping (exists): c_07620802_06_12600_4bd_2025
[2128878] Skipping (exists): c_07140804_06_12600_4bd_2025
[2128878] Skipping (exists): c_07170804_06_12600_4bd_2025
[2128878] Skipping (exists): c_07200804_06_12600_4bd_2025
[2128878] Skipping (exists): c_07230804_06_12600_4bd_2025
[2128878] Skipping (exists): c_07260804_06_12600_4bd_2025
[2128878] Skipping (exists): c_07290804_06_12600_4bd_2025
[2128878] Skipping (exists): c_07320804_06_12600_4bd_2025
[2128878] Skipping (exists): c_07350804_06_12600_4bd_2025
[2128878] Skipping (exists): c_07380804_06_12600_4bd_2025
[2128878] Skipping (exists): c_07410804_06_12600_4bd_2025
[2128878] Skipping (exists): c_07440804_06_12600_4bd_2025
[2128878] Skipping (exists): c_07470804_06_12600_4bd_2025
[2128878] Skipping (exists): c_07500804_06_12600_4bd_2025
[2128878] Skipping (exists): c_07530804_06_12600_4bd_2025
[2128878] Skipping (exists): c_07560804_06_12600_4bd_2025
[2128878] Skipping (exists): c_07590804_06_12600_4bd_2025
[2128878] Skipping (exists): c_07620804_06_12600_4bd_2025
[2128878] Skipping (exists): c_07140806_06_12600_4bd_2025
[2128878] Skipping (exists): c_07170806_06_12600_4bd_2025
[2128878] Skipping (exists): c_07200806_06_12600_4bd_2025
[2128878] Skipping (exists): c_07230806_06_12600_4bd_2025
[2128878] Skipping (exists): c_07260806_06_12600_4bd_2025
[2128878] Skipping (exists): c_07290806_06_12600_4bd_2025
[2128878] Skipping (exists): c_07320806_06_12600_4bd_2025
[2128878] Skipping (exists): c_07350806_06_12600_4bd_2025
[2128878] Skipping (exists): c_07380806_06_12600_4bd_2025
[2128878] Skipping (exists): c_07410806_06_12600_4bd_2025
[2128878] Skipping (exists): c_07440806_06_12600_4bd_2025
[2128878] Skipping (exists): c_07470806_06_12600_4bd_2025
[2128878] Skipping (exists): c_07500806_06_12600_4bd_2025
[2128878] Skipping (exists): c_07530806_06_12600_4bd_2025
[2128878] Skipping (exists): c_07560806_06_12600_4bd_2025
[2128878] Skipping (exists): c_07590806_06_12600_4bd_2025
[2128878] Skipping (exists): c_07620806_06_12600_4bd_2025
[2128878] Skipping (exists): c_07650806_06_12600_4bd_2025
[2128878] Skipping (exists): c_07140808_06_12600_4bd_2025
[2128878] Skipping (exists): c_07170808_06_12600_4bd_2025
[2128878] Skipping (exists): c_07200808_06_12600_4bd_2025
[2128878] Skipping (exists): c_07230808_06_12600_4bd_2025
[2128878] Skipping (exists): c_07260808_06_12600_4bd_2025
[2128878] Skipping (exists): c_07290808_06_12600_4bd_2025
[2128878] Skipping (exists): c_07320808_06_12600_4bd_2025
[2128878] Skipping (exists): c_07350808_06_12600_4bd_2025
[2128878] Skipping (exists): c_07380808_06_12600_4bd_2025
[2128878] Skipping (exists): c_07410808_06_12600_4bd_2025
[2128878] Skipping (exists): c_07440808_06_12600_4bd_2025
[2128878] Skipping (exists): c_07470808_06_12600_4bd_2025
[2128878] Skipping (exists): c_07500808_06_12600_4bd_2025
[2128878] Skipping (exists): c_07530808_06_12600_4bd_2025
[2128878] Skipping (exists): c_07560808_06_12600_4bd_2025
[2128878] Skipping (exists): c_07590808_06_12600_4bd_2025
[2128878] Skipping (exists): c_07620808_06_12600_4bd_2025
[2128878] Skipping (exists): c_07650808_06_12600_4bd_2025
[2128878] Skipping (exists): c_07140810_06_12600_4bd_2025
[2128878] Skipping (exists): c_07170810_06_12600_4bd_2025
[2128878] Skipping (exists): c_07200810_06_12600_4bd_2025
[2128878] Skipping (exists): c_07230810_06_12600_4bd_2025
[2128878] Skipping (exists): c_07260810_06_12600_4bd_2025
[2128878] Skipping (exists): c_07290810_06_12600_4bd_2025
[2128878] Skipping (exists): c_07320810_06_12600_4bd_2025
[2128878] Skipping (exists): c_07350810_06_12600_4bd_2025
[2128878] Skipping (exists): c_07380810_06_12600_4bd_2025
[2128878] Skipping (exists): c_07410810_06_12600_4bd_2025
[2128878] Skipping (exists): c_07440810_06_12600_4bd_2025
[2128878] Skipping (exists): c_07470810_06_12600_4bd_2025
[2128878] Skipping (exists): c_07500810_06_12600_4bd_2025
[2128878] Skipping (exists): c_07530810_06_12600_4bd_2025
[2128878] Skipping (exists): c_07560810_06_12600_4bd_2025
[2128878] Skipping (exists): c_07590810_06_12600_4bd_2025
[2128878] Skipping (exists): c_07620810_06_12600_4bd_2025
[2128878] Skipping (exists): c_07650810_06_12600_4bd_2025
[2128878] Skipping (exists): c_07140812_06_12600_4bd_2025
[2128878] Skipping (exists): c_07170812_06_12600_4bd_2025
[2128878] Skipping (exists): c_07200812_06_12600_4bd_2025
[2128878] Skipping (exists): c_07230812_06_12600_4bd_2025
[2128878] Skipping (exists): c_07260812_06_12600_4bd_2025
[2128878] Skipping (exists): c_07290812_06_12600_4bd_2025
[2128878] Skipping (exists): c_07320812_06_12600_4bd_2025
[2128878] Skipping (exists): c_07350812_06_12600_4bd_2025
[2128878] Skipping (exists): c_07380812_06_12600_4bd_2025
[2128878] Skipping (exists): c_07410812_06_12600_4bd_2025
[2128878] Skipping (exists): c_07440812_06_12600_4bd_2025
[2128878] Skipping (exists): c_07470812_06_12600_4bd_2025
[2128878] Skipping (exists): c_07500812_06_12600_4bd_2025
[2128878] Skipping (exists): c_07530812_06_12600_4bd_2025
[2128878] Skipping (exists): c_07560812_06_12600_4bd_2025
[2128878] Skipping (exists): c_07590812_06_12600_4bd_2025
[2128878] Skipping (exists): c_07620812_06_12600_4bd_2025
[2128878] Skipping (exists): c_07650812_06_12600_4bd_2025
[2128878] Skipping (exists): c_07140814_06_12600_4bd_2025
[2128878] Skipping (exists): c_07170814_06_12600_4bd_2025
[2128878] Skipping (exists): c_07200814_06_12600_4bd_2025
[2128878] Skipping (exists): c_07230814_06_12600_4bd_2025
[2128878] Skipping (exists): c_07260814_06_12600_4bd_2025
[2128878] Skipping (exists): c_07290814_06_12600_4bd_2025
[2128878] Skipping (exists): c_07320814_06_12600_4bd_2025
[2128878] Skipping (exists): c_07350814_06_12600_4bd_2025
[2128878] Skipping (exists): c_07380814_06_12600_4bd_2025
[2128878] Skipping (exists): c_07410814_06_12600_4bd_2025
[2128878] Skipping (exists): c_07440814_06_12600_4bd_2025
[2128878] Skipping (exists): c_07470814_06_12600_4bd_2025
[2128878] Skipping (exists): c_07500814_06_12600_4bd_2025
[2128878] Skipping (exists): c_07530814_06_12600_4bd_2025
[2128878] Skipping (exists): c_07560814_06_12600_4bd_2025
[2128878] Skipping (exists): c_07590814_06_12600_4bd_2025
[2128878] Skipping (exists): c_07620814_06_12600_4bd_2025
[2128878] Skipping (exists): c_07650814_06_12600_4bd_2025
[2128878] Skipping (exists): c_07140816_06_12600_4bd_2025
[2128878] Skipping (exists): c_07170816_06_12600_4bd_2025
[2128878] Skipping (exists): c_07200816_06_12600_4bd_2025
[2128878] Skipping (exists): c_07230816_06_12600_4bd_2025
[2128878] Skipping (exists): c_07260816_06_12600_4bd_2025
[2128878] Skipping (exists): c_07290816_06_12600_4bd_2025
[2128878] Skipping (exists): c_07320816_06_12600_4bd_2025
[2128878] Skipping (exists): c_07350816_06_12600_4bd_2025
[2128878] Skipping (exists): c_07380816_06_12600_4bd_2025
[2128878] Skipping (exists): c_07410816_06_12600_4bd_2025
[2128878] Skipping (exists): c_07440816_06_12600_4bd_2025
[2128878] Skipping (exists): c_07470816_06_12600_4bd_2025
[2128878] Skipping (exists): c_07500816_06_12600_4bd_2025
[2128878] Skipping (exists): c_07530816_06_12600_4bd_2025
[2128878] Skipping (exists): c_07560816_06_12600_4bd_2025
[2128878] Skipping (exists): c_07590816_06_12600_4bd_2025
[2128878] Skipping (exists): c_07620816_06_12600_4bd_2025
[2128878] Skipping (exists): c_07650816_06_12600_4bd_2025
[2128878] Skipping (exists): c_07140818_06_12600_4bd_2025
[2128878] Skipping (exists): c_07170818_06_12600_4bd_2025
[2128878] Skipping (exists): c_07200818_06_12600_4bd_2025
[2128878] Skipping (exists): c_07230818_06_12600_4bd_2025
[2128878] Skipping (exists): c_07260818_06_12600_4bd_2025
[2128878] Skipping (exists): c_07290818_06_12600_4bd_2025
[2128878] Skipping (exists): c_07320818_06_12600_4bd_2025
[2128878] Skipping (exists): c_07350818_06_12600_4bd_2025
[2128878] Skipping (exists): c_07380818_06_12600_4bd_2025
[2128878] Skipping (exists): c_07410818_06_12600_4bd_2025
[2128878] Skipping (exists): c_07440818_06_12600_4bd_2025
[2128878] Skipping (exists): c_07470818_06_12600_4bd_2025
[2128878] Skipping (exists): c_07500818_06_12600_4bd_2025
[2128878] Skipping (exists): c_07530818_06_12600_4bd_2025
[2128878] Skipping (exists): c_07560818_06_12600_4bd_2025
[2128878] Skipping (exists): c_07590818_06_12600_4bd_2025
[2128878] Skipping (exists): c_07620818_06_12600_4bd_2025
[2128878] Skipping (exists): c_07650818_06_12600_4bd_2025
[2128878] Skipping (exists): c_07140820_06_12600_4bd_2025
[2128878] Skipping (exists): c_07170820_06_12600_4bd_2025
[2128878] Skipping (exists): c_07200820_06_12600_4bd_2025
[2128878] Skipping (exists): c_07230820_06_12600_4bd_2025
[2128878] Skipping (exists): c_07260820_06_12600_4bd_2025
[2128878] Skipping (exists): c_07290820_06_12600_4bd_2025
[2128878] Skipping (exists): c_07320820_06_12600_4bd_2025
[2128878] Skipping (exists): c_07350820_06_12600_4bd_2025
[2128878] Skipping (exists): c_07380820_06_12600_4bd_2025
[2128878] Skipping (exists): c_07410820_06_12600_4bd_2025
[2128878] Skipping (exists): c_07440820_06_12600_4bd_2025
[2128878] Skipping (exists): c_07470820_06_12600_4bd_2025
[2128878] Skipping (exists): c_07500820_06_12600_4bd_2025
[2128878] Skipping (exists): c_07530820_06_12600_4bd_2025
[2128878] Skipping (exists): c_07560820_06_12600_4bd_2025
[2128878] Skipping (exists): c_07590820_06_12600_4bd_2025
[2128878] Skipping (exists): c_07620820_06_12600_4bd_2025
[2128878] Skipping (exists): c_07650820_06_12600_4bd_2025
[2128878] Skipping (exists): c_07140822_06_12600_4bd_2025
[2128878] Skipping (exists): c_07170822_06_12600_4bd_2025
[2128878] Skipping (exists): c_07200822_06_12600_4bd_2025
[2128878] Skipping (exists): c_07230822_06_12600_4bd_2025
[2128878] Skipping (exists): c_07260822_06_12600_4bd_2025
[2128878] Skipping (exists): c_07290822_06_12600_4bd_2025
[2128878] Skipping (exists): c_07320822_06_12600_4bd_2025
[2128878] Skipping (exists): c_07350822_06_12600_4bd_2025
[2128878] Skipping (exists): c_07380822_06_12600_4bd_2025
[2128878] Skipping (exists): c_07410822_06_12600_4bd_2025
[2128878] Skipping (exists): c_07440822_06_12600_4bd_2025
[2128878] Skipping (exists): c_07470822_06_12600_4bd_2025
[2128878] Skipping (exists): c_07500822_06_12600_4bd_2025
[2128878] Skipping (exists): c_07530822_06_12600_4bd_2025
[2128878] Skipping (exists): c_07560822_06_12600_4bd_2025
[2128878] Skipping (exists): c_07590822_06_12600_4bd_2025
[2128878] Skipping (exists): c_07620822_06_12600_4bd_2025
[2128878] Skipping (exists): c_07650822_06_12600_4bd_2025
[2128878] Skipping (exists): c_07680822_06_12600_4bd_2025
[2128878] Skipping (exists): c_06780824_06_12600_4bd_2025
[2128878] Skipping (exists): c_07140824_06_12600_4bd_2025
[2128878] Skipping (exists): c_07170824_06_12600_4bd_2025
[2128878] Skipping (exists): c_07200824_06_12600_4bd_2025
[2128878] Skipping (exists): c_07230824_06_12600_4bd_2025
[2128878] Skipping (exists): c_07260824_06_12600_4bd_2025
[2128878] Skipping (exists): c_07290824_06_12600_4bd_2025
[2128878] Skipping (exists): c_07320824_06_12600_4bd_2025
[2128878] Skipping (exists): c_07350824_06_12600_4bd_2025
[2128878] Skipping (exists): c_07380824_06_12600_4bd_2025
[2128878] Skipping (exists): c_07410824_06_12600_4bd_2025
[2128878] Skipping (exists): c_07440824_06_12600_4bd_2025
[2128878] Skipping (exists): c_07470824_06_12600_4bd_2025
[2128878] Skipping (exists): c_07500824_06_12600_4bd_2025
[2128878] Skipping (exists): c_07530824_06_12600_4bd_2025
[2128878] Skipping (exists): c_07560824_06_12600_4bd_2025
[2128878] Skipping (exists): c_07590824_06_12600_4bd_2025
[2128878] Skipping (exists): c_07620824_06_12600_4bd_2025
[2128878] Skipping (exists): c_07650824_06_12600_4bd_2025
[2128878] Skipping (exists): c_07680824_06_12600_4bd_2025
[2128878] Skipping (exists): c_06780826_06_12600_4bd_2025
[2128878] Skipping (exists): c_06810826_06_12600_4bd_2025
[2128878] Skipping (exists): c_06840826_06_12600_4bd_2025
[2128878] Skipping (exists): c_07140826_06_12600_4bd_2025
[2128878] Skipping (exists): c_07170826_06_12600_4bd_2025
[2128878] Skipping (exists): c_07200826_06_12600_4bd_2025
[2128878] Skipping (exists): c_07230826_06_12600_4bd_2025
[2128878] Skipping (exists): c_07260826_06_12600_4bd_2025
[2128878] Skipping (exists): c_07290826_06_12600_4bd_2025
[2128878] Skipping (exists): c_07320826_06_12600_4bd_2025
[2128878] Skipping (exists): c_07350826_06_12600_4bd_2025
[2128878] Skipping (exists): c_07380826_06_12600_4bd_2025
[2128878] Skipping (exists): c_07410826_06_12600_4bd_2025
[2128878] Skipping (exists): c_07440826_06_12600_4bd_2025
[2128878] Skipping (exists): c_07470826_06_12600_4bd_2025
[2128878] Skipping (exists): c_07500826_06_12600_4bd_2025
[2128878] Skipping (exists): c_07530826_06_12600_4bd_2025
[2128878] Skipping (exists): c_07560826_06_12600_4bd_2025
[2128878] Skipping (exists): c_07590826_06_12600_4bd_2025
[2128878] Skipping (exists): c_07620826_06_12600_4bd_2025
[2128878] Skipping (exists): c_07650826_06_12600_4bd_2025
[2128878] Skipping (exists): c_07680826_06_12600_4bd_2025
[2128878] Skipping (exists): c_07710826_06_12600_4bd_2025
[2128878] Skipping (exists): c_06780828_06_12600_4bd_2025
[2128878] Skipping (exists): c_06810828_06_12600_4bd_2025
[2128878] Skipping (exists): c_06840828_06_12600_4bd_2025
[2128878] Skipping (exists): c_06870828_06_12600_4bd_2025
[2128878] Skipping (exists): c_06900828_06_12600_4bd_2025
[2128878] Skipping (exists): c_06930828_06_12600_4bd_2025
[2128878] Skipping (exists): c_06960828_06_12600_4bd_2025
[2128878] Skipping (exists): c_06990828_06_12600_4bd_2025
[2128878] Skipping (exists): c_07020828_06_12600_4bd_2025
[2128878] Skipping (exists): c_07050828_06_12600_4bd_2025
[2128878] Skipping (exists): c_07080828_06_12600_4bd_2025
[2128878] Skipping (exists): c_07110828_06_12600_4bd_2025
[2128878] Skipping (exists): c_07140828_06_12600_4bd_2025
[2128878] Skipping (exists): c_07170828_06_12600_4bd_2025
[2128878] Skipping (exists): c_07200828_06_12600_4bd_2025
[2128878] Skipping (exists): c_07230828_06_12600_4bd_2025
[2128878] Skipping (exists): c_07260828_06_12600_4bd_2025
[2128878] Skipping (exists): c_07290828_06_12600_4bd_2025
[2128878] Skipping (exists): c_07320828_06_12600_4bd_2025
[2128878] Skipping (exists): c_07350828_06_12600_4bd_2025
[2128878] Skipping (exists): c_07380828_06_12600_4bd_2025
[2128878] Skipping (exists): c_07410828_06_12600_4bd_2025
[2128878] Skipping (exists): c_07440828_06_12600_4bd_2025
[2128878] Skipping (exists): c_07470828_06_12600_4bd_2025
[2128878] Skipping (exists): c_07500828_06_12600_4bd_2025
[2128878] Skipping (exists): c_07530828_06_12600_4bd_2025
[2128878] Skipping (exists): c_07560828_06_12600_4bd_2025
[2128878] Skipping (exists): c_07590828_06_12600_4bd_2025
[2128878] Skipping (exists): c_07620828_06_12600_4bd_2025
[2128878] Skipping (exists): c_07650828_06_12600_4bd_2025
[2128878] Skipping (exists): c_07680828_06_12600_4bd_2025
[2128878] Skipping (exists): c_07710828_06_12600_4bd_2025
[2128878] Skipping (exists): c_06780830_06_12600_4bd_2025
[2128878] Skipping (exists): c_06810830_06_12600_4bd_2025
[2128878] Skipping (exists): c_06840830_06_12600_4bd_2025
[2128878] Skipping (exists): c_06870830_06_12600_4bd_2025
[2128878] Skipping (exists): c_06900830_06_12600_4bd_2025
[2128878] Skipping (exists): c_06930830_06_12600_4bd_2025
[2128878] Skipping (exists): c_06960830_06_12600_4bd_2025
[2128878] Skipping (exists): c_06990830_06_12600_4bd_2025
[2128878] Skipping (exists): c_07020830_06_12600_4bd_2025
[2128878] Skipping (exists): c_07050830_06_12600_4bd_2025
[2128878] Skipping (exists): c_07080830_06_12600_4bd_2025
[2128878] Skipping (exists): c_07110830_06_12600_4bd_2025
[2128878] Skipping (exists): c_07140830_06_12600_4bd_2025
[2128878] Skipping (exists): c_07170830_06_12600_4bd_2025
[2128878] Skipping (exists): c_07200830_06_12600_4bd_2025
[2128878] Skipping (exists): c_07230830_06_12600_4bd_2025
[2128878] Skipping (exists): c_07260830_06_12600_4bd_2025
[2128878] Skipping (exists): c_07290830_06_12600_4bd_2025
[2128878] Skipping (exists): c_07320830_06_12600_4bd_2025
[2128878] Skipping (exists): c_07350830_06_12600_4bd_2025
[2128878] Skipping (exists): c_07380830_06_12600_4bd_2025
[2128878] Skipping (exists): c_07410830_06_12600_4bd_2025
[2128878] Skipping (exists): c_07440830_06_12600_4bd_2025
[2128878] Skipping (exists): c_07470830_06_12600_4bd_2025
[2128878] Skipping (exists): c_07500830_06_12600_4bd_2025
[2128878] Skipping (exists): c_07530830_06_12600_4bd_2025
[2128878] Skipping (exists): c_07560830_06_12600_4bd_2025
[2128878] Skipping (exists): c_07590830_06_12600_4bd_2025
[2128878] Skipping (exists): c_07620830_06_12600_4bd_2025
[2128878] Skipping (exists): c_07650830_06_12600_4bd_2025
[2128878] Skipping (exists): c_07680830_06_12600_4bd_2025
[2128878] Skipping (exists): c_06780832_06_12600_4bd_2025
[2128878] Skipping (exists): c_06810832_06_12600_4bd_2025
[2128878] Skipping (exists): c_06840832_06_12600_4bd_2025
[2128878] Skipping (exists): c_06870832_06_12600_4bd_2025
[2128878] Skipping (exists): c_06900832_06_12600_4bd_2025
[2128878] Skipping (exists): c_06930832_06_12600_4bd_2025
[2128878] Skipping (exists): c_06960832_06_12600_4bd_2025
[2128878] Skipping (exists): c_06990832_06_12600_4bd_2025
[2128878] Skipping (exists): c_07020832_06_12600_4bd_2025
[2128878] Skipping (exists): c_07050832_06_12600_4bd_2025
[2128878] Skipping (exists): c_07080832_06_12600_4bd_2025
[2128878] Skipping (exists): c_07110832_06_12600_4bd_2025
[2128878] Skipping (exists): c_07140832_06_12600_4bd_2025
[2128878] Skipping (exists): c_07170832_06_12600_4bd_2025
[2128878] Skipping (exists): c_07200832_06_12600_4bd_2025
[2128878] Skipping (exists): c_07230832_06_12600_4bd_2025
[2128878] Skipping (exists): c_07260832_06_12600_4bd_2025
[2128878] Skipping (exists): c_07290832_06_12600_4bd_2025
[2128878] Skipping (exists): c_07320832_06_12600_4bd_2025
[2128878] Skipping (exists): c_07350832_06_12600_4bd_2025
[2128878] Skipping (exists): c_07380832_06_12600_4bd_2025
[2128878] Skipping (exists): c_07410832_06_12600_4bd_2025
[2128878] Skipping (exists): c_07440832_06_12600_4bd_2025
[2128878] Skipping (exists): c_07470832_06_12600_4bd_2025
[2128878] Skipping (exists): c_07500832_06_12600_4bd_2025
[2128878] Skipping (exists): c_07530832_06_12600_4bd_2025
[2128878] Skipping (exists): c_07560832_06_12600_4bd_2025
[2128878] Skipping (exists): c_07590832_06_12600_4bd_2025
[2128878] Skipping (exists): c_07620832_06_12600_4bd_2025
[2128878] Skipping (exists): c_07650832_06_12600_4bd_2025
[2128878] Skipping (exists): c_07680832_06_12600_4bd_2025
[2128878] Skipping (exists): c_07710832_06_12600_4bd_2025
[2128878] Skipping (exists): c_06780834_06_12600_4bd_2025
[2128878] Skipping (exists): c_06810834_06_12600_4bd_2025
[2128878] Skipping (exists): c_06840834_06_12600_4bd_2025
[2128878] Skipping (exists): c_06870834_06_12600_4bd_2025
[2128878] Skipping (exists): c_06900834_06_12600_4bd_2025
[2128878] Skipping (exists): c_06930834_06_12600_4bd_2025
[2128878] Skipping (exists): c_06960834_06_12600_4bd_2025
[2128878] Skipping (exists): c_06990834_06_12600_4bd_2025
[2128878] Skipping (exists): c_07020834_06_12600_4bd_2025
[2128878] Skipping (exists): c_07050834_06_12600_4bd_2025
[2128878] Skipping (exists): c_07080834_06_12600_4bd_2025
[2128878] Skipping (exists): c_07110834_06_12600_4bd_2025
[2128878] Skipping (exists): c_07140834_06_12600_4bd_2025
[2128878] Skipping (exists): c_07170834_06_12600_4bd_2025
[2128878] Skipping (exists): c_07200834_06_12600_4bd_2025
[2128878] Skipping (exists): c_07230834_06_12600_4bd_2025
[2128878] Skipping (exists): c_07260834_06_12600_4bd_2025
[2128878] Skipping (exists): c_07290834_06_12600_4bd_2025
[2128878] Skipping (exists): c_07320834_06_12600_4bd_2025
[2128878] Skipping (exists): c_07350834_06_12600_4bd_2025
[2128878] Skipping (exists): c_07380834_06_12600_4bd_2025
[2128878] Skipping (exists): c_07410834_06_12600_4bd_2025
[2128878] Skipping (exists): c_07440834_06_12600_4bd_2025
[2128878] Skipping (exists): c_07470834_06_12600_4bd_2025
[2128878] Skipping (exists): c_07500834_06_12600_4bd_2025
[2128878] Skipping (exists): c_07530834_06_12600_4bd_2025
[2128878] Skipping (exists): c_07560834_06_12600_4bd_2025
[2128878] Skipping (exists): c_07590834_06_12600_4bd_2025
[2128878] Skipping (exists): c_07620834_06_12600_4bd_2025
[2128878] Skipping (exists): c_07650834_06_12600_4bd_2025
[2128878] Skipping (exists): c_07680834_06_12600_4bd_2025
[2128878] Skipping (exists): c_07710834_06_12600_4bd_2025
[2128878] Skipping (exists): c_07740834_06_12600_4bd_2025
[2128878] Skipping (exists): c_07770834_06_12600_4bd_2025
[2128878] Skipping (exists): c_06780836_06_12600_4bd_2025
[2128878] Skipping (exists): c_06810836_06_12600_4bd_2025
[2128878] Skipping (exists): c_06840836_06_12600_4bd_2025
[2128878] Skipping (exists): c_06870836_06_12600_4bd_2025
[2128878] Skipping (exists): c_06900836_06_12600_4bd_2025
[2128878] Skipping (exists): c_06930836_06_12600_4bd_2025
[2128878] Skipping (exists): c_06960836_06_12600_4bd_2025
[2128878] Skipping (exists): c_06990836_06_12600_4bd_2025
[2128878] Skipping (exists): c_07020836_06_12600_4bd_2025
[2128878] Skipping (exists): c_07050836_06_12600_4bd_2025
[2128878] Skipping (exists): c_07080836_06_12600_4bd_2025
[2128878] Skipping (exists): c_07110836_06_12600_4bd_2025
[2128878] Skipping (exists): c_07140836_06_12600_4bd_2025
[2128878] Skipping (exists): c_07170836_06_12600_4bd_2025
[2128878] Skipping (exists): c_07200836_06_12600_4bd_2025
[2128878] Skipping (exists): c_07230836_06_12600_4bd_2025
[2128878] Skipping (exists): c_07260836_06_12600_4bd_2025
[2128878] Skipping (exists): c_07290836_06_12600_4bd_2025
[2128878] Skipping (exists): c_07320836_06_12600_4bd_2025
[2128878] Skipping (exists): c_07350836_06_12600_4bd_2025
[2128878] Skipping (exists): c_07380836_06_12600_4bd_2025
[2128878] Skipping (exists): c_07410836_06_12600_4bd_2025
[2128878] Skipping (exists): c_07440836_06_12600_4bd_2025
[2128878] Skipping (exists): c_07470836_06_12600_4bd_2025
[2128878] Skipping (exists): c_07500836_06_12600_4bd_2025
[2128878] Skipping (exists): c_07530836_06_12600_4bd_2025
[2128878] Skipping (exists): c_07560836_06_12600_4bd_2025
[2128878] Skipping (exists): c_07590836_06_12600_4bd_2025
[2128878] Skipping (exists): c_07620836_06_12600_4bd_2025
[2128878] Skipping (exists): c_07650836_06_12600_4bd_2025
[2128878] Skipping (exists): c_07680836_06_12600_4bd_2025
[2128878] Skipping (exists): c_07710836_06_12600_4bd_2025
[2128878] Skipping (exists): c_07740836_06_12600_4bd_2025
[2128878] Skipping (exists): c_07770836_06_12600_4bd_2025
[2128878] Skipping (exists): c_07800836_06_12600_4bd_2025
[2128878] Skipping (exists): c_06780838_06_12600_4bd_2025
[2128878] Skipping (exists): c_06810838_06_12600_4bd_2025
[2128878] Skipping (exists): c_06840838_06_12600_4bd_2025
[2128878] Skipping (exists): c_06870838_06_12600_4bd_2025
[2128878] Skipping (exists): c_06900838_06_12600_4bd_2025
[2128878] Skipping (exists): c_06930838_06_12600_4bd_2025
[2128878] Skipping (exists): c_06960838_06_12600_4bd_2025
[2128878] Skipping (exists): c_06990838_06_12600_4bd_2025
[2128878] Skipping (exists): c_07020838_06_12600_4bd_2025
[2128878] Skipping (exists): c_07050838_06_12600_4bd_2025
[2128878] Skipping (exists): c_07080838_06_12600_4bd_2025
[2128878] Skipping (exists): c_07110838_06_12600_4bd_2025
[2128878] Skipping (exists): c_07140838_06_12600_4bd_2025
[2128878] Skipping (exists): c_07170838_06_12600_4bd_2025
[2128878] Skipping (exists): c_07200838_06_12600_4bd_2025
[2128878] Skipping (exists): c_07230838_06_12600_4bd_2025
[2128878] Skipping (exists): c_07260838_06_12600_4bd_2025
[2128878] Skipping (exists): c_07290838_06_12600_4bd_2025
[2128878] Skipping (exists): c_07320838_06_12600_4bd_2025
[2128878] Skipping (exists): c_07350838_06_12600_4bd_2025
[2128878] Skipping (exists): c_07380838_06_12600_4bd_2025
[2128878] Skipping (exists): c_07410838_06_12600_4bd_2025
[2128878] Skipping (exists): c_07440838_06_12600_4bd_2025
[2128878] Skipping (exists): c_07470838_06_12600_4bd_2025
[2128878] Skipping (exists): c_07500838_06_12600_4bd_2025
[2128878] Skipping (exists): c_07530838_06_12600_4bd_2025
[2128878] Skipping (exists): c_07560838_06_12600_4bd_2025
[2128878] Skipping (exists): c_07590838_06_12600_4bd_2025
[2128878] Skipping (exists): c_07620838_06_12600_4bd_2025
[2128878] Skipping (exists): c_07650838_06_12600_4bd_2025
[2128878] Skipping (exists): c_07680838_06_12600_4bd_2025
[2128878] Skipping (exists): c_07710838_06_12600_4bd_2025
[2128878] Skipping (exists): c_07740838_06_12600_4bd_2025
[2128878] Skipping (exists): c_07770838_06_12600_4bd_2025
[2128878] Skipping (exists): c_07800838_06_12600_4bd_2025
[2128878] Skipping (exists): c_06780840_06_12600_4bd_2025
[2128878] Skipping (exists): c_06810840_06_12600_4bd_2025
[2128878] Skipping (exists): c_06840840_06_12600_4bd_2025
[2128878] Skipping (exists): c_06870840_06_12600_4bd_2025
[2128878] Skipping (exists): c_06900840_06_12600_4bd_2025
[2128878] Skipping (exists): c_06930840_06_12600_4bd_2025
[2128878] Skipping (exists): c_06960840_06_12600_4bd_2025
[2128878] Skipping (exists): c_06990840_06_12600_4bd_2025
[2128878] Skipping (exists): c_07020840_06_12600_4bd_2025
[2128878] Skipping (exists): c_07050840_06_12600_4bd_2025
[2128878] Skipping (exists): c_07080840_06_12600_4bd_2025
[2128878] Skipping (exists): c_07110840_06_12600_4bd_2025
[2128878] Skipping (exists): c_07140840_06_12600_4bd_2025
[2128878] Skipping (exists): c_07170840_06_12600_4bd_2025
[2128878] Skipping (exists): c_07200840_06_12600_4bd_2025
[2128878] Skipping (exists): c_07230840_06_12600_4bd_2025
[2128878] Skipping (exists): c_07260840_06_12600_4bd_2025
[2128878] Skipping (exists): c_07290840_06_12600_4bd_2025
[2128878] Skipping (exists): c_07320840_06_12600_4bd_2025
[2128878] Skipping (exists): c_07350840_06_12600_4bd_2025
[2128878] Skipping (exists): c_07380840_06_12600_4bd_2025
[2128878] Skipping (exists): c_07410840_06_12600_4bd_2025
[2128878] Skipping (exists): c_07440840_06_12600_4bd_2025
[2128878] Skipping (exists): c_07470840_06_12600_4bd_2025
[2128878] Skipping (exists): c_07500840_06_12600_4bd_2025
[2128878] Skipping (exists): c_07530840_06_12600_4bd_2025
[2128878] Skipping (exists): c_07560840_06_12600_4bd_2025
[2128878] Skipping (exists): c_07590840_06_12600_4bd_2025
[2128878] Skipping (exists): c_07620840_06_12600_4bd_2025
[2128878] Skipping (exists): c_07650840_06_12600_4bd_2025
[2128878] Skipping (exists): c_07680840_06_12600_4bd_2025
[2128878] Skipping (exists): c_07710840_06_12600_4bd_2025
[2128878] Skipping (exists): c_07740840_06_12600_4bd_2025
[2128878] Skipping (exists): c_07770840_06_12600_4bd_2025
[2128878] Skipping (exists): c_07800840_06_12600_4bd_2025
[2128878] Skipping (exists): c_06780842_06_12600_4bd_2025
[2128878] Skipping (exists): c_06810842_06_12600_4bd_2025
[2128878] Skipping (exists): c_06840842_06_12600_4bd_2025
[2128878] Skipping (exists): c_06870842_06_12600_4bd_2025
[2128878] Skipping (exists): c_06900842_06_12600_4bd_2025
[2128878] Skipping (exists): c_06930842_06_12600_4bd_2025
[2128878] Skipping (exists): c_06960842_06_12600_4bd_2025
[2128878] Skipping (exists): c_06990842_06_12600_4bd_2025
[2128878] Skipping (exists): c_07020842_06_12600_4bd_2025
[2128878] Skipping (exists): c_07050842_06_12600_4bd_2025
[2128878] Skipping (exists): c_07080842_06_12600_4bd_2025
[2128878] Skipping (exists): c_07110842_06_12600_4bd_2025
[2128878] Skipping (exists): c_07140842_06_12600_4bd_2025
[2128878] Skipping (exists): c_07170842_06_12600_4bd_2025
[2128878] Skipping (exists): c_07200842_06_12600_4bd_2025
[2128878] Skipping (exists): c_07230842_06_12600_4bd_2025
[2128878] Skipping (exists): c_07260842_06_12600_4bd_2025
[2128878] Skipping (exists): c_07290842_06_12600_4bd_2025
[2128878] Skipping (exists): c_07320842_06_12600_4bd_2025
[2128878] Skipping (exists): c_07350842_06_12600_4bd_2025
[2128878] Skipping (exists): c_07380842_06_12600_4bd_2025
[2128878] Skipping (exists): c_07410842_06_12600_4bd_2025
[2128878] Skipping (exists): c_07440842_06_12600_4bd_2025
[2128878] Skipping (exists): c_07470842_06_12600_4bd_2025
[2128878] Skipping (exists): c_07500842_06_12600_4bd_2025
[2128878] Skipping (exists): c_07530842_06_12600_4bd_2025
[2128878] Skipping (exists): c_07560842_06_12600_4bd_2025
[2128878] Skipping (exists): c_07590842_06_12600_4bd_2025
[2128878] Skipping (exists): c_07620842_06_12600_4bd_2025
[2128878] Skipping (exists): c_07650842_06_12600_4bd_2025
[2128878] Skipping (exists): c_07680842_06_12600_4bd_2025
[2128878] Skipping (exists): c_07710842_06_12600_4bd_2025
[2128878] Skipping (exists): c_07740842_06_12600_4bd_2025
[2128878] Skipping (exists): c_07770842_06_12600_4bd_2025
[2128878] Skipping (exists): c_07800842_06_12600_4bd_2025
[2128878] Skipping (exists): c_06780844_06_12600_4bd_2025
[2128878] Skipping (exists): c_06810844_06_12600_4bd_2025
[2128878] Skipping (exists): c_06840844_06_12600_4bd_2025
[2128878] Skipping (exists): c_06870844_06_12600_4bd_2025
[2128878] Skipping (exists): c_06900844_06_12600_4bd_2025
[2128878] Skipping (exists): c_06930844_06_12600_4bd_2025
[2128878] Skipping (exists): c_06960844_06_12600_4bd_2025
[2128878] Skipping (exists): c_06990844_06_12600_4bd_2025
[2128878] Skipping (exists): c_07020844_06_12600_4bd_2025
[2128878] Skipping (exists): c_07050844_06_12600_4bd_2025
[2128878] Skipping (exists): c_07080844_06_12600_4bd_2025
[2128878] Skipping (exists): c_07110844_06_12600_4bd_2025
[2128878] Skipping (exists): c_07140844_06_12600_4bd_2025
[2128878] Skipping (exists): c_07170844_06_12600_4bd_2025
[2128878] Skipping (exists): c_07200844_06_12600_4bd_2025
[2128878] Skipping (exists): c_07230844_06_12600_4bd_2025
[2128878] Skipping (exists): c_07260844_06_12600_4bd_2025
[2128878] Skipping (exists): c_07290844_06_12600_4bd_2025
[2128878] Skipping (exists): c_07320844_06_12600_4bd_2025
[2128878] Skipping (exists): c_07350844_06_12600_4bd_2025
[2128878] Skipping (exists): c_07380844_06_12600_4bd_2025
[2128878] Skipping (exists): c_07410844_06_12600_4bd_2025
[2128878] Skipping (exists): c_07440844_06_12600_4bd_2025
[2128878] Skipping (exists): c_07470844_06_12600_4bd_2025
[2128878] Skipping (exists): c_07500844_06_12600_4bd_2025
[2128878] Skipping (exists): c_07530844_06_12600_4bd_2025
[2128878] Skipping (exists): c_07560844_06_12600_4bd_2025
[2128878] Skipping (exists): c_07590844_06_12600_4bd_2025
[2128878] Skipping (exists): c_07620844_06_12600_4bd_2025
[2128878] Skipping (exists): c_07650844_06_12600_4bd_2025
[2128878] Skipping (exists): c_07680844_06_12600_4bd_2025
[2128878] Skipping (exists): c_07710844_06_12600_4bd_2025
[2128878] Skipping (exists): c_07740844_06_12600_4bd_2025
[2128878] Skipping (exists): c_07770844_06_12600_4bd_2025
[2128878] Skipping (exists): c_07800844_06_12600_4bd_2025
[2128878] Skipping (exists): c_06780846_06_12600_4bd_2025
[2128878] Skipping (exists): c_06810846_06_12600_4bd_2025
[2128878] Skipping (exists): c_06840846_06_12600_4bd_2025
[2128878] Skipping (exists): c_06870846_06_12600_4bd_2025
[2128878] Skipping (exists): c_06900846_06_12600_4bd_2025
[2128878] Skipping (exists): c_06930846_06_12600_4bd_2025
[2128878] Skipping (exists): c_06960846_06_12600_4bd_2025
[2128878] Skipping (exists): c_06990846_06_12600_4bd_2025
[2128878] Skipping (exists): c_07020846_06_12600_4bd_2025
[2128878] Skipping (exists): c_07050846_06_12600_4bd_2025
[2128878] Skipping (exists): c_07080846_06_12600_4bd_2025
[2128878] Skipping (exists): c_07110846_06_12600_4bd_2025
[2128878] Skipping (exists): c_07140846_06_12600_4bd_2025
[2128878] Skipping (exists): c_07170846_06_12600_4bd_2025
[2128878] Skipping (exists): c_07200846_06_12600_4bd_2025
[2128878] Skipping (exists): c_07230846_06_12600_4bd_2025
[2128878] Skipping (exists): c_07260846_06_12600_4bd_2025
[2128878] Skipping (exists): c_07290846_06_12600_4bd_2025
[2128878] Skipping (exists): c_07320846_06_12600_4bd_2025
[2128878] Skipping (exists): c_07350846_06_12600_4bd_2025
[2128878] Skipping (exists): c_07380846_06_12600_4bd_2025
[2128878] Skipping (exists): c_07410846_06_12600_4bd_2025
[2128878] Skipping (exists): c_07440846_06_12600_4bd_2025
[2128878] Skipping (exists): c_07470846_06_12600_4bd_2025
[2128878] Skipping (exists): c_07500846_06_12600_4bd_2025
[2128878] Skipping (exists): c_07530846_06_12600_4bd_2025
[2128878] Skipping (exists): c_07560846_06_12600_4bd_2025
[2128878] Skipping (exists): c_07590846_06_12600_4bd_2025
[2128878] Skipping (exists): c_07620846_06_12600_4bd_2025
[2128878] Skipping (exists): c_07650846_06_12600_4bd_2025
[2128878] Skipping (exists): c_07680846_06_12600_4bd_2025
[2128878] Skipping (exists): c_07710846_06_12600_4bd_2025
[2128878] Skipping (exists): c_07740846_06_12600_4bd_2025
[2128878] Skipping (exists): c_07770846_06_12600_4bd_2025
[2128878] Skipping (exists): c_07800846_06_12600_4bd_2025
[2128878] Skipping (exists): c_06780848_06_12600_4bd_2025
[2128878] Skipping (exists): c_06810848_06_12600_4bd_2025
[2128878] Skipping (exists): c_06840848_06_12600_4bd_2025
[2128878] Skipping (exists): c_06870848_06_12600_4bd_2025
[2128878] Skipping (exists): c_06900848_06_12600_4bd_2025
[2128878] Skipping (exists): c_06930848_06_12600_4bd_2025
[2128878] Skipping (exists): c_06960848_06_12600_4bd_2025
[2128878] Skipping (exists): c_06990848_06_12600_4bd_2025
[2128878] Skipping (exists): c_07020848_06_12600_4bd_2025
[2128878] Skipping (exists): c_07050848_06_12600_4bd_2025
[2128878] Skipping (exists): c_07080848_06_12600_4bd_2025
[2128878] Skipping (exists): c_07110848_06_12600_4bd_2025
[2128878] Skipping (exists): c_07140848_06_12600_4bd_2025
[2128878] Skipping (exists): c_07170848_06_12600_4bd_2025
[2128878] Skipping (exists): c_07200848_06_12600_4bd_2025
[2128878] Skipping (exists): c_07230848_06_12600_4bd_2025
[2128878] Skipping (exists): c_07260848_06_12600_4bd_2025
[2128878] Skipping (exists): c_07290848_06_12600_4bd_2025
[2128878] Skipping (exists): c_07320848_06_12600_4bd_2025
[2128878] Skipping (exists): c_07350848_06_12600_4bd_2025
[2128878] Skipping (exists): c_07380848_06_12600_4bd_2025
[2128878] Skipping (exists): c_07410848_06_12600_4bd_2025
[2128878] Skipping (exists): c_07440848_06_12600_4bd_2025
[2128878] Skipping (exists): c_07470848_06_12600_4bd_2025
[2128878] Skipping (exists): c_07500848_06_12600_4bd_2025
[2128878] Skipping (exists): c_07530848_06_12600_4bd_2025
[2128878] Skipping (exists): c_07560848_06_12600_4bd_2025
[2128878] Skipping (exists): c_07590848_06_12600_4bd_2025
[2128878] Skipping (exists): c_07620848_06_12600_4bd_2025
[2128878] Skipping (exists): c_07650848_06_12600_4bd_2025
[2128878] Skipping (exists): c_07680848_06_12600_4bd_2025
[2128878] Skipping (exists): c_07710848_06_12600_4bd_2025
[2128878] Skipping (exists): c_07740848_06_12600_4bd_2025
[2128878] Skipping (exists): c_07770848_06_12600_4bd_2025
[2128878] Skipping (exists): c_07800848_06_12600_4bd_2025
[2128878] Skipping (exists): c_06780850_06_12600_4bd_2025
[2128878] Skipping (exists): c_06810850_06_12600_4bd_2025
[2128878] Skipping (exists): c_06840850_06_12600_4bd_2025
[2128878] Skipping (exists): c_06870850_06_12600_4bd_2025
[2128878] Skipping (exists): c_06900850_06_12600_4bd_2025
[2128878] Skipping (exists): c_06930850_06_12600_4bd_2025
[2128878] Skipping (exists): c_06960850_06_12600_4bd_2025
[2128878] Skipping (exists): c_06990850_06_12600_4bd_2025
[2128878] Skipping (exists): c_07020850_06_12600_4bd_2025
[2128878] Skipping (exists): c_07050850_06_12600_4bd_2025
[2128878] Skipping (exists): c_07080850_06_12600_4bd_2025
[2128878] Skipping (exists): c_07110850_06_12600_4bd_2025
[2128878] Skipping (exists): c_07140850_06_12600_4bd_2025
[2128878] Skipping (exists): c_07170850_06_12600_4bd_2025
[2128878] Skipping (exists): c_07200850_06_12600_4bd_2025
[2128878] Skipping (exists): c_07230850_06_12600_4bd_2025
[2128878] Skipping (exists): c_07260850_06_12600_4bd_2025
[2128878] Skipping (exists): c_07290850_06_12600_4bd_2025
[2128878] Skipping (exists): c_07320850_06_12600_4bd_2025
[2128878] Skipping (exists): c_07350850_06_12600_4bd_2025
[2128878] Skipping (exists): c_07380850_06_12600_4bd_2025
[2128878] Skipping (exists): c_07410850_06_12600_4bd_2025
[2128878] Skipping (exists): c_07440850_06_12600_4bd_2025
[2128878] Skipping (exists): c_07470850_06_12600_4bd_2025
[2128878] Skipping (exists): c_07500850_06_12600_4bd_2025
[2128878] Skipping (exists): c_07530850_06_12600_4bd_2025
[2128878] Skipping (exists): c_07560850_06_12600_4bd_2025
[2128878] Skipping (exists): c_07590850_06_12600_4bd_2025
[2128878] Skipping (exists): c_07620850_06_12600_4bd_2025
[2128878] Skipping (exists): c_07650850_06_12600_4bd_2025
[2128878] Skipping (exists): c_07680850_06_12600_4bd_2025
[2128878] Skipping (exists): c_07710850_06_12600_4bd_2025
[2128878] Skipping (exists): c_07740850_06_12600_4bd_2025
[2128878] Skipping (exists): c_07770850_06_12600_4bd_2025
[2128878] Skipping (exists): c_06810852_06_12600_4bd_2025
[2128878] Skipping (exists): c_06840852_06_12600_4bd_2025
[2128878] Skipping (exists): c_06870852_06_12600_4bd_2025
[2128878] Skipping (exists): c_06900852_06_12600_4bd_2025
[2128878] Skipping (exists): c_06930852_06_12600_4bd_2025
[2128878] Skipping (exists): c_06960852_06_12600_4bd_2025
[2128878] Skipping (exists): c_06990852_06_12600_4bd_2025
[2128878] Skipping (exists): c_07020852_06_12600_4bd_2025
[2128878] Skipping (exists): c_07050852_06_12600_4bd_2025
[2128878] Skipping (exists): c_07080852_06_12600_4bd_2025
[2128878] Skipping (exists): c_07110852_06_12600_4bd_2025
[2128878] Skipping (exists): c_07140852_06_12600_4bd_2025
[2128878] Skipping (exists): c_07170852_06_12600_4bd_2025
[2128878] Skipping (exists): c_07200852_06_12600_4bd_2025
[2128878] Skipping (exists): c_07230852_06_12600_4bd_2025
[2128878] Skipping (exists): c_07260852_06_12600_4bd_2025
[2128878] Skipping (exists): c_07290852_06_12600_4bd_2025
[2128878] Skipping (exists): c_07320852_06_12600_4bd_2025
[2128878] Skipping (exists): c_07350852_06_12600_4bd_2025
[2128878] Skipping (exists): c_07380852_06_12600_4bd_2025
[2128878] Skipping (exists): c_07410852_06_12600_4bd_2025
[2128878] Skipping (exists): c_07440852_06_12600_4bd_2025
[2128878] Skipping (exists): c_07470852_06_12600_4bd_2025
[2128878] Skipping (exists): c_07500852_06_12600_4bd_2025
[2128878] Skipping (exists): c_07530852_06_12600_4bd_2025
[2128878] Skipping (exists): c_07560852_06_12600_4bd_2025
[2128878] Skipping (exists): c_07590852_06_12600_4bd_2025
[2128878] Skipping (exists): c_07620852_06_12600_4bd_2025
[2128878] Skipping (exists): c_07650852_06_12600_4bd_2025
[2128878] Skipping (exists): c_07680852_06_12600_4bd_2025
[2128878] Skipping (exists): c_07710852_06_12600_4bd_2025
[2128878] Skipping (exists): c_07740852_06_12600_4bd_2025
[2128878] Skipping (exists): c_07770852_06_12600_4bd_2025
[2128878] Skipping (exists): c_06840854_06_12600_4bd_2025
[2128878] Skipping (exists): c_06870854_06_12600_4bd_2025
[2128878] Skipping (exists): c_06900854_06_12600_4bd_2025
[2128878] Skipping (exists): c_06930854_06_12600_4bd_2025
[2128878] Skipping (exists): c_06960854_06_12600_4bd_2025
[2128878] Skipping (exists): c_06990854_06_12600_4bd_2025
[2128878] Skipping (exists): c_07020854_06_12600_4bd_2025
[2128878] Skipping (exists): c_07050854_06_12600_4bd_2025
[2128878] Skipping (exists): c_07080854_06_12600_4bd_2025
[2128878] Skipping (exists): c_07110854_06_12600_4bd_2025
[2128878] Skipping (exists): c_07140854_06_12600_4bd_2025
[2128878] Skipping (exists): c_07170854_06_12600_4bd_2025
[2128878] Skipping (exists): c_07200854_06_12600_4bd_2025
[2128878] Skipping (exists): c_07230854_06_12600_4bd_2025
[2128878] Skipping (exists): c_07260854_06_12600_4bd_2025
[2128878] Skipping (exists): c_07290854_06_12600_4bd_2025
[2128878] Skipping (exists): c_07320854_06_12600_4bd_2025
[2128878] Skipping (exists): c_07350854_06_12600_4bd_2025
[2128878] Skipping (exists): c_07380854_06_12600_4bd_2025
[2128878] Skipping (exists): c_07410854_06_12600_4bd_2025
[2128878] Skipping (exists): c_07440854_06_12600_4bd_2025
[2128878] Skipping (exists): c_07470854_06_12600_4bd_2025
[2128878] Skipping (exists): c_07500854_06_12600_4bd_2025
[2128878] Skipping (exists): c_07530854_06_12600_4bd_2025
[2128878] Skipping (exists): c_07560854_06_12600_4bd_2025
[2128878] Skipping (exists): c_07590854_06_12600_4bd_2025
[2128878] Skipping (exists): c_07620854_06_12600_4bd_2025
[2128878] Skipping (exists): c_07650854_06_12600_4bd_2025
[2128878] Skipping (exists): c_07680854_06_12600_4bd_2025
[2128878] Skipping (exists): c_07710854_06_12600_4bd_2025
[2128878] Skipping (exists): c_07740854_06_12600_4bd_2025
[2128878] Skipping (exists): c_06840856_06_12600_4bd_2025
[2128878] Skipping (exists): c_06870856_06_12600_4bd_2025
[2128878] Skipping (exists): c_06900856_06_12600_4bd_2025
[2128878] Skipping (exists): c_06930856_06_12600_4bd_2025
[2128878] Skipping (exists): c_06960856_06_12600_4bd_2025
[2128878] Skipping (exists): c_06990856_06_12600_4bd_2025
[2128878] Skipping (exists): c_07020856_06_12600_4bd_2025
[2128878] Skipping (exists): c_07050856_06_12600_4bd_2025
[2128878] Skipping (exists): c_07080856_06_12600_4bd_2025
[2128878] Skipping (exists): c_07110856_06_12600_4bd_2025
[2128878] Skipping (exists): c_07140856_06_12600_4bd_2025
[2128878] Skipping (exists): c_07170856_06_12600_4bd_2025
[2128878] Skipping (exists): c_07200856_06_12600_4bd_2025
[2128878] Skipping (exists): c_07230856_06_12600_4bd_2025
[2128878] Skipping (exists): c_07260856_06_12600_4bd_2025
[2128878] Skipping (exists): c_07290856_06_12600_4bd_2025
[2128878] Skipping (exists): c_07320856_06_12600_4bd_2025
[2128878] Skipping (exists): c_07350856_06_12600_4bd_2025
[2128878] Skipping (exists): c_07380856_06_12600_4bd_2025
[2128878] Skipping (exists): c_07410856_06_12600_4bd_2025
[2128878] Skipping (exists): c_07440856_06_12600_4bd_2025
[2128878] Skipping (exists): c_07470856_06_12600_4bd_2025
[2128878] Skipping (exists): c_07500856_06_12600_4bd_2025
[2128878] Skipping (exists): c_07530856_06_12600_4bd_2025
[2128878] Skipping (exists): c_07560856_06_12600_4bd_2025
[2128878] Skipping (exists): c_07590856_06_12600_4bd_2025
[2128878] Skipping (exists): c_07620856_06_12600_4bd_2025
[2128878] Skipping (exists): c_07650856_06_12600_4bd_2025
[2128878] Skipping (exists): c_07680856_06_12600_4bd_2025
[2128878] Skipping (exists): c_07710856_06_12600_4bd_2025
[2128878] Skipping (exists): c_07740856_06_12600_4bd_2025
[2128878] Skipping (exists): c_06870858_06_12600_4bd_2025
[2128878] Skipping (exists): c_06900858_06_12600_4bd_2025
[2128878] Skipping (exists): c_06930858_06_12600_4bd_2025
[2128878] Skipping (exists): c_06960858_06_12600_4bd_2025
[2128878] Skipping (exists): c_06990858_06_12600_4bd_2025
[2128878] Skipping (exists): c_07020858_06_12600_4bd_2025
[2128878] Skipping (exists): c_07050858_06_12600_4bd_2025
[2128878] Skipping (exists): c_07080858_06_12600_4bd_2025
[2128878] Skipping (exists): c_07110858_06_12600_4bd_2025
[2128878] Skipping (exists): c_07140858_06_12600_4bd_2025
[2128878] Skipping (exists): c_07170858_06_12600_4bd_2025
[2128878] Skipping (exists): c_07200858_06_12600_4bd_2025
[2128878] Skipping (exists): c_07230858_06_12600_4bd_2025
[2128878] Skipping (exists): c_07260858_06_12600_4bd_2025
[2128878] Skipping (exists): c_07290858_06_12600_4bd_2025
[2128878] Skipping (exists): c_07320858_06_12600_4bd_2025
[2128878] Skipping (exists): c_07350858_06_12600_4bd_2025
[2128878] Skipping (exists): c_07380858_06_12600_4bd_2025
[2128878] Skipping (exists): c_07410858_06_12600_4bd_2025
[2128878] Skipping (exists): c_07440858_06_12600_4bd_2025
[2128878] Skipping (exists): c_07470858_06_12600_4bd_2025
[2128878] Skipping (exists): c_07500858_06_12600_4bd_2025
[2128878] Skipping (exists): c_07530858_06_12600_4bd_2025
[2128878] Skipping (exists): c_07560858_06_12600_4bd_2025
[2128878] Skipping (exists): c_07590858_06_12600_4bd_2025
[2128878] Skipping (exists): c_07620858_06_12600_4bd_2025
[2128878] Skipping (exists): c_07650858_06_12600_4bd_2025
[2128878] Skipping (exists): c_07680858_06_12600_4bd_2025
[2128878] Skipping (exists): c_07710858_06_12600_4bd_2025
[2128878] Skipping (exists): c_07740858_06_12600_4bd_2025
[2128878] Skipping (exists): c_06900860_06_12600_4bd_2025
[2128878] Skipping (exists): c_06930860_06_12600_4bd_2025
[2128878] Skipping (exists): c_06960860_06_12600_4bd_2025
[2128878] Skipping (exists): c_06990860_06_12600_4bd_2025
[2128878] Skipping (exists): c_07020860_06_12600_4bd_2025
[2128878] Skipping (exists): c_07050860_06_12600_4bd_2025
[2128878] Skipping (exists): c_07080860_06_12600_4bd_2025
[2128878] Skipping (exists): c_07110860_06_12600_4bd_2025
[2128878] Skipping (exists): c_07140860_06_12600_4bd_2025
[2128878] Skipping (exists): c_07170860_06_12600_4bd_2025
[2128878] Skipping (exists): c_07200860_06_12600_4bd_2025
[2128878] Skipping (exists): c_07230860_06_12600_4bd_2025
[2128878] Skipping (exists): c_07260860_06_12600_4bd_2025
[2128878] Skipping (exists): c_07290860_06_12600_4bd_2025
[2128878] Skipping (exists): c_07320860_06_12600_4bd_2025
[2128878] Skipping (exists): c_07350860_06_12600_4bd_2025
[2128878] Skipping (exists): c_07380860_06_12600_4bd_2025
[2128878] Skipping (exists): c_07410860_06_12600_4bd_2025
[2128878] Skipping (exists): c_07440860_06_12600_4bd_2025
[2128878] Skipping (exists): c_07470860_06_12600_4bd_2025
[2128878] Skipping (exists): c_07500860_06_12600_4bd_2025
[2128878] Skipping (exists): c_07530860_06_12600_4bd_2025
[2128878] Skipping (exists): c_07560860_06_12600_4bd_2025
[2128878] Skipping (exists): c_07590860_06_12600_4bd_2025
[2128878] Skipping (exists): c_07620860_06_12600_4bd_2025
[2128878] Skipping (exists): c_07650860_06_12600_4bd_2025
[2128878] Skipping (exists): c_07680860_06_12600_4bd_2025
[2128878] Skipping (exists): c_07710860_06_12600_4bd_2025
[2128878] Skipping (exists): c_06900862_06_12600_4bd_2025
[2128878] Skipping (exists): c_06930862_06_12600_4bd_2025
[2128878] Skipping (exists): c_06960862_06_12600_4bd_2025
[2128878] Skipping (exists): c_06990862_06_12600_4bd_2025
[2128878] Skipping (exists): c_07020862_06_12600_4bd_2025
[2128878] Skipping (exists): c_07050862_06_12600_4bd_2025
[2128878] Skipping (exists): c_07080862_06_12600_4bd_2025
[2128878] Skipping (exists): c_07110862_06_12600_4bd_2025
[2128878] Skipping (exists): c_07140862_06_12600_4bd_2025
[2128878] Skipping (exists): c_07170862_06_12600_4bd_2025
[2128878] Skipping (exists): c_07200862_06_12600_4bd_2025
[2128878] Skipping (exists): c_07230862_06_12600_4bd_2025
[2128878] Skipping (exists): c_07260862_06_12600_4bd_2025
[2128878] Skipping (exists): c_07290862_06_12600_4bd_2025
[2128878] Skipping (exists): c_07320862_06_12600_4bd_2025
[2128878] Skipping (exists): c_07350862_06_12600_4bd_2025
[2128878] Skipping (exists): c_07380862_06_12600_4bd_2025
[2128878] Skipping (exists): c_07410862_06_12600_4bd_2025
[2128878] Skipping (exists): c_07440862_06_12600_4bd_2025
[2128878] Skipping (exists): c_07470862_06_12600_4bd_2025
[2128878] Skipping (exists): c_07500862_06_12600_4bd_2025
[2128878] Skipping (exists): c_07530862_06_12600_4bd_2025
[2128878] Skipping (exists): c_07560862_06_12600_4bd_2025
[2128878] Skipping (exists): c_07590862_06_12600_4bd_2025
[2128878] Skipping (exists): c_07620862_06_12600_4bd_2025
[2128878] Skipping (exists): c_07650862_06_12600_4bd_2025
[2128878] Skipping (exists): c_07680862_06_12600_4bd_2025
[2128878] Skipping (exists): c_07710862_06_12600_4bd_2025
[2128878] Skipping (exists): c_06930864_06_12600_4bd_2025
[2128878] Skipping (exists): c_06960864_06_12600_4bd_2025
[2128878] Skipping (exists): c_06990864_06_12600_4bd_2025
[2128878] Skipping (exists): c_07020864_06_12600_4bd_2025
[2128878] Skipping (exists): c_07050864_06_12600_4bd_2025
[2128878] Skipping (exists): c_07080864_06_12600_4bd_2025
[2128878] Skipping (exists): c_07110864_06_12600_4bd_2025
[2128878] Skipping (exists): c_07140864_06_12600_4bd_2025
[2128878] Skipping (exists): c_07170864_06_12600_4bd_2025
[2128878] Skipping (exists): c_07200864_06_12600_4bd_2025
[2128878] Skipping (exists): c_07230864_06_12600_4bd_2025
[2128878] Skipping (exists): c_07260864_06_12600_4bd_2025
[2128878] Skipping (exists): c_07290864_06_12600_4bd_2025
[2128878] Skipping (exists): c_07320864_06_12600_4bd_2025
[2128878] Skipping (exists): c_07350864_06_12600_4bd_2025
[2128878] Skipping (exists): c_07380864_06_12600_4bd_2025
[2128878] Skipping (exists): c_07410864_06_12600_4bd_2025
[2128878] Skipping (exists): c_07440864_06_12600_4bd_2025
[2128878] Skipping (exists): c_07470864_06_12600_4bd_2025
[2128878] Skipping (exists): c_07500864_06_12600_4bd_2025
[2128878] Skipping (exists): c_07530864_06_12600_4bd_2025
[2128878] Skipping (exists): c_07560864_06_12600_4bd_2025
[2128878] Skipping (exists): c_07590864_06_12600_4bd_2025
[2128878] Skipping (exists): c_07620864_06_12600_4bd_2025
[2128878] Skipping (exists): c_07650864_06_12600_4bd_2025
[2128878] Skipping (exists): c_07680864_06_12600_4bd_2025
[2128878] Skipping (exists): c_07710864_06_12600_4bd_2025
[2128878] Skipping (exists): c_06930866_06_12600_4bd_2025
[2128878] Skipping (exists): c_06960866_06_12600_4bd_2025
[2128878] Skipping (exists): c_06990866_06_12600_4bd_2025
[2128878] Skipping (exists): c_07020866_06_12600_4bd_2025
[2128878] Skipping (exists): c_07050866_06_12600_4bd_2025
[2128878] Skipping (exists): c_07080866_06_12600_4bd_2025
[2128878] Skipping (exists): c_07110866_06_12600_4bd_2025
[2128878] Skipping (exists): c_07140866_06_12600_4bd_2025
[2128878] Skipping (exists): c_07170866_06_12600_4bd_2025
[2128878] Skipping (exists): c_07200866_06_12600_4bd_2025
[2128878] Skipping (exists): c_07230866_06_12600_4bd_2025
[2128878] Skipping (exists): c_07260866_06_12600_4bd_2025
[2128878] Skipping (exists): c_07290866_06_12600_4bd_2025
[2128878] Skipping (exists): c_07410866_06_12600_4bd_2025
[2128878] Skipping (exists): c_07440866_06_12600_4bd_2025
[2128878] Skipping (exists): c_07470866_06_12600_4bd_2025
[2128878] Skipping (exists): c_07500866_06_12600_4bd_2025
[2128878] Skipping (exists): c_07530866_06_12600_4bd_2025
[2128878] Skipping (exists): c_07560866_06_12600_4bd_2025
[2128878] Skipping (exists): c_07590866_06_12600_4bd_2025
[2128878] Skipping (exists): c_07620866_06_12600_4bd_2025
[2128878] Skipping (exists): c_07650866_06_12600_4bd_2025
[2128878] Skipping (exists): c_07680866_06_12600_4bd_2025
[2128878] Skipping (exists): c_07710866_06_12600_4bd_2025
[2128878] Skipping (exists): c_06960868_06_12600_4bd_2025
[2128878] Skipping (exists): c_06990868_06_12600_4bd_2025
[2128878] Skipping (exists): c_07020868_06_12600_4bd_2025
[2128878] Skipping (exists): c_07050868_06_12600_4bd_2025
[2128878] Skipping (exists): c_07080868_06_12600_4bd_2025
[2128878] Skipping (exists): c_07110868_06_12600_4bd_2025
[2128878] Skipping (exists): c_07140868_06_12600_4bd_2025
[2128878] Skipping (exists): c_07170868_06_12600_4bd_2025
[2128878] Skipping (exists): c_07200868_06_12600_4bd_2025
[2128878] Skipping (exists): c_07230868_06_12600_4bd_2025
[2128878] Skipping (exists): c_07260868_06_12600_4bd_2025
[2128878] Skipping (exists): c_07440868_06_12600_4bd_2025
[2128878] Skipping (exists): c_07470868_06_12600_4bd_2025
[2128878] Skipping (exists): c_07500868_06_12600_4bd_2025
[2128878] Skipping (exists): c_07530868_06_12600_4bd_2025
[2128878] Skipping (exists): c_07560868_06_12600_4bd_2025
[2128878] Skipping (exists): c_07590868_06_12600_4bd_2025
[2128878] Skipping (exists): c_07620868_06_12600_4bd_2025
[2128878] Skipping (exists): c_07650868_06_12600_4bd_2025
[2128878] Skipping (exists): c_07680868_06_12600_4bd_2025
[2128878] Skipping (exists): c_07710868_06_12600_4bd_2025
[2128878] Skipping (exists): c_07050870_06_12600_4bd_2025
[2128878] Skipping (exists): c_07080870_06_12600_4bd_2025
[2128878] Skipping (exists): c_07110870_06_12600_4bd_2025
[2128878] Skipping (exists): c_07140870_06_12600_4bd_2025
[2128878] Skipping (exists): c_07170870_06_12600_4bd_2025
[2128878] Skipping (exists): c_07200870_06_12600_4bd_2025
[2128878] Skipping (exists): c_07230870_06_12600_4bd_2025
[2128878] Skipping (exists): c_07470870_06_12600_4bd_2025
[2128878] Skipping (exists): c_07500870_06_12600_4bd_2025
[2128878] Skipping (exists): c_07530870_06_12600_4bd_2025
[2128878] Skipping (exists): c_07560870_06_12600_4bd_2025
[2128878] Skipping (exists): c_07590870_06_12600_4bd_2025
[2128878] Skipping (exists): c_07620870_06_12600_4bd_2025
[2128878] Skipping (exists): c_07650870_06_12600_4bd_2025
[2128878] Skipping (exists): c_07680870_06_12600_4bd_2025
[2128878] Skipping (exists): c_07710870_06_12600_4bd_2025
[2128878] Skipping (exists): c_07050872_06_12600_4bd_2025
[2128878] Skipping (exists): c_07080872_06_12600_4bd_2025
[2128878] Skipping (exists): c_07110872_06_12600_4bd_2025
[2128878] Skipping (exists): c_07140872_06_12600_4bd_2025
[2128878] Skipping (exists): c_07170872_06_12600_4bd_2025
[2128878] Skipping (exists): c_07200872_06_12600_4bd_2025
[2128878] Skipping (exists): c_07230872_06_12600_4bd_2025
[2128878] Skipping (exists): c_07560872_06_12600_4bd_2025
[2128878] Skipping (exists): c_07590872_06_12600_4bd_2025
[2128878] Skipping (exists): c_07620872_06_12600_4bd_2025
[2128878] Skipping (exists): c_07650872_06_12600_4bd_2025
[2128878] Skipping (exists): c_07680872_06_12600_4bd_2025
[2128878] Skipping (exists): c_07710872_06_12600_4bd_2025
[2128878] Skipping (exists): c_07050874_06_12600_4bd_2025
[2128878] Skipping (exists): c_07080874_06_12600_4bd_2025
[2128878] Skipping (exists): c_07110874_06_12600_4bd_2025
[2128878] Skipping (exists): c_07140874_06_12600_4bd_2025
[2128878] Skipping (exists): c_07170874_06_12600_4bd_2025
[2128878] Skipping (exists): c_07200874_06_12600_4bd_2025
[2128878] Skipping (exists): c_07530874_06_12600_4bd_2025
[2128878] Skipping (exists): c_07560874_06_12600_4bd_2025
[2128878] Skipping (exists): c_07590874_06_12600_4bd_2025
[2128878] Skipping (exists): c_07650874_06_12600_4bd_2025
[2128878] Skipping (exists): c_07680874_06_12600_4bd_2025
[2128878] Skipping (exists): c_07710874_06_12600_4bd_2025
[2128878] Skipping (exists): c_07020876_06_12600_4bd_2025
[2128878] Skipping (exists): c_07050876_06_12600_4bd_2025
[2128878] Skipping (exists): c_07080876_06_12600_4bd_2025
[2128878] Skipping (exists): c_07110876_06_12600_4bd_2025
[2128878] Skipping (exists): c_07140876_06_12600_4bd_2025
[2128878] Skipping (exists): c_07170876_06_12600_4bd_2025
[2128878] Skipping (exists): c_07560876_06_12600_4bd_2025
[2128878] Skipping (exists): c_07680876_06_12600_4bd_2025
[2128878] Skipping (exists): c_07710876_06_12600_4bd_2025
[2128878] Skipping (exists): c_07020878_06_12600_4bd_2025
[2128878] Skipping (exists): c_07050878_06_12600_4bd_2025
[2128878] Skipping (exists): c_07080878_06_12600_4bd_2025
[2128878] Skipping (exists): c_07110878_06_12600_4bd_2025
[2128878] Skipping (exists): c_07140878_06_12600_4bd_2025
[2128878] Skipping (exists): c_07170878_06_12600_4bd_2025
[2128878] Skipping (exists): c_07680878_06_12600_4bd_2025
[2128878] Skipping (exists): c_07020880_06_12600_4bd_2025
[2128878] Skipping (exists): c_07050880_06_12600_4bd_2025
[2128878] Skipping (exists): c_07080880_06_12600_4bd_2025
[2128878] Skipping (exists): c_07110880_06_12600_4bd_2025
[2128878] Skipping (exists): c_07140880_06_12600_4bd_2025
[2128878] Skipping (exists): c_07170880_06_12600_4bd_2025
[2128878] Skipping (exists): c_06960736_12_24000_4bd_2023
[2128878] Skipping (exists): c_06990736_12_24000_4bd_2023
[2128878] Skipping (exists): c_06960738_12_24000_4bd_2023
[2128878] Skipping (exists): c_06990738_12_24000_4bd_2023
[2128878] Skipping (exists): c_06960740_12_24000_4bd_2023
[2128878] Skipping (exists): c_06990740_12_24000_4bd_2023
[2128878] Skipping (exists): c_07020740_12_24000_4bd_2023
[2128878] Skipping (exists): c_06930742_12_24000_4bd_2023
[2128878] Skipping (exists): c_06960742_12_24000_4bd_2023
[2128878] Skipping (exists): c_06990742_12_24000_4bd_2023
[2128878] Skipping (exists): c_07020742_12_24000_4bd_2023
[2128878] Skipping (exists): c_06960744_12_24000_4bd_2023
[2128878] Skipping (exists): c_06990744_12_24000_4bd_2023
[2128878] Skipping (exists): c_06930746_12_24000_4bd_2023
[2128878] Skipping (exists): c_06960746_12_24000_4bd_2023
[2128878] Skipping (exists): c_06990746_12_24000_4bd_2023
[2128878] Skipping (exists): c_06930748_12_24000_4bd_2023
[2128878] Skipping (exists): c_06960748_12_24000_4bd_2023
[2128878] Skipping (exists): c_06990748_12_24000_4bd_2023
[2128878] Skipping (exists): c_07020748_12_24000_4bd_2023
[2128878] Skipping (exists): c_06900750_12_24000_4bd_2023
[2128878] Skipping (exists): c_06930750_12_24000_4bd_2023
[2128878] Skipping (exists): c_06960750_12_24000_4bd_2023
[2128878] Skipping (exists): c_06990750_12_24000_4bd_2023
[2128878] Skipping (exists): c_07020750_12_24000_4bd_2023
[2128878] Skipping (exists): c_06870752_12_24000_4bd_2023
[2128878] Skipping (exists): c_06900752_12_24000_4bd_2023
[2128878] Skipping (exists): c_06930752_12_24000_4bd_2023
[2128878] Skipping (exists): c_06960752_12_24000_4bd_2023
[2128878] Skipping (exists): c_06990752_12_24000_4bd_2023
[2128878] Skipping (exists): c_07020752_12_24000_4bd_2023
[2128878] Skipping (exists): c_07050752_12_24000_4bd_2023
[2128878] Skipping (exists): c_06840754_12_24000_4bd_2023
[2128878] Skipping (exists): c_06870754_12_24000_4bd_2023
[2128878] Skipping (exists): c_06900754_12_24000_4bd_2023
[2128878] Skipping (exists): c_06930754_12_24000_4bd_2023
[2128878] Skipping (exists): c_06960754_12_24000_4bd_2023
[2128878] Skipping (exists): c_06990754_12_24000_4bd_2023
[2128878] Skipping (exists): c_07020754_12_24000_4bd_2023
[2128878] Skipping (exists): c_07050754_12_24000_4bd_2023
[2128878] Skipping (exists): c_07080754_12_24000_4bd_2023
[2128878] Skipping (exists): c_06810756_12_24000_4bd_2023
[2128878] Skipping (exists): c_06840756_12_24000_4bd_2023
[2128878] Skipping (exists): c_06870756_12_24000_4bd_2023
[2128878] Skipping (exists): c_06900756_12_24000_4bd_2023
[2128878] Skipping (exists): c_06930756_12_24000_4bd_2023
[2128878] Skipping (exists): c_06960756_12_24000_4bd_2023
[2128878] Skipping (exists): c_06990756_12_24000_4bd_2023
[2128878] Skipping (exists): c_07020756_12_24000_4bd_2023
[2128878] Skipping (exists): c_07050756_12_24000_4bd_2023
[2128878] Skipping (exists): c_07080756_12_24000_4bd_2023
[2128878] Skipping (exists): c_07110756_12_24000_4bd_2023
[2128878] Skipping (exists): c_06810758_12_24000_4bd_2023
[2128878] Skipping (exists): c_06840758_12_24000_4bd_2023
[2128878] Skipping (exists): c_06870758_12_24000_4bd_2023
[2128878] Skipping (exists): c_06900758_12_24000_4bd_2023
[2128878] Skipping (exists): c_06930758_12_24000_4bd_2023
[2128878] Skipping (exists): c_06960758_12_24000_4bd_2023
[2128878] Skipping (exists): c_06990758_12_24000_4bd_2023
[2128878] Skipping (exists): c_07020758_12_24000_4bd_2023
[2128878] Skipping (exists): c_07050758_12_24000_4bd_2023
[2128878] Skipping (exists): c_07080758_12_24000_4bd_2023
[2128878] Skipping (exists): c_07110758_12_24000_4bd_2023
[2128878] Skipping (exists): c_06810760_12_24000_4bd_2023
[2128878] Skipping (exists): c_06840760_12_24000_4bd_2023
[2128878] Skipping (exists): c_06870760_12_24000_4bd_2023
[2128878] Skipping (exists): c_06900760_12_24000_4bd_2023
[2128878] Skipping (exists): c_06930760_12_24000_4bd_2023
[2128878] Skipping (exists): c_06960760_12_24000_4bd_2023
[2128878] Skipping (exists): c_06990760_12_24000_4bd_2023
[2128878] Skipping (exists): c_07020760_12_24000_4bd_2023
[2128878] Skipping (exists): c_07050760_12_24000_4bd_2023
[2128878] Skipping (exists): c_07080760_12_24000_4bd_2023
[2128878] Skipping (exists): c_07110760_12_24000_4bd_2023
[2128878] Skipping (exists): c_06810762_12_24000_4bd_2023
[2128878] Skipping (exists): c_06840762_12_24000_4bd_2023
[2128878] Skipping (exists): c_06870762_12_24000_4bd_2023
[2128878] Skipping (exists): c_06900762_12_24000_4bd_2023
[2128878] Skipping (exists): c_06930762_12_24000_4bd_2023
[2128878] Skipping (exists): c_06960762_12_24000_4bd_2023
[2128878] Skipping (exists): c_06990762_12_24000_4bd_2023
[2128878] Skipping (exists): c_07020762_12_24000_4bd_2023
[2128878] Skipping (exists): c_07050762_12_24000_4bd_2023
[2128878] Skipping (exists): c_07080762_12_24000_4bd_2023
[2128878] Skipping (exists): c_07110762_12_24000_4bd_2023
[2128878] Skipping (exists): c_06810764_12_24000_4bd_2023
[2128878] Skipping (exists): c_06840764_12_24000_4bd_2023
[2128878] Skipping (exists): c_06870764_12_24000_4bd_2023
[2128878] Skipping (exists): c_06900764_12_24000_4bd_2023
[2128878] Skipping (exists): c_06930764_12_24000_4bd_2023
[2128878] Skipping (exists): c_06960764_12_24000_4bd_2023
[2128878] Skipping (exists): c_06990764_12_24000_4bd_2023
[2128878] Skipping (exists): c_07020764_12_24000_4bd_2023
[2128878] Skipping (exists): c_07050764_12_24000_4bd_2023
[2128878] Skipping (exists): c_07080764_12_24000_4bd_2023
[2128878] Skipping (exists): c_07110764_12_24000_4bd_2023
[2128878] Skipping (exists): c_07140764_12_24000_4bd_2023
[2128878] Skipping (exists): c_06810766_12_24000_4bd_2023
[2128878] Skipping (exists): c_06840766_12_24000_4bd_2023
[2128878] Skipping (exists): c_06870766_12_24000_4bd_2023
[2128878] Skipping (exists): c_06900766_12_24000_4bd_2023
[2128878] Skipping (exists): c_06930766_12_24000_4bd_2023
[2128878] Skipping (exists): c_06960766_12_24000_4bd_2023
[2128878] Skipping (exists): c_06990766_12_24000_4bd_2023
[2128878] Skipping (exists): c_07020766_12_24000_4bd_2023
[2128878] Skipping (exists): c_07050766_12_24000_4bd_2023
[2128878] Skipping (exists): c_07080766_12_24000_4bd_2023
[2128878] Skipping (exists): c_07110766_12_24000_4bd_2023
[2128878] Skipping (exists): c_07140766_12_24000_4bd_2023
[2128878] Skipping (exists): c_06840768_12_24000_4bd_2023
[2128878] Skipping (exists): c_06870768_12_24000_4bd_2023
[2128878] Skipping (exists): c_06900768_12_24000_4bd_2023
[2128878] Skipping (exists): c_06930768_12_24000_4bd_2023
[2128878] Skipping (exists): c_06960768_12_24000_4bd_2023
[2128878] Skipping (exists): c_06990768_12_24000_4bd_2023
[2128878] Skipping (exists): c_07020768_12_24000_4bd_2023
[2128878] Skipping (exists): c_07050768_12_24000_4bd_2023
[2128878] Skipping (exists): c_07080768_12_24000_4bd_2023
[2128878] Skipping (exists): c_07110768_12_24000_4bd_2023
[2128878] Skipping (exists): c_06810770_12_24000_4bd_2023
[2128878] Skipping (exists): c_06840770_12_24000_4bd_2023
[2128878] Skipping (exists): c_06870770_12_24000_4bd_2023
[2128878] Skipping (exists): c_06900770_12_24000_4bd_2023
[2128878] Skipping (exists): c_06930770_12_24000_4bd_2023
[2128878] Skipping (exists): c_06960770_12_24000_4bd_2023
[2128878] Skipping (exists): c_06990770_12_24000_4bd_2023
[2128878] Skipping (exists): c_07020770_12_24000_4bd_2023
[2128878] Skipping (exists): c_07050770_12_24000_4bd_2023
[2128878] Skipping (exists): c_07080770_12_24000_4bd_2023
[2128878] Skipping (exists): c_07110770_12_24000_4bd_2023
[2128878] Skipping (exists): c_06810772_12_24000_4bd_2023
[2128878] Skipping (exists): c_06840772_12_24000_4bd_2023
[2128878] Skipping (exists): c_06870772_12_24000_4bd_2023
[2128878] Skipping (exists): c_06900772_12_24000_4bd_2023
[2128878] Skipping (exists): c_06930772_12_24000_4bd_2023
[2128878] Skipping (exists): c_06960772_12_24000_4bd_2023
[2128878] Skipping (exists): c_06990772_12_24000_4bd_2023
[2128878] Skipping (exists): c_07020772_12_24000_4bd_2023
[2128878] Skipping (exists): c_07050772_12_24000_4bd_2023
[2128878] Skipping (exists): c_07080772_12_24000_4bd_2023
[2128878] Skipping (exists): c_07110772_12_24000_4bd_2023
[2128878] Skipping (exists): c_06810774_12_24000_4bd_2023
[2128878] Skipping (exists): c_06840774_12_24000_4bd_2023
[2128878] Skipping (exists): c_06870774_12_24000_4bd_2023
[2128878] Skipping (exists): c_06900774_12_24000_4bd_2023
[2128878] Skipping (exists): c_06930774_12_24000_4bd_2023
[2128878] Skipping (exists): c_06960774_12_24000_4bd_2023
[2128878] Skipping (exists): c_06990774_12_24000_4bd_2023
[2128878] Skipping (exists): c_07020774_12_24000_4bd_2023
[2128878] Skipping (exists): c_07050774_12_24000_4bd_2023
[2128878] Skipping (exists): c_07080774_12_24000_4bd_2023
[2128878] Skipping (exists): c_07110774_12_24000_4bd_2023
[2128878] Skipping (exists): c_07140774_12_24000_4bd_2023
[2128878] Skipping (exists): c_06780776_12_24000_4bd_2023
[2128878] Skipping (exists): c_06810776_12_24000_4bd_2023
[2128878] Skipping (exists): c_06840776_12_24000_4bd_2023
[2128878] Skipping (exists): c_06870776_12_24000_4bd_2023
[2128878] Skipping (exists): c_06900776_12_24000_4bd_2023
[2128878] Skipping (exists): c_06930776_12_24000_4bd_2023
[2128878] Skipping (exists): c_06960776_12_24000_4bd_2023
[2128878] Skipping (exists): c_06990776_12_24000_4bd_2023
[2128878] Skipping (exists): c_07020776_12_24000_4bd_2023
[2128878] Skipping (exists): c_07050776_12_24000_4bd_2023
[2128878] Skipping (exists): c_07080776_12_24000_4bd_2023
[2128878] Skipping (exists): c_07110776_12_24000_4bd_2023
[2128878] Skipping (exists): c_07140776_12_24000_4bd_2023
[2128878] Skipping (exists): c_06810778_12_24000_4bd_2023
[2128878] Skipping (exists): c_06840778_12_24000_4bd_2023
[2128878] Skipping (exists): c_06870778_12_24000_4bd_2023
[2128878] Skipping (exists): c_06900778_12_24000_4bd_2023
[2128878] Skipping (exists): c_06930778_12_24000_4bd_2023
[2128878] Skipping (exists): c_06960778_12_24000_4bd_2023
[2128878] Skipping (exists): c_06990778_12_24000_4bd_2023
[2128878] Skipping (exists): c_07020778_12_24000_4bd_2023
[2128878] Skipping (exists): c_07050778_12_24000_4bd_2023
[2128878] Skipping (exists): c_07080778_12_24000_4bd_2023
[2128878] Skipping (exists): c_07110778_12_24000_4bd_2023
[2128878] Skipping (exists): c_06810780_12_24000_4bd_2023
[2128878] Skipping (exists): c_06840780_12_24000_4bd_2023
[2128878] Skipping (exists): c_06870780_12_24000_4bd_2023
[2128878] Skipping (exists): c_06900780_12_24000_4bd_2023
[2128878] Skipping (exists): c_06930780_12_24000_4bd_2023
[2128878] Skipping (exists): c_06960780_12_24000_4bd_2023
[2128878] Skipping (exists): c_06990780_12_24000_4bd_2023
[2128878] Skipping (exists): c_07020780_12_24000_4bd_2023
[2128878] Skipping (exists): c_07050780_12_24000_4bd_2023
[2128878] Skipping (exists): c_07080780_12_24000_4bd_2023
[2128878] Skipping (exists): c_07110780_12_24000_4bd_2023
[2128878] Skipping (exists): c_07140780_12_24000_4bd_2023
[2128878] Skipping (exists): c_06810782_12_24000_4bd_2023
[2128878] Skipping (exists): c_06840782_12_24000_4bd_2023
[2128878] Skipping (exists): c_06870782_12_24000_4bd_2023
[2128878] Skipping (exists): c_06900782_12_24000_4bd_2023
[2128878] Skipping (exists): c_06930782_12_24000_4bd_2023
[2128878] Skipping (exists): c_06960782_12_24000_4bd_2023
[2128878] Skipping (exists): c_06990782_12_24000_4bd_2023
[2128878] Skipping (exists): c_07020782_12_24000_4bd_2023
[2128878] Skipping (exists): c_07050782_12_24000_4bd_2023
[2128878] Skipping (exists): c_07080782_12_24000_4bd_2023
[2128878] Skipping (exists): c_07110782_12_24000_4bd_2023
[2128878] Skipping (exists): c_07140782_12_24000_4bd_2023
[2128878] Skipping (exists): c_06780784_12_24000_4bd_2023
[2128878] Skipping (exists): c_06810784_12_24000_4bd_2023
[2128878] Skipping (exists): c_06840784_12_24000_4bd_2023
[2128878] Skipping (exists): c_06870784_12_24000_4bd_2023
[2128878] Skipping (exists): c_06900784_12_24000_4bd_2023
[2128878] Skipping (exists): c_06930784_12_24000_4bd_2023
[2128878] Skipping (exists): c_06960784_12_24000_4bd_2023
[2128878] Skipping (exists): c_06990784_12_24000_4bd_2023
[2128878] Skipping (exists): c_07020784_12_24000_4bd_2023
[2128878] Skipping (exists): c_07050784_12_24000_4bd_2023
[2128878] Skipping (exists): c_07080784_12_24000_4bd_2023
[2128878] Skipping (exists): c_07110784_12_24000_4bd_2023
[2128878] Skipping (exists): c_06690786_12_24000_4bd_2023
[2128878] Skipping (exists): c_06720786_12_24000_4bd_2023
[2128878] Skipping (exists): c_06750786_12_24000_4bd_2023
[2128878] Skipping (exists): c_06780786_12_24000_4bd_2023
[2128878] Skipping (exists): c_06810786_12_24000_4bd_2023
[2128878] Skipping (exists): c_06840786_12_24000_4bd_2023
[2128878] Skipping (exists): c_06870786_12_24000_4bd_2023
[2128878] Skipping (exists): c_06900786_12_24000_4bd_2023
[2128878] Skipping (exists): c_06930786_12_24000_4bd_2023
[2128878] Skipping (exists): c_06960786_12_24000_4bd_2023
[2128878] Skipping (exists): c_06990786_12_24000_4bd_2023
[2128878] Skipping (exists): c_07020786_12_24000_4bd_2023
[2128878] Skipping (exists): c_07050786_12_24000_4bd_2023
[2128878] Skipping (exists): c_07080786_12_24000_4bd_2023
[2128878] Skipping (exists): c_07110786_12_24000_4bd_2023
[2128878] Skipping (exists): c_07140786_12_24000_4bd_2023
[2128878] Skipping (exists): c_06690788_12_24000_4bd_2023
[2128878] Skipping (exists): c_06720788_12_24000_4bd_2023
[2128878] Skipping (exists): c_06750788_12_24000_4bd_2023
[2128878] Skipping (exists): c_06780788_12_24000_4bd_2023
[2128878] Skipping (exists): c_06810788_12_24000_4bd_2023
[2128878] Skipping (exists): c_06840788_12_24000_4bd_2023
[2128878] Skipping (exists): c_06870788_12_24000_4bd_2023
[2128878] Skipping (exists): c_06900788_12_24000_4bd_2023
[2128878] Skipping (exists): c_06930788_12_24000_4bd_2023
[2128878] Skipping (exists): c_06960788_12_24000_4bd_2023
[2128878] Skipping (exists): c_06990788_12_24000_4bd_2023
[2128878] Skipping (exists): c_07020788_12_24000_4bd_2023
[2128878] Skipping (exists): c_07050788_12_24000_4bd_2023
[2128878] Skipping (exists): c_07080788_12_24000_4bd_2023
[2128878] Skipping (exists): c_07110788_12_24000_4bd_2023
[2128878] Skipping (exists): c_07140788_12_24000_4bd_2023
[2128878] Skipping (exists): c_06720790_12_24000_4bd_2023
[2128878] Skipping (exists): c_06750790_12_24000_4bd_2023
[2128878] Skipping (exists): c_06780790_12_24000_4bd_2023
[2128878] Skipping (exists): c_06810790_12_24000_4bd_2023
[2128878] Skipping (exists): c_06840790_12_24000_4bd_2023
[2128878] Skipping (exists): c_06870790_12_24000_4bd_2023
[2128878] Skipping (exists): c_06900790_12_24000_4bd_2023
[2128878] Skipping (exists): c_06930790_12_24000_4bd_2023
[2128878] Skipping (exists): c_06960790_12_24000_4bd_2023
[2128878] Skipping (exists): c_06990790_12_24000_4bd_2023
[2128878] Skipping (exists): c_07020790_12_24000_4bd_2023
[2128878] Skipping (exists): c_07050790_12_24000_4bd_2023
[2128878] Skipping (exists): c_07080790_12_24000_4bd_2023
[2128878] Skipping (exists): c_07110790_12_24000_4bd_2023
[2128878] Skipping (exists): c_06720792_12_24000_4bd_2023
[2128878] Skipping (exists): c_06750792_12_24000_4bd_2023
[2128878] Skipping (exists): c_06780792_12_24000_4bd_2023
[2128878] Skipping (exists): c_06810792_12_24000_4bd_2023
[2128878] Skipping (exists): c_06840792_12_24000_4bd_2023
[2128878] Skipping (exists): c_06870792_12_24000_4bd_2023
[2128878] Skipping (exists): c_06900792_12_24000_4bd_2023
[2128878] Skipping (exists): c_06930792_12_24000_4bd_2023
[2128878] Skipping (exists): c_06960792_12_24000_4bd_2023
[2128878] Skipping (exists): c_06990792_12_24000_4bd_2023
[2128878] Skipping (exists): c_07020792_12_24000_4bd_2023
[2128878] Skipping (exists): c_07050792_12_24000_4bd_2023
[2128878] Skipping (exists): c_07080792_12_24000_4bd_2023
[2128878] Skipping (exists): c_07110792_12_24000_4bd_2023
[2128878] Skipping (exists): c_06660794_12_24000_4bd_2023
[2128878] Skipping (exists): c_06690794_12_24000_4bd_2023
[2128878] Skipping (exists): c_06720794_12_24000_4bd_2023
[2128878] Skipping (exists): c_06750794_12_24000_4bd_2023
[2128878] Skipping (exists): c_06780794_12_24000_4bd_2023
[2128878] Skipping (exists): c_06810794_12_24000_4bd_2023
[2128878] Skipping (exists): c_06840794_12_24000_4bd_2023
[2128878] Skipping (exists): c_06870794_12_24000_4bd_2023
[2128878] Skipping (exists): c_06900794_12_24000_4bd_2023
[2128878] Skipping (exists): c_06930794_12_24000_4bd_2023
[2128878] Skipping (exists): c_06960794_12_24000_4bd_2023
[2128878] Skipping (exists): c_06990794_12_24000_4bd_2023
[2128878] Skipping (exists): c_07020794_12_24000_4bd_2023
[2128878] Skipping (exists): c_07050794_12_24000_4bd_2023
[2128878] Skipping (exists): c_07080794_12_24000_4bd_2023
[2128878] Skipping (exists): c_07110794_12_24000_4bd_2023
[2128878] Skipping (exists): c_06660796_12_24000_4bd_2023
[2128878] Skipping (exists): c_06690796_12_24000_4bd_2023
[2128878] Skipping (exists): c_06720796_12_24000_4bd_2023
[2128878] Skipping (exists): c_06750796_12_24000_4bd_2023
[2128878] Skipping (exists): c_06780796_12_24000_4bd_2023
[2128878] Skipping (exists): c_06810796_12_24000_4bd_2023
[2128878] Skipping (exists): c_06840796_12_24000_4bd_2023
[2128878] Skipping (exists): c_06870796_12_24000_4bd_2023
[2128878] Skipping (exists): c_06900796_12_24000_4bd_2023
[2128878] Skipping (exists): c_06930796_12_24000_4bd_2023
[2128878] Skipping (exists): c_06960796_12_24000_4bd_2023
[2128878] Skipping (exists): c_06990796_12_24000_4bd_2023
[2128878] Skipping (exists): c_07020796_12_24000_4bd_2023
[2128878] Skipping (exists): c_07050796_12_24000_4bd_2023
[2128878] Skipping (exists): c_07080796_12_24000_4bd_2023
[2128878] Skipping (exists): c_07110796_12_24000_4bd_2023
[2128878] Skipping (exists): c_06630798_12_24000_4bd_2023
[2128878] Skipping (exists): c_06660798_12_24000_4bd_2023
[2128878] Skipping (exists): c_06690798_12_24000_4bd_2023
[2128878] Skipping (exists): c_06720798_12_24000_4bd_2023
[2128878] Skipping (exists): c_06750798_12_24000_4bd_2023
[2128878] Skipping (exists): c_06780798_12_24000_4bd_2023
[2128878] Skipping (exists): c_06810798_12_24000_4bd_2023
[2128878] Skipping (exists): c_06840798_12_24000_4bd_2023
[2128878] Skipping (exists): c_06870798_12_24000_4bd_2023
[2128878] Skipping (exists): c_06900798_12_24000_4bd_2023
[2128878] Skipping (exists): c_06930798_12_24000_4bd_2023
[2128878] Skipping (exists): c_06960798_12_24000_4bd_2023
[2128878] Skipping (exists): c_06990798_12_24000_4bd_2023
[2128878] Skipping (exists): c_07020798_12_24000_4bd_2023
[2128878] Skipping (exists): c_07050798_12_24000_4bd_2023
[2128878] Skipping (exists): c_07080798_12_24000_4bd_2023
[2128878] Skipping (exists): c_07110798_12_24000_4bd_2023
[2128878] Skipping (exists): c_07140798_12_24000_4bd_2023
[2128878] Skipping (exists): c_06630800_12_24000_4bd_2023
[2128878] Skipping (exists): c_06660800_12_24000_4bd_2023
[2128878] Skipping (exists): c_06690800_12_24000_4bd_2023
[2128878] Skipping (exists): c_06720800_12_24000_4bd_2023
[2128878] Skipping (exists): c_06750800_12_24000_4bd_2023
[2128878] Skipping (exists): c_06780800_12_24000_4bd_2023
[2128878] Skipping (exists): c_06810800_12_24000_4bd_2023
[2128878] Skipping (exists): c_06840800_12_24000_4bd_2023
[2128878] Skipping (exists): c_06870800_12_24000_4bd_2023
[2128878] Skipping (exists): c_06900800_12_24000_4bd_2023
[2128878] Skipping (exists): c_06930800_12_24000_4bd_2023
[2128878] Skipping (exists): c_06960800_12_24000_4bd_2023
[2128878] Skipping (exists): c_06990800_12_24000_4bd_2023
[2128878] Skipping (exists): c_07020800_12_24000_4bd_2023
[2128878] Skipping (exists): c_07050800_12_24000_4bd_2023
[2128878] Skipping (exists): c_07080800_12_24000_4bd_2023
[2128878] Skipping (exists): c_07110800_12_24000_4bd_2023
[2128878] Skipping (exists): c_07140800_12_24000_4bd_2023
[2128878] Skipping (exists): c_06630802_12_24000_4bd_2023
[2128878] Skipping (exists): c_06660802_12_24000_4bd_2023
[2128878] Skipping (exists): c_06690802_12_24000_4bd_2023
[2128878] Skipping (exists): c_06720802_12_24000_4bd_2023
[2128878] Skipping (exists): c_06750802_12_24000_4bd_2023
[2128878] Skipping (exists): c_06780802_12_24000_4bd_2023
[2128878] Skipping (exists): c_06810802_12_24000_4bd_2023
[2128878] Skipping (exists): c_06840802_12_24000_4bd_2023
[2128878] Skipping (exists): c_06870802_12_24000_4bd_2023
[2128878] Skipping (exists): c_06900802_12_24000_4bd_2023
[2128878] Skipping (exists): c_06930802_12_24000_4bd_2023
[2128878] Skipping (exists): c_06960802_12_24000_4bd_2023
[2128878] Skipping (exists): c_06990802_12_24000_4bd_2023
[2128878] Skipping (exists): c_07020802_12_24000_4bd_2023
[2128878] Skipping (exists): c_07050802_12_24000_4bd_2023
[2128878] Skipping (exists): c_07080802_12_24000_4bd_2023
[2128878] Skipping (exists): c_07110802_12_24000_4bd_2023
[2128878] Skipping (exists): c_06660804_12_24000_4bd_2023
[2128878] Skipping (exists): c_06690804_12_24000_4bd_2023
[2128878] Skipping (exists): c_06720804_12_24000_4bd_2023
[2128878] Skipping (exists): c_06750804_12_24000_4bd_2023
[2128878] Skipping (exists): c_06780804_12_24000_4bd_2023
[2128878] Skipping (exists): c_06810804_12_24000_4bd_2023
[2128878] Skipping (exists): c_06840804_12_24000_4bd_2023
[2128878] Skipping (exists): c_06870804_12_24000_4bd_2023
[2128878] Skipping (exists): c_06900804_12_24000_4bd_2023
[2128878] Skipping (exists): c_06930804_12_24000_4bd_2023
[2128878] Skipping (exists): c_06960804_12_24000_4bd_2023
[2128878] Skipping (exists): c_06990804_12_24000_4bd_2023
[2128878] Skipping (exists): c_07020804_12_24000_4bd_2023
[2128878] Skipping (exists): c_07050804_12_24000_4bd_2023
[2128878] Skipping (exists): c_07080804_12_24000_4bd_2023
[2128878] Skipping (exists): c_07110804_12_24000_4bd_2023
[2128878] Skipping (exists): c_06630806_12_24000_4bd_2023
[2128878] Skipping (exists): c_06660806_12_24000_4bd_2023
[2128878] Skipping (exists): c_06690806_12_24000_4bd_2023
[2128878] Skipping (exists): c_06720806_12_24000_4bd_2023
[2128878] Skipping (exists): c_06750806_12_24000_4bd_2023
[2128878] Skipping (exists): c_06780806_12_24000_4bd_2023
[2128878] Skipping (exists): c_06810806_12_24000_4bd_2023
[2128878] Skipping (exists): c_06840806_12_24000_4bd_2023
[2128878] Skipping (exists): c_06870806_12_24000_4bd_2023
[2128878] Skipping (exists): c_06900806_12_24000_4bd_2023
[2128878] Skipping (exists): c_06930806_12_24000_4bd_2023
[2128878] Skipping (exists): c_06960806_12_24000_4bd_2023
[2128878] Skipping (exists): c_06990806_12_24000_4bd_2023
[2128878] Skipping (exists): c_07020806_12_24000_4bd_2023
[2128878] Skipping (exists): c_07050806_12_24000_4bd_2023
[2128878] Skipping (exists): c_07080806_12_24000_4bd_2023
[2128878] Skipping (exists): c_07110806_12_24000_4bd_2023
[2128878] Skipping (exists): c_06660808_12_24000_4bd_2023
[2128878] Skipping (exists): c_06690808_12_24000_4bd_2023
[2128878] Skipping (exists): c_06720808_12_24000_4bd_2023
[2128878] Skipping (exists): c_06750808_12_24000_4bd_2023
[2128878] Skipping (exists): c_06780808_12_24000_4bd_2023
[2128878] Skipping (exists): c_06810808_12_24000_4bd_2023
[2128878] Skipping (exists): c_06840808_12_24000_4bd_2023
[2128878] Skipping (exists): c_06870808_12_24000_4bd_2023
[2128878] Skipping (exists): c_06900808_12_24000_4bd_2023
[2128878] Skipping (exists): c_06930808_12_24000_4bd_2023
[2128878] Skipping (exists): c_06960808_12_24000_4bd_2023
[2128878] Skipping (exists): c_06990808_12_24000_4bd_2023
[2128878] Skipping (exists): c_07020808_12_24000_4bd_2023
[2128878] Skipping (exists): c_07050808_12_24000_4bd_2023
[2128878] Skipping (exists): c_07080808_12_24000_4bd_2023
[2128878] Skipping (exists): c_07110808_12_24000_4bd_2023
[2128878] Skipping (exists): c_06660810_12_24000_4bd_2023
[2128878] Skipping (exists): c_06690810_12_24000_4bd_2023
[2128878] Skipping (exists): c_06720810_12_24000_4bd_2023
[2128878] Skipping (exists): c_06750810_12_24000_4bd_2023
[2128878] Skipping (exists): c_06780810_12_24000_4bd_2023
[2128878] Skipping (exists): c_06810810_12_24000_4bd_2023
[2128878] Skipping (exists): c_06840810_12_24000_4bd_2023
[2128878] Skipping (exists): c_06870810_12_24000_4bd_2023
[2128878] Skipping (exists): c_06900810_12_24000_4bd_2023
[2128878] Skipping (exists): c_06930810_12_24000_4bd_2023
[2128878] Skipping (exists): c_06960810_12_24000_4bd_2023
[2128878] Skipping (exists): c_06990810_12_24000_4bd_2023
[2128878] Skipping (exists): c_07020810_12_24000_4bd_2023
[2128878] Skipping (exists): c_07050810_12_24000_4bd_2023
[2128878] Skipping (exists): c_07080810_12_24000_4bd_2023
[2128878] Skipping (exists): c_07110810_12_24000_4bd_2023
[2128878] Skipping (exists): c_06630812_12_24000_4bd_2023
[2128878] Skipping (exists): c_06660812_12_24000_4bd_2023
[2128878] Skipping (exists): c_06690812_12_24000_4bd_2023
[2128878] Skipping (exists): c_06720812_12_24000_4bd_2023
[2128878] Skipping (exists): c_06750812_12_24000_4bd_2023
[2128878] Skipping (exists): c_06780812_12_24000_4bd_2023
[2128878] Skipping (exists): c_06810812_12_24000_4bd_2023
[2128878] Skipping (exists): c_06840812_12_24000_4bd_2023
[2128878] Skipping (exists): c_06870812_12_24000_4bd_2023
[2128878] Skipping (exists): c_06900812_12_24000_4bd_2023
[2128878] Skipping (exists): c_06930812_12_24000_4bd_2023
[2128878] Skipping (exists): c_06960812_12_24000_4bd_2023
[2128878] Skipping (exists): c_06990812_12_24000_4bd_2023
[2128878] Skipping (exists): c_07020812_12_24000_4bd_2023
[2128878] Skipping (exists): c_07050812_12_24000_4bd_2023
[2128878] Skipping (exists): c_07080812_12_24000_4bd_2023
[2128878] Skipping (exists): c_07110812_12_24000_4bd_2023
[2128878] Skipping (exists): c_06630814_12_24000_4bd_2023
[2128878] Skipping (exists): c_06660814_12_24000_4bd_2023
[2128878] Skipping (exists): c_06690814_12_24000_4bd_2023
[2128878] Skipping (exists): c_06720814_12_24000_4bd_2023
[2128878] Skipping (exists): c_06750814_12_24000_4bd_2023
[2128878] Skipping (exists): c_06780814_12_24000_4bd_2023
[2128878] Skipping (exists): c_06810814_12_24000_4bd_2023
[2128878] Skipping (exists): c_06840814_12_24000_4bd_2023
[2128878] Skipping (exists): c_06870814_12_24000_4bd_2023
[2128878] Skipping (exists): c_06900814_12_24000_4bd_2023
[2128878] Skipping (exists): c_06930814_12_24000_4bd_2023
[2128878] Skipping (exists): c_06960814_12_24000_4bd_2023
[2128878] Skipping (exists): c_06990814_12_24000_4bd_2023
[2128878] Skipping (exists): c_07020814_12_24000_4bd_2023
[2128878] Skipping (exists): c_07050814_12_24000_4bd_2023
[2128878] Skipping (exists): c_07080814_12_24000_4bd_2023
[2128878] Skipping (exists): c_07110814_12_24000_4bd_2023
[2128878] Skipping (exists): c_06630816_12_24000_4bd_2023
[2128878] Skipping (exists): c_06660816_12_24000_4bd_2023
[2128878] Skipping (exists): c_06690816_12_24000_4bd_2023
[2128878] Skipping (exists): c_06720816_12_24000_4bd_2023
[2128878] Skipping (exists): c_06750816_12_24000_4bd_2023
[2128878] Skipping (exists): c_06780816_12_24000_4bd_2023
[2128878] Skipping (exists): c_06810816_12_24000_4bd_2023
[2128878] Skipping (exists): c_06840816_12_24000_4bd_2023
[2128878] Skipping (exists): c_06870816_12_24000_4bd_2023
[2128878] Skipping (exists): c_06900816_12_24000_4bd_2023
[2128878] Skipping (exists): c_06930816_12_24000_4bd_2023
[2128878] Skipping (exists): c_06960816_12_24000_4bd_2023
[2128878] Skipping (exists): c_06990816_12_24000_4bd_2023
[2128878] Skipping (exists): c_07020816_12_24000_4bd_2023
[2128878] Skipping (exists): c_07050816_12_24000_4bd_2023
[2128878] Skipping (exists): c_07080816_12_24000_4bd_2023
[2128878] Skipping (exists): c_07110816_12_24000_4bd_2023
[2128878] Skipping (exists): c_06660818_12_24000_4bd_2023
[2128878] Skipping (exists): c_06690818_12_24000_4bd_2023
[2128878] Skipping (exists): c_06720818_12_24000_4bd_2023
[2128878] Skipping (exists): c_06750818_12_24000_4bd_2023
[2128878] Skipping (exists): c_06780818_12_24000_4bd_2023
[2128878] Skipping (exists): c_06810818_12_24000_4bd_2023
[2128878] Skipping (exists): c_06840818_12_24000_4bd_2023
[2128878] Skipping (exists): c_06870818_12_24000_4bd_2023
[2128878] Skipping (exists): c_06900818_12_24000_4bd_2023
[2128878] Skipping (exists): c_06930818_12_24000_4bd_2023
[2128878] Skipping (exists): c_06960818_12_24000_4bd_2023
[2128878] Skipping (exists): c_06990818_12_24000_4bd_2023
[2128878] Skipping (exists): c_07020818_12_24000_4bd_2023
[2128878] Skipping (exists): c_07050818_12_24000_4bd_2023
[2128878] Skipping (exists): c_07080818_12_24000_4bd_2023
[2128878] Skipping (exists): c_07110818_12_24000_4bd_2023
[2128878] Skipping (exists): c_06660820_12_24000_4bd_2023
[2128878] Skipping (exists): c_06690820_12_24000_4bd_2023
[2128878] Skipping (exists): c_06720820_12_24000_4bd_2023
[2128878] Skipping (exists): c_06750820_12_24000_4bd_2023
[2128878] Skipping (exists): c_06780820_12_24000_4bd_2023
[2128878] Skipping (exists): c_06810820_12_24000_4bd_2023
[2128878] Skipping (exists): c_06840820_12_24000_4bd_2023
[2128878] Skipping (exists): c_06870820_12_24000_4bd_2023
[2128878] Skipping (exists): c_06900820_12_24000_4bd_2023
[2128878] Skipping (exists): c_06930820_12_24000_4bd_2023
[2128878] Skipping (exists): c_06960820_12_24000_4bd_2023
[2128878] Skipping (exists): c_06990820_12_24000_4bd_2023
[2128878] Skipping (exists): c_07020820_12_24000_4bd_2023
[2128878] Skipping (exists): c_07050820_12_24000_4bd_2023
[2128878] Skipping (exists): c_07080820_12_24000_4bd_2023
[2128878] Skipping (exists): c_07110820_12_24000_4bd_2023
[2128878] Skipping (exists): c_06690822_12_24000_4bd_2023
[2128878] Skipping (exists): c_06720822_12_24000_4bd_2023
[2128878] Skipping (exists): c_06750822_12_24000_4bd_2023
[2128878] Skipping (exists): c_06780822_12_24000_4bd_2023
[2128878] Skipping (exists): c_06810822_12_24000_4bd_2023
[2128878] Skipping (exists): c_06840822_12_24000_4bd_2023
[2128878] Skipping (exists): c_06870822_12_24000_4bd_2023
[2128878] Skipping (exists): c_06900822_12_24000_4bd_2023
[2128878] Skipping (exists): c_06930822_12_24000_4bd_2023
[2128878] Skipping (exists): c_06960822_12_24000_4bd_2023
[2128878] Skipping (exists): c_06990822_12_24000_4bd_2023
[2128878] Skipping (exists): c_07020822_12_24000_4bd_2023
[2128878] Skipping (exists): c_07050822_12_24000_4bd_2023
[2128878] Skipping (exists): c_07080822_12_24000_4bd_2023
[2128878] Skipping (exists): c_07110822_12_24000_4bd_2023
[2128878] Skipping (exists): c_07140822_12_24000_4bd_2023
[2128878] Skipping (exists): c_06690824_12_24000_4bd_2023
[2128878] Skipping (exists): c_06720824_12_24000_4bd_2023
[2128878] Skipping (exists): c_06750824_12_24000_4bd_2023
[2128878] Skipping (exists): c_06780824_12_24000_4bd_2023
[2128878] Skipping (exists): c_06810824_12_24000_4bd_2023
[2128878] Skipping (exists): c_06840824_12_24000_4bd_2023
[2128878] Skipping (exists): c_06870824_12_24000_4bd_2023
[2128878] Skipping (exists): c_06900824_12_24000_4bd_2023
[2128878] Skipping (exists): c_06930824_12_24000_4bd_2023
[2128878] Skipping (exists): c_06960824_12_24000_4bd_2023
[2128878] Skipping (exists): c_06990824_12_24000_4bd_2023
[2128878] Skipping (exists): c_07020824_12_24000_4bd_2023
[2128878] Skipping (exists): c_07050824_12_24000_4bd_2023
[2128878] Skipping (exists): c_07080824_12_24000_4bd_2023
[2128878] Skipping (exists): c_07110824_12_24000_4bd_2023
[2128878] Skipping (exists): c_07140824_12_24000_4bd_2023
[2128878] Skipping (exists): c_06690826_12_24000_4bd_2023
[2128878] Skipping (exists): c_06720826_12_24000_4bd_2023
[2128878] Skipping (exists): c_06750826_12_24000_4bd_2023
[2128878] Skipping (exists): c_06780826_12_24000_4bd_2023
[2128878] Skipping (exists): c_06840826_12_24000_4bd_2023
[2128878] Skipping (exists): c_06870826_12_24000_4bd_2023
[2128878] Skipping (exists): c_06900826_12_24000_4bd_2023
[2128878] Skipping (exists): c_06930826_12_24000_4bd_2023
[2128878] Skipping (exists): c_06960826_12_24000_4bd_2023
[2128878] Skipping (exists): c_06990826_12_24000_4bd_2023
[2128878] Skipping (exists): c_07020826_12_24000_4bd_2023
[2128878] Skipping (exists): c_07050826_12_24000_4bd_2023
[2128878] Skipping (exists): c_07080826_12_24000_4bd_2023
[2128878] Skipping (exists): c_07110826_12_24000_4bd_2023
[2128878] Skipping (exists): c_07140826_12_24000_4bd_2023
[2128878] Skipping (exists): c_06690828_12_24000_4bd_2023
[2128878] Skipping (exists): c_06720828_12_24000_4bd_2023
[2128878] Skipping (exists): c_06750828_12_24000_4bd_2023
[2128878] Skipping (exists): c_06780828_12_24000_4bd_2023
[2128878] Skipping (exists): c_06840828_12_24000_4bd_2023
[2128878] Skipping (exists): c_06870828_12_24000_4bd_2023
[2128878] Skipping (exists): c_06930828_12_24000_4bd_2023
[2128878] Skipping (exists): c_06960828_12_24000_4bd_2023
[2128878] Skipping (exists): c_06990828_12_24000_4bd_2023
[2128878] Skipping (exists): c_07050828_12_24000_4bd_2023
[2128878] Skipping (exists): c_07080828_12_24000_4bd_2023
[2128878] Skipping (exists): c_07110828_12_24000_4bd_2023
[2128878] Skipping (exists): c_06690830_12_24000_4bd_2023
[2128878] Skipping (exists): c_06720830_12_24000_4bd_2023
[2128878] Skipping (exists): c_06750830_12_24000_4bd_2023
[2128878] Skipping (exists): c_06780830_12_24000_4bd_2023
[2128878] Skipping (exists): c_06690832_12_24000_4bd_2023
[2128878] Skipping (exists): c_06720832_12_24000_4bd_2023
[2128878] Skipping (exists): c_06750832_12_24000_4bd_2023
[2128878] Skipping (exists): c_06780832_12_24000_4bd_2023
[2128878] Skipping (exists): c_06690834_12_24000_4bd_2023
[2128878] Skipping (exists): c_06720834_12_24000_4bd_2023
[2128878] Skipping (exists): c_06750834_12_24000_4bd_2023
[2128878] Skipping (exists): c_06780834_12_24000_4bd_2023
[2128878] Skipping (exists): c_06690836_12_24000_4bd_2023
[2128878] Skipping (exists): c_06720836_12_24000_4bd_2023
[2128878] Skipping (exists): c_06750836_12_24000_4bd_2023
[2128878] Skipping (exists): c_06690838_12_24000_4bd_2023
[2128878] Skipping (exists): c_06720838_12_24000_4bd_2023
[2128878] Skipping (exists): c_06750838_12_24000_4bd_2023
[2128878] Skipping (exists): c_06780838_12_24000_4bd_2023
[2128878] Skipping (exists): c_06690840_12_24000_4bd_2023
[2128878] Skipping (exists): c_06720840_12_24000_4bd_2023
[2128878] Skipping (exists): c_06750840_12_24000_4bd_2023
[2128878] Skipping (exists): c_06780840_12_24000_4bd_2023
[2128878] Skipping (exists): c_06720842_12_24000_4bd_2023
[2128878] Skipping (exists): c_06750842_12_24000_4bd_2023
[2128878] Skipping (exists): c_06780842_12_24000_4bd_2023
[2128878] Skipping (exists): c_06720844_12_24000_4bd_2023
[2128878] Skipping (exists): c_06750844_12_24000_4bd_2023
[2128878] Skipping (exists): c_06780844_12_24000_4bd_2023
[2128878] Skipping (exists): c_06750846_12_24000_4bd_2023
[2128878] Skipping (exists): c_06780846_12_24000_4bd_2023

=== Done. 1771/1771 tiles processed. Imagery written to: Data/Ortho/Tiles ===
          used (Mb) gc trigger  (Mb) max used  (Mb)
Ncells 1616310 86.4    2875051 153.6  2875051 153.6
Vcells 2401050 18.4   12126903  92.6 11645949  88.9
