Using libcurl 7.76.1 with OpenSSL/3.2.2
Linking to GEOS 3.11.0, GDAL 3.5.2, PROJ 8.2.0; sf_use_s2() is TRUE

Attaching package: ‘dplyr’

The following objects are masked from ‘package:stats’:

    filter, lag

The following objects are masked from ‘package:base’:

    intersect, setdiff, setequal, union

terra 1.9.27
=== NYS Orthoimagery Download Pipeline ===
  GPKG:     Data/NY_HUCS/NY_Cluster_Zones_250_CROP_NAomit_6347.gpkg
  Cluster:  102
  Year:     2024
  Bands:    4bd
  Output:   Data/Ortho/Tiles
  Workers:  1
  HUC12s in cluster: 8

Querying ortho tile indexes...
  Index years available for '4bd': 2008, 2009, 2010, 2011, 2012, 2013, 2014, 2015, 2016, 2017, 2018, 2020, 2021, 2022, 2023, 2024, 2025
  Querying year 2024 ...
  Matching index layers: ind24l_half_ft_4bd_nyc, ind24w_half_ft_4bd, ind24w_one_ft_4bd, ind24e_one_ft_4bd, ind24e_half_ft_4bd
  NOTE: source tiles span multiple native resolutions (half_ft, one_ft); all will be resampled to 1 m.
  Querying year 2025 ...
  Matching index layers: ind25e_one_ft_4bd, ind25e_half_ft_4bd, ind25c_half_ft_4bd, ind25c_one_ft_4bd
  NOTE: source tiles span multiple native resolutions (one_ft, half_ft); all will be resampled to 1 m.
  Querying year 2023 ...
  Matching index layers: ind23e_half_ft_4bd, ind23w_one_ft_4bd, ind23c_one_ft_4bd, ind23l_half_ft_4bd, ind23w_half_ft_4bd
  NOTE: source tiles span multiple native resolutions (half_ft, one_ft); all will be resampled to 1 m.
  Querying year 2022 ...
  Matching index layers: ind22c_one_ft_4bd, ind22e_half_ft_4bd, ind22e_one_ft_4bd, ind22c_half_ft_4bd, ind22l_half_ft_4bd_nyc
  NOTE: source tiles span multiple native resolutions (one_ft, half_ft); all will be resampled to 1 m.
    layer 14: 1570 bbox hits
    layer 16: 52 bbox hits
  Year 2022: 1112 tiles selected
  Years selected: 2022
Unique full-size tiles to process: 1112
[1730861] Downloading: c_11611156_12_19000_4bd_2022
[1730861] Reprojecting: c_11611156_12_19000_4bd_2022
[1730861] Downloading: c_11641156_12_19000_4bd_2022
[1730861] Reprojecting: c_11641156_12_19000_4bd_2022
[1730861] Downloading: c_11551158_12_19000_4bd_2022
[1730861] Reprojecting: c_11551158_12_19000_4bd_2022
[1730861] Downloading: c_11581158_12_19000_4bd_2022
[1730861] Reprojecting: c_11581158_12_19000_4bd_2022
[1730861] Downloading: c_11611158_12_19000_4bd_2022
[1730861] Reprojecting: c_11611158_12_19000_4bd_2022
[1730861] Downloading: c_11641158_12_19000_4bd_2022
[1730861] Reprojecting: c_11641158_12_19000_4bd_2022
[1730861] Downloading: c_11491160_12_19000_4bd_2022
[1730861] Reprojecting: c_11491160_12_19000_4bd_2022
[1730861] Downloading: c_11521160_12_19000_4bd_2022
[1730861] Reprojecting: c_11521160_12_19000_4bd_2022
[1730861] Downloading: c_11551160_12_19000_4bd_2022
[1730861] Reprojecting: c_11551160_12_19000_4bd_2022
[1730861] Downloading: c_11581160_12_19000_4bd_2022
[1730861] Reprojecting: c_11581160_12_19000_4bd_2022
[1730861] Downloading: c_11611160_12_19000_4bd_2022
[1730861] Reprojecting: c_11611160_12_19000_4bd_2022
[1730861] Downloading: c_11641160_12_19000_4bd_2022
[1730861] Reprojecting: c_11641160_12_19000_4bd_2022
[1730861] Downloading: c_11491162_12_19000_4bd_2022
[1730861] Reprojecting: c_11491162_12_19000_4bd_2022
[1730861] Downloading: c_11521162_12_19000_4bd_2022
[1730861] Reprojecting: c_11521162_12_19000_4bd_2022
[1730861] Downloading: c_11551162_12_19000_4bd_2022
[1730861] Reprojecting: c_11551162_12_19000_4bd_2022
[1730861] Downloading: c_11581162_12_19000_4bd_2022
[1730861] Reprojecting: c_11581162_12_19000_4bd_2022
[1730861] Downloading: c_11611162_12_19000_4bd_2022
[1730861] Reprojecting: c_11611162_12_19000_4bd_2022
[1730861] Downloading: c_11641162_12_19000_4bd_2022
[1730861] Reprojecting: c_11641162_12_19000_4bd_2022
[1730861] Downloading: c_11671162_12_19000_4bd_2022
[1730861] Reprojecting: c_11671162_12_19000_4bd_2022
[1730861] Downloading: c_11701162_12_19000_4bd_2022
[1730861] Reprojecting: c_11701162_12_19000_4bd_2022
[1730861] Downloading: c_11431164_12_19000_4bd_2022
[1730861] Reprojecting: c_11431164_12_19000_4bd_2022
[1730861] Downloading: c_11461164_12_19000_4bd_2022
[1730861] Reprojecting: c_11461164_12_19000_4bd_2022
[1730861] Downloading: c_11491164_12_19000_4bd_2022
[1730861] Reprojecting: c_11491164_12_19000_4bd_2022
[1730861] Downloading: c_11521164_12_19000_4bd_2022
[1730861] Reprojecting: c_11521164_12_19000_4bd_2022
[1730861] Downloading: c_11551164_12_19000_4bd_2022
[1730861] Reprojecting: c_11551164_12_19000_4bd_2022
[1730861] Downloading: c_11581164_12_19000_4bd_2022
[1730861] Reprojecting: c_11581164_12_19000_4bd_2022
[1730861] Downloading: c_11611164_12_19000_4bd_2022
[1730861] Reprojecting: c_11611164_12_19000_4bd_2022
[1730861] Downloading: c_11641164_12_19000_4bd_2022
[1730861] Reprojecting: c_11641164_12_19000_4bd_2022
[1730861] Downloading: c_11671164_12_19000_4bd_2022
[1730861] Reprojecting: c_11671164_12_19000_4bd_2022
[1730861] Downloading: c_11701164_12_19000_4bd_2022
[1730861] Reprojecting: c_11701164_12_19000_4bd_2022
[1730861] Downloading: c_11731164_12_19000_4bd_2022
[1730861] Reprojecting: c_11731164_12_19000_4bd_2022
[1730861] Downloading: c_11761164_12_19000_4bd_2022
[1730861] Reprojecting: c_11761164_12_19000_4bd_2022
[1730861] Downloading: c_11791164_12_19000_4bd_2022
[1730861] Reprojecting: c_11791164_12_19000_4bd_2022
[1730861] Downloading: c_11821164_12_19000_4bd_2022
[1730861] Reprojecting: c_11821164_12_19000_4bd_2022
[1730861] Downloading: c_11191166_12_19000_4bd_2022
[1730861] Reprojecting: c_11191166_12_19000_4bd_2022
[1730861] Downloading: c_11221166_12_19000_4bd_2022
[1730861] Reprojecting: c_11221166_12_19000_4bd_2022
[1730861] Downloading: c_11251166_12_19000_4bd_2022
[1730861] Reprojecting: c_11251166_12_19000_4bd_2022
[1730861] Downloading: c_11281166_12_19000_4bd_2022
[1730861] Reprojecting: c_11281166_12_19000_4bd_2022
[1730861] Downloading: c_11311166_12_19000_4bd_2022
[1730861] Reprojecting: c_11311166_12_19000_4bd_2022
[1730861] Downloading: c_11341166_12_19000_4bd_2022
[1730861] Reprojecting: c_11341166_12_19000_4bd_2022
[1730861] Downloading: c_11371166_12_19000_4bd_2022
[1730861] Reprojecting: c_11371166_12_19000_4bd_2022
[1730861] Downloading: c_11401166_12_19000_4bd_2022
[1730861] Reprojecting: c_11401166_12_19000_4bd_2022
[1730861] Downloading: c_11431166_12_19000_4bd_2022
[1730861] Reprojecting: c_11431166_12_19000_4bd_2022
[1730861] Downloading: c_11461166_12_19000_4bd_2022
[1730861] Reprojecting: c_11461166_12_19000_4bd_2022
[1730861] Downloading: c_11491166_12_19000_4bd_2022
[1730861] Reprojecting: c_11491166_12_19000_4bd_2022
[1730861] Downloading: c_11521166_12_19000_4bd_2022
[1730861] Reprojecting: c_11521166_12_19000_4bd_2022
[1730861] Downloading: c_11551166_12_19000_4bd_2022
[1730861] Reprojecting: c_11551166_12_19000_4bd_2022
[1730861] Downloading: c_11581166_12_19000_4bd_2022
[1730861] Reprojecting: c_11581166_12_19000_4bd_2022
[1730861] Downloading: c_11611166_12_19000_4bd_2022
[1730861] Reprojecting: c_11611166_12_19000_4bd_2022
[1730861] Downloading: c_11641166_12_19000_4bd_2022
[1730861] Reprojecting: c_11641166_12_19000_4bd_2022
[1730861] Downloading: c_11671166_12_19000_4bd_2022
[1730861] Reprojecting: c_11671166_12_19000_4bd_2022
[1730861] Downloading: c_11701166_12_19000_4bd_2022
[1730861] Reprojecting: c_11701166_12_19000_4bd_2022
[1730861] Downloading: c_11731166_12_19000_4bd_2022
[1730861] Reprojecting: c_11731166_12_19000_4bd_2022
[1730861] Downloading: c_11761166_12_19000_4bd_2022
[1730861] Reprojecting: c_11761166_12_19000_4bd_2022
[1730861] Downloading: c_11791166_12_19000_4bd_2022
[1730861] Reprojecting: c_11791166_12_19000_4bd_2022
[1730861] Downloading: c_11821166_12_19000_4bd_2022
[1730861] Reprojecting: c_11821166_12_19000_4bd_2022
[1730861] Downloading: c_11191168_12_19000_4bd_2022
[1730861] Reprojecting: c_11191168_12_19000_4bd_2022
[1730861] Downloading: c_11221168_12_19000_4bd_2022
[1730861] Reprojecting: c_11221168_12_19000_4bd_2022
[1730861] Downloading: c_11251168_12_19000_4bd_2022
[1730861] Reprojecting: c_11251168_12_19000_4bd_2022
[1730861] Downloading: c_11281168_12_19000_4bd_2022
[1730861] Reprojecting: c_11281168_12_19000_4bd_2022
[1730861] Downloading: c_11311168_12_19000_4bd_2022
[1730861] Reprojecting: c_11311168_12_19000_4bd_2022
[1730861] Downloading: c_11341168_12_19000_4bd_2022
[1730861] Reprojecting: c_11341168_12_19000_4bd_2022
[1730861] Downloading: c_11371168_12_19000_4bd_2022
[1730861] Reprojecting: c_11371168_12_19000_4bd_2022
[1730861] Downloading: c_11401168_12_19000_4bd_2022
[1730861] Reprojecting: c_11401168_12_19000_4bd_2022
[1730861] Downloading: c_11431168_12_19000_4bd_2022
[1730861] Reprojecting: c_11431168_12_19000_4bd_2022
[1730861] Downloading: c_11461168_12_19000_4bd_2022
[1730861] Reprojecting: c_11461168_12_19000_4bd_2022
[1730861] Downloading: c_11491168_12_19000_4bd_2022
[1730861] Reprojecting: c_11491168_12_19000_4bd_2022
[1730861] Downloading: c_11521168_12_19000_4bd_2022
[1730861] Reprojecting: c_11521168_12_19000_4bd_2022
[1730861] Downloading: c_11551168_12_19000_4bd_2022
[1730861] Reprojecting: c_11551168_12_19000_4bd_2022
[1730861] Downloading: c_11581168_12_19000_4bd_2022
[1730861] Reprojecting: c_11581168_12_19000_4bd_2022
[1730861] Downloading: c_11611168_12_19000_4bd_2022
[1730861] Reprojecting: c_11611168_12_19000_4bd_2022
[1730861] Downloading: c_11641168_12_19000_4bd_2022
[1730861] Reprojecting: c_11641168_12_19000_4bd_2022
[1730861] Downloading: c_11671168_12_19000_4bd_2022
[1730861] Reprojecting: c_11671168_12_19000_4bd_2022
[1730861] Downloading: c_11701168_12_19000_4bd_2022
[1730861] Reprojecting: c_11701168_12_19000_4bd_2022
[1730861] Downloading: c_11731168_12_19000_4bd_2022
[1730861] Reprojecting: c_11731168_12_19000_4bd_2022
[1730861] Downloading: c_11761168_12_19000_4bd_2022
[1730861] Reprojecting: c_11761168_12_19000_4bd_2022
[1730861] Downloading: c_11791168_12_19000_4bd_2022
[1730861] Reprojecting: c_11791168_12_19000_4bd_2022
[1730861] Downloading: c_11821168_12_19000_4bd_2022
[1730861] Reprojecting: c_11821168_12_19000_4bd_2022
[1730861] Downloading: c_11851168_12_19000_4bd_2022
[1730861] Reprojecting: c_11851168_12_19000_4bd_2022
[1730861] Downloading: c_11191170_12_19000_4bd_2022
[1730861] Reprojecting: c_11191170_12_19000_4bd_2022
[1730861] Downloading: c_11221170_12_19000_4bd_2022
[1730861] Reprojecting: c_11221170_12_19000_4bd_2022
[1730861] Downloading: c_11251170_12_19000_4bd_2022
[1730861] Reprojecting: c_11251170_12_19000_4bd_2022
[1730861] Downloading: c_11281170_12_19000_4bd_2022
[1730861] Reprojecting: c_11281170_12_19000_4bd_2022
[1730861] Downloading: c_11311170_12_19000_4bd_2022
[1730861] Reprojecting: c_11311170_12_19000_4bd_2022
[1730861] Downloading: c_11341170_12_19000_4bd_2022
[1730861] Reprojecting: c_11341170_12_19000_4bd_2022
[1730861] Downloading: c_11371170_12_19000_4bd_2022
[1730861] Reprojecting: c_11371170_12_19000_4bd_2022
[1730861] Downloading: c_11401170_12_19000_4bd_2022
[1730861] Reprojecting: c_11401170_12_19000_4bd_2022
[1730861] Downloading: c_11431170_12_19000_4bd_2022
[1730861] Reprojecting: c_11431170_12_19000_4bd_2022
[1730861] Downloading: c_11461170_12_19000_4bd_2022
[1730861] Reprojecting: c_11461170_12_19000_4bd_2022
[1730861] Downloading: c_11491170_12_19000_4bd_2022
[1730861] Reprojecting: c_11491170_12_19000_4bd_2022
[1730861] Downloading: c_11521170_12_19000_4bd_2022
[1730861] Reprojecting: c_11521170_12_19000_4bd_2022
[1730861] Downloading: c_11551170_12_19000_4bd_2022
[1730861] Reprojecting: c_11551170_12_19000_4bd_2022
[1730861] Downloading: c_11581170_12_19000_4bd_2022
[1730861] Reprojecting: c_11581170_12_19000_4bd_2022
[1730861] Downloading: c_11611170_12_19000_4bd_2022
[1730861] Reprojecting: c_11611170_12_19000_4bd_2022
[1730861] Downloading: c_11641170_12_19000_4bd_2022
[1730861] Reprojecting: c_11641170_12_19000_4bd_2022
[1730861] Downloading: c_11671170_12_19000_4bd_2022
[1730861] Reprojecting: c_11671170_12_19000_4bd_2022
[1730861] Downloading: c_11701170_12_19000_4bd_2022
[1730861] Reprojecting: c_11701170_12_19000_4bd_2022
[1730861] Downloading: c_11731170_12_19000_4bd_2022
[1730861] Reprojecting: c_11731170_12_19000_4bd_2022
[1730861] Downloading: c_11761170_12_19000_4bd_2022
[1730861] Reprojecting: c_11761170_12_19000_4bd_2022
[1730861] Downloading: c_11791170_12_19000_4bd_2022
[1730861] Reprojecting: c_11791170_12_19000_4bd_2022
[1730861] Downloading: c_11821170_12_19000_4bd_2022
[1730861] Reprojecting: c_11821170_12_19000_4bd_2022
[1730861] Downloading: c_11851170_12_19000_4bd_2022
[1730861] Reprojecting: c_11851170_12_19000_4bd_2022
[1730861] Downloading: c_11881170_12_19000_4bd_2022
[1730861] Reprojecting: c_11881170_12_19000_4bd_2022
[1730861] Downloading: c_11911170_12_19000_4bd_2022
[1730861] Reprojecting: c_11911170_12_19000_4bd_2022
[1730861] Downloading: c_11191172_12_19000_4bd_2022
[1730861] Reprojecting: c_11191172_12_19000_4bd_2022
[1730861] Downloading: c_11221172_12_19000_4bd_2022
[1730861] Reprojecting: c_11221172_12_19000_4bd_2022
[1730861] Downloading: c_11251172_12_19000_4bd_2022
[1730861] Reprojecting: c_11251172_12_19000_4bd_2022
[1730861] Downloading: c_11281172_12_19000_4bd_2022
[1730861] Reprojecting: c_11281172_12_19000_4bd_2022
[1730861] Downloading: c_11311172_12_19000_4bd_2022
[1730861] Reprojecting: c_11311172_12_19000_4bd_2022
[1730861] Downloading: c_11341172_12_19000_4bd_2022
[1730861] Reprojecting: c_11341172_12_19000_4bd_2022
[1730861] Downloading: c_11371172_12_19000_4bd_2022
[1730861] Reprojecting: c_11371172_12_19000_4bd_2022
[1730861] Downloading: c_11401172_12_19000_4bd_2022
[1730861] Reprojecting: c_11401172_12_19000_4bd_2022
[1730861] Downloading: c_11431172_12_19000_4bd_2022
[1730861] Reprojecting: c_11431172_12_19000_4bd_2022
[1730861] Downloading: c_11461172_12_19000_4bd_2022
[1730861] Reprojecting: c_11461172_12_19000_4bd_2022
[1730861] Downloading: c_11491172_12_19000_4bd_2022
[1730861] Reprojecting: c_11491172_12_19000_4bd_2022
[1730861] Downloading: c_11521172_12_19000_4bd_2022
[1730861] Reprojecting: c_11521172_12_19000_4bd_2022
[1730861] Downloading: c_11551172_12_19000_4bd_2022
[1730861] Reprojecting: c_11551172_12_19000_4bd_2022
[1730861] Downloading: c_11581172_12_19000_4bd_2022
[1730861] Reprojecting: c_11581172_12_19000_4bd_2022
[1730861] Downloading: c_11611172_12_19000_4bd_2022
[1730861] Reprojecting: c_11611172_12_19000_4bd_2022
[1730861] Downloading: c_11641172_12_19000_4bd_2022
[1730861] Reprojecting: c_11641172_12_19000_4bd_2022
[1730861] Downloading: c_11671172_12_19000_4bd_2022
[1730861] Reprojecting: c_11671172_12_19000_4bd_2022
[1730861] Downloading: c_11701172_12_19000_4bd_2022
[1730861] Reprojecting: c_11701172_12_19000_4bd_2022
[1730861] Downloading: c_11731172_12_19000_4bd_2022
[1730861] Reprojecting: c_11731172_12_19000_4bd_2022
[1730861] Downloading: c_11761172_12_19000_4bd_2022
[1730861] Reprojecting: c_11761172_12_19000_4bd_2022
[1730861] Downloading: c_11791172_12_19000_4bd_2022
[1730861] Reprojecting: c_11791172_12_19000_4bd_2022
[1730861] Downloading: c_11821172_12_19000_4bd_2022
[1730861] Reprojecting: c_11821172_12_19000_4bd_2022
[1730861] Downloading: c_11851172_12_19000_4bd_2022
[1730861] Reprojecting: c_11851172_12_19000_4bd_2022
[1730861] Downloading: c_11881172_12_19000_4bd_2022
[1730861] Reprojecting: c_11881172_12_19000_4bd_2022
[1730861] Downloading: c_11911172_12_19000_4bd_2022
[1730861] Reprojecting: c_11911172_12_19000_4bd_2022
[1730861] Downloading: c_11221174_12_19000_4bd_2022
[1730861] Reprojecting: c_11221174_12_19000_4bd_2022
[1730861] Downloading: c_11251174_12_19000_4bd_2022
[1730861] Reprojecting: c_11251174_12_19000_4bd_2022
[1730861] Downloading: c_11281174_12_19000_4bd_2022
[1730861] Reprojecting: c_11281174_12_19000_4bd_2022
[1730861] Downloading: c_11311174_12_19000_4bd_2022
[1730861] Reprojecting: c_11311174_12_19000_4bd_2022
[1730861] Downloading: c_11341174_12_19000_4bd_2022
[1730861] Reprojecting: c_11341174_12_19000_4bd_2022
[1730861] Downloading: c_11371174_12_19000_4bd_2022
[1730861] Reprojecting: c_11371174_12_19000_4bd_2022
[1730861] Downloading: c_11401174_12_19000_4bd_2022
[1730861] Reprojecting: c_11401174_12_19000_4bd_2022
[1730861] Downloading: c_11431174_12_19000_4bd_2022
[1730861] Reprojecting: c_11431174_12_19000_4bd_2022
[1730861] Downloading: c_11461174_12_19000_4bd_2022
[1730861] Reprojecting: c_11461174_12_19000_4bd_2022
[1730861] Downloading: c_11491174_12_19000_4bd_2022
[1730861] Reprojecting: c_11491174_12_19000_4bd_2022
[1730861] Downloading: c_11521174_12_19000_4bd_2022
[1730861] Reprojecting: c_11521174_12_19000_4bd_2022
[1730861] Downloading: c_11551174_12_19000_4bd_2022
[1730861] Reprojecting: c_11551174_12_19000_4bd_2022
[1730861] Downloading: c_11581174_12_19000_4bd_2022
[1730861] Reprojecting: c_11581174_12_19000_4bd_2022
[1730861] Downloading: c_11611174_12_19000_4bd_2022
[1730861] Reprojecting: c_11611174_12_19000_4bd_2022
[1730861] Downloading: c_11641174_12_19000_4bd_2022
[1730861] Reprojecting: c_11641174_12_19000_4bd_2022
[1730861] Downloading: c_11671174_12_19000_4bd_2022
[1730861] Reprojecting: c_11671174_12_19000_4bd_2022
[1730861] Downloading: c_11701174_12_19000_4bd_2022
[1730861] Reprojecting: c_11701174_12_19000_4bd_2022
[1730861] Downloading: c_11731174_12_19000_4bd_2022
[1730861] Reprojecting: c_11731174_12_19000_4bd_2022
[1730861] Downloading: c_11761174_12_19000_4bd_2022
[1730861] Reprojecting: c_11761174_12_19000_4bd_2022
[1730861] Downloading: c_11791174_12_19000_4bd_2022
[1730861] Reprojecting: c_11791174_12_19000_4bd_2022
[1730861] Downloading: c_11821174_12_19000_4bd_2022
[1730861] Reprojecting: c_11821174_12_19000_4bd_2022
[1730861] Downloading: c_11851174_12_19000_4bd_2022
[1730861] Reprojecting: c_11851174_12_19000_4bd_2022
[1730861] Downloading: c_11881174_12_19000_4bd_2022
[1730861] Reprojecting: c_11881174_12_19000_4bd_2022
[1730861] Downloading: c_11911174_12_19000_4bd_2022
[1730861] Reprojecting: c_11911174_12_19000_4bd_2022
[1730861] Downloading: c_11941174_12_19000_4bd_2022
[1730861] Reprojecting: c_11941174_12_19000_4bd_2022
[1730861] Downloading: c_11221176_12_19000_4bd_2022
[1730861] Reprojecting: c_11221176_12_19000_4bd_2022
[1730861] Downloading: c_11251176_12_19000_4bd_2022
[1730861] Reprojecting: c_11251176_12_19000_4bd_2022
[1730861] Downloading: c_11281176_12_19000_4bd_2022
[1730861] Reprojecting: c_11281176_12_19000_4bd_2022
[1730861] Downloading: c_11311176_12_19000_4bd_2022
[1730861] Reprojecting: c_11311176_12_19000_4bd_2022
[1730861] Downloading: c_11341176_12_19000_4bd_2022
[1730861] Reprojecting: c_11341176_12_19000_4bd_2022
[1730861] Downloading: c_11371176_12_19000_4bd_2022
[1730861] Reprojecting: c_11371176_12_19000_4bd_2022
[1730861] Downloading: c_11401176_12_19000_4bd_2022
[1730861] Reprojecting: c_11401176_12_19000_4bd_2022
[1730861] Downloading: c_11431176_12_19000_4bd_2022
[1730861] Reprojecting: c_11431176_12_19000_4bd_2022
[1730861] Downloading: c_11461176_12_19000_4bd_2022
[1730861] Reprojecting: c_11461176_12_19000_4bd_2022
[1730861] Downloading: c_11491176_12_19000_4bd_2022
[1730861] Reprojecting: c_11491176_12_19000_4bd_2022
[1730861] Downloading: c_11521176_12_19000_4bd_2022
[1730861] Reprojecting: c_11521176_12_19000_4bd_2022
[1730861] Downloading: c_11551176_12_19000_4bd_2022
[1730861] Reprojecting: c_11551176_12_19000_4bd_2022
[1730861] Downloading: c_11581176_12_19000_4bd_2022
[1730861] Reprojecting: c_11581176_12_19000_4bd_2022
[1730861] Downloading: c_11611176_12_19000_4bd_2022
[1730861] Reprojecting: c_11611176_12_19000_4bd_2022
[1730861] Downloading: c_11641176_12_19000_4bd_2022
[1730861] Reprojecting: c_11641176_12_19000_4bd_2022
[1730861] Downloading: c_11671176_12_19000_4bd_2022
[1730861] Reprojecting: c_11671176_12_19000_4bd_2022
[1730861] Downloading: c_11701176_12_19000_4bd_2022
[1730861] Reprojecting: c_11701176_12_19000_4bd_2022
[1730861] Downloading: c_11731176_12_19000_4bd_2022
[1730861] Reprojecting: c_11731176_12_19000_4bd_2022
[1730861] Downloading: c_11761176_12_19000_4bd_2022
[1730861] Reprojecting: c_11761176_12_19000_4bd_2022
[1730861] Downloading: c_11791176_12_19000_4bd_2022
[1730861] Reprojecting: c_11791176_12_19000_4bd_2022
[1730861] Downloading: c_11821176_12_19000_4bd_2022
[1730861] Reprojecting: c_11821176_12_19000_4bd_2022
[1730861] Downloading: c_11851176_12_19000_4bd_2022
[1730861] Reprojecting: c_11851176_12_19000_4bd_2022
[1730861] Downloading: c_11881176_12_19000_4bd_2022
[1730861] Reprojecting: c_11881176_12_19000_4bd_2022
[1730861] Downloading: c_11911176_12_19000_4bd_2022
[1730861] Reprojecting: c_11911176_12_19000_4bd_2022
[1730861] Downloading: c_11941176_12_19000_4bd_2022
[1730861] Reprojecting: c_11941176_12_19000_4bd_2022
[1730861] Downloading: c_11971176_12_19000_4bd_2022
[1730861] Reprojecting: c_11971176_12_19000_4bd_2022
[1730861] Downloading: c_12001176_12_19000_4bd_2022
[1730861] Reprojecting: c_12001176_12_19000_4bd_2022
[1730861] Downloading: c_11221178_12_19000_4bd_2022
[1730861] Reprojecting: c_11221178_12_19000_4bd_2022
[1730861] Downloading: c_11251178_12_19000_4bd_2022
[1730861] Reprojecting: c_11251178_12_19000_4bd_2022
[1730861] Downloading: c_11281178_12_19000_4bd_2022
[1730861] Reprojecting: c_11281178_12_19000_4bd_2022
[1730861] Downloading: c_11311178_12_19000_4bd_2022
[1730861] Reprojecting: c_11311178_12_19000_4bd_2022
[1730861] Downloading: c_11341178_12_19000_4bd_2022
[1730861] Reprojecting: c_11341178_12_19000_4bd_2022
[1730861] Downloading: c_11371178_12_19000_4bd_2022
[1730861] Reprojecting: c_11371178_12_19000_4bd_2022
[1730861] Downloading: c_11401178_12_19000_4bd_2022
[1730861] Reprojecting: c_11401178_12_19000_4bd_2022
[1730861] Downloading: c_11431178_12_19000_4bd_2022
[1730861] Reprojecting: c_11431178_12_19000_4bd_2022
[1730861] Downloading: c_11461178_12_19000_4bd_2022
[1730861] Reprojecting: c_11461178_12_19000_4bd_2022
[1730861] Downloading: c_11491178_12_19000_4bd_2022
[1730861] Reprojecting: c_11491178_12_19000_4bd_2022
[1730861] Downloading: c_11521178_12_19000_4bd_2022
[1730861] Reprojecting: c_11521178_12_19000_4bd_2022
[1730861] Downloading: c_11551178_12_19000_4bd_2022
[1730861] Reprojecting: c_11551178_12_19000_4bd_2022
[1730861] Downloading: c_11581178_12_19000_4bd_2022
[1730861] Reprojecting: c_11581178_12_19000_4bd_2022
[1730861] Downloading: c_11611178_12_19000_4bd_2022
[1730861] Reprojecting: c_11611178_12_19000_4bd_2022
[1730861] Downloading: c_11641178_12_19000_4bd_2022
[1730861] Reprojecting: c_11641178_12_19000_4bd_2022
[1730861] Downloading: c_11671178_12_19000_4bd_2022
[1730861] Reprojecting: c_11671178_12_19000_4bd_2022
[1730861] Downloading: c_11701178_12_19000_4bd_2022
[1730861] Reprojecting: c_11701178_12_19000_4bd_2022
[1730861] Downloading: c_11731178_12_19000_4bd_2022
[1730861] Reprojecting: c_11731178_12_19000_4bd_2022
[1730861] Downloading: c_11761178_12_19000_4bd_2022
[1730861] Reprojecting: c_11761178_12_19000_4bd_2022
[1730861] Downloading: c_11791178_12_19000_4bd_2022
[1730861] Reprojecting: c_11791178_12_19000_4bd_2022
[1730861] Downloading: c_11821178_12_19000_4bd_2022
[1730861] Reprojecting: c_11821178_12_19000_4bd_2022
[1730861] Downloading: c_11851178_12_19000_4bd_2022
[1730861] Reprojecting: c_11851178_12_19000_4bd_2022
[1730861] Downloading: c_11881178_12_19000_4bd_2022
[1730861] Reprojecting: c_11881178_12_19000_4bd_2022
[1730861] Downloading: c_11911178_12_19000_4bd_2022
[1730861] Reprojecting: c_11911178_12_19000_4bd_2022
[1730861] Downloading: c_11941178_12_19000_4bd_2022
[1730861] Reprojecting: c_11941178_12_19000_4bd_2022
[1730861] Downloading: c_11971178_12_19000_4bd_2022
[1730861] Reprojecting: c_11971178_12_19000_4bd_2022
[1730861] Downloading: c_12001178_12_19000_4bd_2022
[1730861] Reprojecting: c_12001178_12_19000_4bd_2022
[1730861] Downloading: c_12031178_12_19000_4bd_2022
[1730861] Reprojecting: c_12031178_12_19000_4bd_2022
[1730861] Downloading: c_11221180_12_19000_4bd_2022
[1730861] Reprojecting: c_11221180_12_19000_4bd_2022
[1730861] Downloading: c_11251180_12_19000_4bd_2022
[1730861] Reprojecting: c_11251180_12_19000_4bd_2022
[1730861] Downloading: c_11281180_12_19000_4bd_2022
[1730861] Reprojecting: c_11281180_12_19000_4bd_2022
[1730861] Downloading: c_11311180_12_19000_4bd_2022
[1730861] Reprojecting: c_11311180_12_19000_4bd_2022
[1730861] Downloading: c_11341180_12_19000_4bd_2022
[1730861] Reprojecting: c_11341180_12_19000_4bd_2022
[1730861] Downloading: c_11371180_12_19000_4bd_2022
[1730861] Reprojecting: c_11371180_12_19000_4bd_2022
[1730861] Downloading: c_11401180_12_19000_4bd_2022
[1730861] Reprojecting: c_11401180_12_19000_4bd_2022
[1730861] Downloading: c_11431180_12_19000_4bd_2022
[1730861] Reprojecting: c_11431180_12_19000_4bd_2022
[1730861] Downloading: c_11461180_12_19000_4bd_2022
[1730861] Reprojecting: c_11461180_12_19000_4bd_2022
[1730861] Downloading: c_11491180_12_19000_4bd_2022
[1730861] Reprojecting: c_11491180_12_19000_4bd_2022
[1730861] Downloading: c_11521180_12_19000_4bd_2022
[1730861] Reprojecting: c_11521180_12_19000_4bd_2022
[1730861] Downloading: c_11551180_12_19000_4bd_2022
[1730861] Reprojecting: c_11551180_12_19000_4bd_2022
[1730861] Downloading: c_11581180_12_19000_4bd_2022
[1730861] Reprojecting: c_11581180_12_19000_4bd_2022
[1730861] Downloading: c_11611180_12_19000_4bd_2022
[1730861] Reprojecting: c_11611180_12_19000_4bd_2022
[1730861] Downloading: c_11641180_12_19000_4bd_2022
[1730861] Reprojecting: c_11641180_12_19000_4bd_2022
[1730861] Downloading: c_11671180_12_19000_4bd_2022
[1730861] Reprojecting: c_11671180_12_19000_4bd_2022
[1730861] Downloading: c_11701180_12_19000_4bd_2022
[1730861] Reprojecting: c_11701180_12_19000_4bd_2022
[1730861] Downloading: c_11731180_12_19000_4bd_2022
[1730861] Reprojecting: c_11731180_12_19000_4bd_2022
[1730861] Downloading: c_11761180_12_19000_4bd_2022
[1730861] Reprojecting: c_11761180_12_19000_4bd_2022
[1730861] Downloading: c_11791180_12_19000_4bd_2022
[1730861] Reprojecting: c_11791180_12_19000_4bd_2022
[1730861] Downloading: c_11821180_12_19000_4bd_2022
[1730861] Reprojecting: c_11821180_12_19000_4bd_2022
[1730861] Downloading: c_11851180_12_19000_4bd_2022
[1730861] Reprojecting: c_11851180_12_19000_4bd_2022
[1730861] Downloading: c_11881180_12_19000_4bd_2022
[1730861] Reprojecting: c_11881180_12_19000_4bd_2022
[1730861] Downloading: c_11911180_12_19000_4bd_2022
[1730861] Reprojecting: c_11911180_12_19000_4bd_2022
[1730861] Downloading: c_11941180_12_19000_4bd_2022
[1730861] Reprojecting: c_11941180_12_19000_4bd_2022
[1730861] Downloading: c_11971180_12_19000_4bd_2022
[1730861] Reprojecting: c_11971180_12_19000_4bd_2022
[1730861] Downloading: c_12001180_12_19000_4bd_2022
[1730861] Reprojecting: c_12001180_12_19000_4bd_2022
[1730861] Downloading: c_12031180_12_19000_4bd_2022
[1730861] Reprojecting: c_12031180_12_19000_4bd_2022
[1730861] Downloading: c_11221182_12_19000_4bd_2022
[1730861] Reprojecting: c_11221182_12_19000_4bd_2022
[1730861] Downloading: c_11251182_12_19000_4bd_2022
[1730861] Reprojecting: c_11251182_12_19000_4bd_2022
[1730861] Downloading: c_11281182_12_19000_4bd_2022
[1730861] Reprojecting: c_11281182_12_19000_4bd_2022
[1730861] Downloading: c_11311182_12_19000_4bd_2022
[1730861] Reprojecting: c_11311182_12_19000_4bd_2022
[1730861] Downloading: c_11341182_12_19000_4bd_2022
[1730861] Reprojecting: c_11341182_12_19000_4bd_2022
[1730861] Downloading: c_11371182_12_19000_4bd_2022
[1730861] Reprojecting: c_11371182_12_19000_4bd_2022
[1730861] Downloading: c_11401182_12_19000_4bd_2022
[1730861] Reprojecting: c_11401182_12_19000_4bd_2022
[1730861] Downloading: c_11431182_12_19000_4bd_2022
[1730861] Reprojecting: c_11431182_12_19000_4bd_2022
[1730861] Downloading: c_11461182_12_19000_4bd_2022
[1730861] Reprojecting: c_11461182_12_19000_4bd_2022
[1730861] Downloading: c_11491182_12_19000_4bd_2022
[1730861] Reprojecting: c_11491182_12_19000_4bd_2022
[1730861] Downloading: c_11521182_12_19000_4bd_2022
[1730861] Reprojecting: c_11521182_12_19000_4bd_2022
[1730861] Downloading: c_11551182_12_19000_4bd_2022
[1730861] Reprojecting: c_11551182_12_19000_4bd_2022
[1730861] Downloading: c_11581182_12_19000_4bd_2022
[1730861] Reprojecting: c_11581182_12_19000_4bd_2022
[1730861] Downloading: c_11611182_12_19000_4bd_2022
[1730861] Reprojecting: c_11611182_12_19000_4bd_2022
[1730861] Downloading: c_11641182_12_19000_4bd_2022
[1730861] Reprojecting: c_11641182_12_19000_4bd_2022
[1730861] Downloading: c_11671182_12_19000_4bd_2022
[1730861] Reprojecting: c_11671182_12_19000_4bd_2022
[1730861] Downloading: c_11701182_12_19000_4bd_2022
[1730861] Reprojecting: c_11701182_12_19000_4bd_2022
[1730861] Downloading: c_11731182_12_19000_4bd_2022
[1730861] Reprojecting: c_11731182_12_19000_4bd_2022
[1730861] Downloading: c_11761182_12_19000_4bd_2022
[1730861] Reprojecting: c_11761182_12_19000_4bd_2022
[1730861] Downloading: c_11791182_12_19000_4bd_2022
[1730861] Reprojecting: c_11791182_12_19000_4bd_2022
[1730861] Downloading: c_11821182_12_19000_4bd_2022
[1730861] Reprojecting: c_11821182_12_19000_4bd_2022
[1730861] Downloading: c_11851182_12_19000_4bd_2022
[1730861] Reprojecting: c_11851182_12_19000_4bd_2022
[1730861] Downloading: c_11881182_12_19000_4bd_2022
[1730861] Reprojecting: c_11881182_12_19000_4bd_2022
[1730861] Downloading: c_11911182_12_19000_4bd_2022
[1730861] Reprojecting: c_11911182_12_19000_4bd_2022
[1730861] Downloading: c_11941182_12_19000_4bd_2022
[1730861] Reprojecting: c_11941182_12_19000_4bd_2022
[1730861] Downloading: c_11971182_12_19000_4bd_2022
[1730861] Reprojecting: c_11971182_12_19000_4bd_2022
[1730861] Downloading: c_12001182_12_19000_4bd_2022
[1730861] Reprojecting: c_12001182_12_19000_4bd_2022
[1730861] Downloading: c_12031182_12_19000_4bd_2022
[1730861] Reprojecting: c_12031182_12_19000_4bd_2022
[1730861] Downloading: c_11221184_12_19000_4bd_2022
[1730861] Reprojecting: c_11221184_12_19000_4bd_2022
[1730861] Downloading: c_11251184_12_19000_4bd_2022
[1730861] Reprojecting: c_11251184_12_19000_4bd_2022
[1730861] Downloading: c_11281184_12_19000_4bd_2022
[1730861] Reprojecting: c_11281184_12_19000_4bd_2022
[1730861] Downloading: c_11311184_12_19000_4bd_2022
[1730861] Reprojecting: c_11311184_12_19000_4bd_2022
[1730861] Downloading: c_11341184_12_19000_4bd_2022
[1730861] Reprojecting: c_11341184_12_19000_4bd_2022
[1730861] Downloading: c_11371184_12_19000_4bd_2022
[1730861] Reprojecting: c_11371184_12_19000_4bd_2022
[1730861] Downloading: c_11401184_12_19000_4bd_2022
[1730861] Reprojecting: c_11401184_12_19000_4bd_2022
[1730861] Downloading: c_11431184_12_19000_4bd_2022
[1730861] Reprojecting: c_11431184_12_19000_4bd_2022
[1730861] Downloading: c_11461184_12_19000_4bd_2022
[1730861] Reprojecting: c_11461184_12_19000_4bd_2022
[1730861] Downloading: c_11491184_12_19000_4bd_2022
[1730861] Reprojecting: c_11491184_12_19000_4bd_2022
[1730861] Downloading: c_11521184_12_19000_4bd_2022
[1730861] Reprojecting: c_11521184_12_19000_4bd_2022
[1730861] Downloading: c_11551184_12_19000_4bd_2022
[1730861] Reprojecting: c_11551184_12_19000_4bd_2022
[1730861] Downloading: c_11581184_12_19000_4bd_2022
[1730861] Reprojecting: c_11581184_12_19000_4bd_2022
[1730861] Downloading: c_11611184_12_19000_4bd_2022
[1730861] Reprojecting: c_11611184_12_19000_4bd_2022
[1730861] Downloading: c_11641184_12_19000_4bd_2022
[1730861] Reprojecting: c_11641184_12_19000_4bd_2022
[1730861] Downloading: c_11671184_12_19000_4bd_2022
[1730861] Reprojecting: c_11671184_12_19000_4bd_2022
[1730861] Downloading: c_11701184_12_19000_4bd_2022
[1730861] Reprojecting: c_11701184_12_19000_4bd_2022
[1730861] Downloading: c_11731184_12_19000_4bd_2022
[1730861] Reprojecting: c_11731184_12_19000_4bd_2022
[1730861] Downloading: c_11761184_12_19000_4bd_2022
[1730861] Reprojecting: c_11761184_12_19000_4bd_2022
[1730861] Downloading: c_11791184_12_19000_4bd_2022
[1730861] Reprojecting: c_11791184_12_19000_4bd_2022
[1730861] Downloading: c_11821184_12_19000_4bd_2022
[1730861] Reprojecting: c_11821184_12_19000_4bd_2022
[1730861] Downloading: c_11851184_12_19000_4bd_2022
[1730861] Reprojecting: c_11851184_12_19000_4bd_2022
[1730861] Downloading: c_11881184_12_19000_4bd_2022
[1730861] Reprojecting: c_11881184_12_19000_4bd_2022
[1730861] Downloading: c_11911184_12_19000_4bd_2022
[1730861] Reprojecting: c_11911184_12_19000_4bd_2022
[1730861] Downloading: c_11941184_12_19000_4bd_2022
[1730861] Reprojecting: c_11941184_12_19000_4bd_2022
[1730861] Downloading: c_11971184_12_19000_4bd_2022
[1730861] Reprojecting: c_11971184_12_19000_4bd_2022
[1730861] Downloading: c_12001184_12_19000_4bd_2022
[1730861] Reprojecting: c_12001184_12_19000_4bd_2022
[1730861] Downloading: c_11221186_12_19000_4bd_2022
[1730861] Reprojecting: c_11221186_12_19000_4bd_2022
[1730861] Downloading: c_11251186_12_19000_4bd_2022
[1730861] Reprojecting: c_11251186_12_19000_4bd_2022
[1730861] Downloading: c_11281186_12_19000_4bd_2022
[1730861] Reprojecting: c_11281186_12_19000_4bd_2022
[1730861] Downloading: c_11311186_12_19000_4bd_2022
[1730861] Reprojecting: c_11311186_12_19000_4bd_2022
[1730861] Downloading: c_11341186_12_19000_4bd_2022
[1730861] Reprojecting: c_11341186_12_19000_4bd_2022
[1730861] Downloading: c_11371186_12_19000_4bd_2022
[1730861] Reprojecting: c_11371186_12_19000_4bd_2022
[1730861] Downloading: c_11401186_12_19000_4bd_2022
[1730861] Reprojecting: c_11401186_12_19000_4bd_2022
[1730861] Downloading: c_11431186_12_19000_4bd_2022
[1730861] Reprojecting: c_11431186_12_19000_4bd_2022
[1730861] Downloading: c_11461186_12_19000_4bd_2022
[1730861] Reprojecting: c_11461186_12_19000_4bd_2022
[1730861] Downloading: c_11491186_12_19000_4bd_2022
[1730861] Reprojecting: c_11491186_12_19000_4bd_2022
[1730861] Downloading: c_11521186_12_19000_4bd_2022
[1730861] Reprojecting: c_11521186_12_19000_4bd_2022
[1730861] Downloading: c_11551186_12_19000_4bd_2022
[1730861] Reprojecting: c_11551186_12_19000_4bd_2022
[1730861] Downloading: c_11581186_12_19000_4bd_2022
[1730861] Reprojecting: c_11581186_12_19000_4bd_2022
[1730861] Downloading: c_11611186_12_19000_4bd_2022
[1730861] Reprojecting: c_11611186_12_19000_4bd_2022
[1730861] Downloading: c_11641186_12_19000_4bd_2022
[1730861] Reprojecting: c_11641186_12_19000_4bd_2022
[1730861] Downloading: c_11671186_12_19000_4bd_2022
[1730861] Reprojecting: c_11671186_12_19000_4bd_2022
[1730861] Downloading: c_11701186_12_19000_4bd_2022
[1730861] Reprojecting: c_11701186_12_19000_4bd_2022
[1730861] Downloading: c_11731186_12_19000_4bd_2022
[1730861] Reprojecting: c_11731186_12_19000_4bd_2022
[1730861] Downloading: c_11761186_12_19000_4bd_2022
[1730861] Reprojecting: c_11761186_12_19000_4bd_2022
[1730861] Downloading: c_11791186_12_19000_4bd_2022
[1730861] Reprojecting: c_11791186_12_19000_4bd_2022
[1730861] Downloading: c_11821186_12_19000_4bd_2022
[1730861] Reprojecting: c_11821186_12_19000_4bd_2022
[1730861] Downloading: c_11851186_12_19000_4bd_2022
[1730861] Reprojecting: c_11851186_12_19000_4bd_2022
[1730861] Downloading: c_11881186_12_19000_4bd_2022
[1730861] Reprojecting: c_11881186_12_19000_4bd_2022
[1730861] Downloading: c_11911186_12_19000_4bd_2022
[1730861] Reprojecting: c_11911186_12_19000_4bd_2022
[1730861] Downloading: c_11941186_12_19000_4bd_2022
[1730861] Reprojecting: c_11941186_12_19000_4bd_2022
[1730861] Downloading: c_11971186_12_19000_4bd_2022
[1730861] Reprojecting: c_11971186_12_19000_4bd_2022
[1730861] Downloading: c_12001186_12_19000_4bd_2022
[1730861] Reprojecting: c_12001186_12_19000_4bd_2022
[1730861] Downloading: c_11221188_12_19000_4bd_2022
[1730861] Reprojecting: c_11221188_12_19000_4bd_2022
[1730861] Downloading: c_11251188_12_19000_4bd_2022
[1730861] Reprojecting: c_11251188_12_19000_4bd_2022
[1730861] Downloading: c_11281188_12_19000_4bd_2022
[1730861] Reprojecting: c_11281188_12_19000_4bd_2022
[1730861] Downloading: c_11311188_12_19000_4bd_2022
[1730861] Reprojecting: c_11311188_12_19000_4bd_2022
[1730861] Downloading: c_11341188_12_19000_4bd_2022
[1730861] Reprojecting: c_11341188_12_19000_4bd_2022
[1730861] Downloading: c_11371188_12_19000_4bd_2022
[1730861] Reprojecting: c_11371188_12_19000_4bd_2022
[1730861] Downloading: c_11401188_12_19000_4bd_2022
[1730861] Reprojecting: c_11401188_12_19000_4bd_2022
[1730861] Downloading: c_11431188_12_19000_4bd_2022
[1730861] Reprojecting: c_11431188_12_19000_4bd_2022
[1730861] Downloading: c_11461188_12_19000_4bd_2022
[1730861] Reprojecting: c_11461188_12_19000_4bd_2022
[1730861] Downloading: c_11491188_12_19000_4bd_2022
[1730861] Reprojecting: c_11491188_12_19000_4bd_2022
[1730861] Downloading: c_11521188_12_19000_4bd_2022
[1730861] Reprojecting: c_11521188_12_19000_4bd_2022
[1730861] Downloading: c_11551188_12_19000_4bd_2022
[1730861] Reprojecting: c_11551188_12_19000_4bd_2022
[1730861] Downloading: c_11581188_12_19000_4bd_2022
[1730861] Reprojecting: c_11581188_12_19000_4bd_2022
[1730861] Downloading: c_11611188_12_19000_4bd_2022
[1730861] Reprojecting: c_11611188_12_19000_4bd_2022
[1730861] Downloading: c_11641188_12_19000_4bd_2022
[1730861] Reprojecting: c_11641188_12_19000_4bd_2022
[1730861] Downloading: c_11671188_12_19000_4bd_2022
[1730861] Reprojecting: c_11671188_12_19000_4bd_2022
[1730861] Downloading: c_11701188_12_19000_4bd_2022
[1730861] Reprojecting: c_11701188_12_19000_4bd_2022
[1730861] Downloading: c_11731188_12_19000_4bd_2022
[1730861] Reprojecting: c_11731188_12_19000_4bd_2022
[1730861] Downloading: c_11761188_12_19000_4bd_2022
[1730861] Reprojecting: c_11761188_12_19000_4bd_2022
[1730861] Downloading: c_11791188_12_19000_4bd_2022
[1730861] Reprojecting: c_11791188_12_19000_4bd_2022
[1730861] Downloading: c_11821188_12_19000_4bd_2022
[1730861] Reprojecting: c_11821188_12_19000_4bd_2022
[1730861] Downloading: c_11851188_12_19000_4bd_2022
[1730861] Reprojecting: c_11851188_12_19000_4bd_2022
[1730861] Downloading: c_11881188_12_19000_4bd_2022
[1730861] Reprojecting: c_11881188_12_19000_4bd_2022
[1730861] Downloading: c_11911188_12_19000_4bd_2022
[1730861] Reprojecting: c_11911188_12_19000_4bd_2022
[1730861] Downloading: c_11941188_12_19000_4bd_2022
[1730861] Reprojecting: c_11941188_12_19000_4bd_2022
[1730861] Downloading: c_11971188_12_19000_4bd_2022
[1730861] Reprojecting: c_11971188_12_19000_4bd_2022
[1730861] Downloading: c_11191190_12_19000_4bd_2022
[1730861] Reprojecting: c_11191190_12_19000_4bd_2022
[1730861] Downloading: c_11221190_12_19000_4bd_2022
[1730861] Reprojecting: c_11221190_12_19000_4bd_2022
[1730861] Downloading: c_11251190_12_19000_4bd_2022
[1730861] Reprojecting: c_11251190_12_19000_4bd_2022
[1730861] Downloading: c_11281190_12_19000_4bd_2022
[1730861] Reprojecting: c_11281190_12_19000_4bd_2022
[1730861] Downloading: c_11311190_12_19000_4bd_2022
[1730861] Reprojecting: c_11311190_12_19000_4bd_2022
[1730861] Downloading: c_11341190_12_19000_4bd_2022
[1730861] Reprojecting: c_11341190_12_19000_4bd_2022
[1730861] Downloading: c_11371190_12_19000_4bd_2022
[1730861] Reprojecting: c_11371190_12_19000_4bd_2022
[1730861] Downloading: c_11401190_12_19000_4bd_2022
[1730861] Reprojecting: c_11401190_12_19000_4bd_2022
[1730861] Downloading: c_11431190_12_19000_4bd_2022
[1730861] Reprojecting: c_11431190_12_19000_4bd_2022
[1730861] Downloading: c_11461190_12_19000_4bd_2022
[1730861] Reprojecting: c_11461190_12_19000_4bd_2022
[1730861] Downloading: c_11491190_12_19000_4bd_2022
[1730861] Reprojecting: c_11491190_12_19000_4bd_2022
[1730861] Downloading: c_11521190_12_19000_4bd_2022
[1730861] Reprojecting: c_11521190_12_19000_4bd_2022
[1730861] Downloading: c_11551190_12_19000_4bd_2022
[1730861] Reprojecting: c_11551190_12_19000_4bd_2022
[1730861] Downloading: c_11581190_12_19000_4bd_2022
[1730861] Reprojecting: c_11581190_12_19000_4bd_2022
[1730861] Downloading: c_11611190_12_19000_4bd_2022
[1730861] Reprojecting: c_11611190_12_19000_4bd_2022
[1730861] Downloading: c_11641190_12_19000_4bd_2022
[1730861] Reprojecting: c_11641190_12_19000_4bd_2022
[1730861] Downloading: c_11671190_12_19000_4bd_2022
[1730861] Reprojecting: c_11671190_12_19000_4bd_2022
[1730861] Downloading: c_11701190_12_19000_4bd_2022
[1730861] Reprojecting: c_11701190_12_19000_4bd_2022
[1730861] Downloading: c_11731190_12_19000_4bd_2022
[1730861] Reprojecting: c_11731190_12_19000_4bd_2022
[1730861] Downloading: c_11761190_12_19000_4bd_2022
[1730861] Reprojecting: c_11761190_12_19000_4bd_2022
[1730861] Downloading: c_11791190_12_19000_4bd_2022
[1730861] Reprojecting: c_11791190_12_19000_4bd_2022
[1730861] Downloading: c_11821190_12_19000_4bd_2022
[1730861] Reprojecting: c_11821190_12_19000_4bd_2022
[1730861] Downloading: c_11851190_12_19000_4bd_2022
[1730861] Reprojecting: c_11851190_12_19000_4bd_2022
[1730861] Downloading: c_11881190_12_19000_4bd_2022
[1730861] Reprojecting: c_11881190_12_19000_4bd_2022
[1730861] Downloading: c_11911190_12_19000_4bd_2022
[1730861] Reprojecting: c_11911190_12_19000_4bd_2022
[1730861] Downloading: c_11941190_12_19000_4bd_2022
[1730861] Reprojecting: c_11941190_12_19000_4bd_2022
[1730861] Downloading: c_11971190_12_19000_4bd_2022
[1730861] Reprojecting: c_11971190_12_19000_4bd_2022
[1730861] Downloading: c_11191192_12_19000_4bd_2022
[1730861] Reprojecting: c_11191192_12_19000_4bd_2022
[1730861] Downloading: c_11221192_12_19000_4bd_2022
[1730861] Reprojecting: c_11221192_12_19000_4bd_2022
[1730861] Downloading: c_11251192_12_19000_4bd_2022
[1730861] Reprojecting: c_11251192_12_19000_4bd_2022
[1730861] Downloading: c_11281192_12_19000_4bd_2022
[1730861] Reprojecting: c_11281192_12_19000_4bd_2022
[1730861] Downloading: c_11311192_12_19000_4bd_2022
[1730861] Reprojecting: c_11311192_12_19000_4bd_2022
[1730861] Downloading: c_11341192_12_19000_4bd_2022
[1730861] Reprojecting: c_11341192_12_19000_4bd_2022
[1730861] Downloading: c_11371192_12_19000_4bd_2022
[1730861] Reprojecting: c_11371192_12_19000_4bd_2022
[1730861] Downloading: c_11401192_12_19000_4bd_2022
[1730861] Reprojecting: c_11401192_12_19000_4bd_2022
[1730861] Downloading: c_11431192_12_19000_4bd_2022
[1730861] Reprojecting: c_11431192_12_19000_4bd_2022
[1730861] Downloading: c_11461192_12_19000_4bd_2022
[1730861] Reprojecting: c_11461192_12_19000_4bd_2022
[1730861] Downloading: c_11491192_12_19000_4bd_2022
[1730861] Reprojecting: c_11491192_12_19000_4bd_2022
[1730861] Downloading: c_11521192_12_19000_4bd_2022
[1730861] Reprojecting: c_11521192_12_19000_4bd_2022
[1730861] Downloading: c_11551192_12_19000_4bd_2022
[1730861] Reprojecting: c_11551192_12_19000_4bd_2022
[1730861] Downloading: c_11581192_12_19000_4bd_2022
[1730861] Reprojecting: c_11581192_12_19000_4bd_2022
[1730861] Downloading: c_11611192_12_19000_4bd_2022
[1730861] Reprojecting: c_11611192_12_19000_4bd_2022
[1730861] Downloading: c_11641192_12_19000_4bd_2022
[1730861] Reprojecting: c_11641192_12_19000_4bd_2022
[1730861] Downloading: c_11671192_12_19000_4bd_2022
[1730861] Reprojecting: c_11671192_12_19000_4bd_2022
[1730861] Downloading: c_11701192_12_19000_4bd_2022
[1730861] Reprojecting: c_11701192_12_19000_4bd_2022
[1730861] Downloading: c_11731192_12_19000_4bd_2022
[1730861] Reprojecting: c_11731192_12_19000_4bd_2022
[1730861] Downloading: c_11761192_12_19000_4bd_2022
[1730861] Reprojecting: c_11761192_12_19000_4bd_2022
[1730861] Downloading: c_11791192_12_19000_4bd_2022
[1730861] Reprojecting: c_11791192_12_19000_4bd_2022
[1730861] Downloading: c_11821192_12_19000_4bd_2022
[1730861] Reprojecting: c_11821192_12_19000_4bd_2022
[1730861] Downloading: c_11851192_12_19000_4bd_2022
[1730861] Reprojecting: c_11851192_12_19000_4bd_2022
[1730861] Downloading: c_11881192_12_19000_4bd_2022
[1730861] Reprojecting: c_11881192_12_19000_4bd_2022
[1730861] Downloading: c_11911192_12_19000_4bd_2022
[1730861] Reprojecting: c_11911192_12_19000_4bd_2022
[1730861] Downloading: c_11941192_12_19000_4bd_2022
[1730861] Reprojecting: c_11941192_12_19000_4bd_2022
[1730861] Downloading: c_11971192_12_19000_4bd_2022
[1730861] Reprojecting: c_11971192_12_19000_4bd_2022
[1730861] Downloading: c_11191194_12_19000_4bd_2022
[1730861] Reprojecting: c_11191194_12_19000_4bd_2022
[1730861] Downloading: c_11221194_12_19000_4bd_2022
[1730861] Reprojecting: c_11221194_12_19000_4bd_2022
[1730861] Downloading: c_11251194_12_19000_4bd_2022
[1730861] Reprojecting: c_11251194_12_19000_4bd_2022
[1730861] Downloading: c_11281194_12_19000_4bd_2022
[1730861] Reprojecting: c_11281194_12_19000_4bd_2022
[1730861] Downloading: c_11311194_12_19000_4bd_2022
[1730861] Reprojecting: c_11311194_12_19000_4bd_2022
[1730861] Downloading: c_11341194_12_19000_4bd_2022
[1730861] Reprojecting: c_11341194_12_19000_4bd_2022
[1730861] Downloading: c_11371194_12_19000_4bd_2022
[1730861] Reprojecting: c_11371194_12_19000_4bd_2022
[1730861] Downloading: c_11401194_12_19000_4bd_2022
[1730861] Reprojecting: c_11401194_12_19000_4bd_2022
[1730861] Downloading: c_11431194_12_19000_4bd_2022
[1730861] Reprojecting: c_11431194_12_19000_4bd_2022
[1730861] Downloading: c_11461194_12_19000_4bd_2022
[1730861] Reprojecting: c_11461194_12_19000_4bd_2022
[1730861] Downloading: c_11491194_12_19000_4bd_2022
[1730861] Reprojecting: c_11491194_12_19000_4bd_2022
[1730861] Downloading: c_11521194_12_19000_4bd_2022
[1730861] Reprojecting: c_11521194_12_19000_4bd_2022
[1730861] Downloading: c_11551194_12_19000_4bd_2022
[1730861] Reprojecting: c_11551194_12_19000_4bd_2022
[1730861] Downloading: c_11581194_12_19000_4bd_2022
[1730861] Reprojecting: c_11581194_12_19000_4bd_2022
[1730861] Downloading: c_11611194_12_19000_4bd_2022
[1730861] Reprojecting: c_11611194_12_19000_4bd_2022
[1730861] Downloading: c_11641194_12_19000_4bd_2022
[1730861] Reprojecting: c_11641194_12_19000_4bd_2022
[1730861] Downloading: c_11671194_12_19000_4bd_2022
[1730861] Reprojecting: c_11671194_12_19000_4bd_2022
[1730861] Downloading: c_11701194_12_19000_4bd_2022
[1730861] Reprojecting: c_11701194_12_19000_4bd_2022
[1730861] Downloading: c_11731194_12_19000_4bd_2022
[1730861] Reprojecting: c_11731194_12_19000_4bd_2022
[1730861] Downloading: c_11761194_12_19000_4bd_2022
[1730861] Reprojecting: c_11761194_12_19000_4bd_2022
[1730861] Downloading: c_11791194_12_19000_4bd_2022
[1730861] Reprojecting: c_11791194_12_19000_4bd_2022
[1730861] Downloading: c_11821194_12_19000_4bd_2022
[1730861] Reprojecting: c_11821194_12_19000_4bd_2022
[1730861] Downloading: c_11851194_12_19000_4bd_2022
[1730861] Reprojecting: c_11851194_12_19000_4bd_2022
[1730861] Downloading: c_11881194_12_19000_4bd_2022
[1730861] Reprojecting: c_11881194_12_19000_4bd_2022
[1730861] Downloading: c_11911194_12_19000_4bd_2022
[1730861] Reprojecting: c_11911194_12_19000_4bd_2022
[1730861] Downloading: c_11941194_12_19000_4bd_2022
[1730861] Reprojecting: c_11941194_12_19000_4bd_2022
[1730861] Downloading: c_11971194_12_19000_4bd_2022
[1730861] Reprojecting: c_11971194_12_19000_4bd_2022
[1730861] Downloading: c_11161196_12_19000_4bd_2022
[1730861] Reprojecting: c_11161196_12_19000_4bd_2022
[1730861] Downloading: c_11191196_12_19000_4bd_2022
[1730861] Reprojecting: c_11191196_12_19000_4bd_2022
[1730861] Downloading: c_11221196_12_19000_4bd_2022
[1730861] Reprojecting: c_11221196_12_19000_4bd_2022
[1730861] Downloading: c_11251196_12_19000_4bd_2022
[1730861] Reprojecting: c_11251196_12_19000_4bd_2022
[1730861] Downloading: c_11281196_12_19000_4bd_2022
[1730861] Reprojecting: c_11281196_12_19000_4bd_2022
[1730861] Downloading: c_11311196_12_19000_4bd_2022
[1730861] Reprojecting: c_11311196_12_19000_4bd_2022
[1730861] Downloading: c_11341196_12_19000_4bd_2022
[1730861] Reprojecting: c_11341196_12_19000_4bd_2022
[1730861] Downloading: c_11371196_12_19000_4bd_2022
[1730861] Reprojecting: c_11371196_12_19000_4bd_2022
[1730861] Downloading: c_11401196_12_19000_4bd_2022
[1730861] Reprojecting: c_11401196_12_19000_4bd_2022
[1730861] Downloading: c_11431196_12_19000_4bd_2022
[1730861] Reprojecting: c_11431196_12_19000_4bd_2022
[1730861] Downloading: c_11461196_12_19000_4bd_2022
[1730861] Reprojecting: c_11461196_12_19000_4bd_2022
[1730861] Downloading: c_11491196_12_19000_4bd_2022
[1730861] Reprojecting: c_11491196_12_19000_4bd_2022
[1730861] Downloading: c_11521196_12_19000_4bd_2022
[1730861] Reprojecting: c_11521196_12_19000_4bd_2022
[1730861] Downloading: c_11551196_12_19000_4bd_2022
[1730861] Reprojecting: c_11551196_12_19000_4bd_2022
[1730861] Downloading: c_11581196_12_19000_4bd_2022
[1730861] Reprojecting: c_11581196_12_19000_4bd_2022
[1730861] Downloading: c_11611196_12_19000_4bd_2022
[1730861] Reprojecting: c_11611196_12_19000_4bd_2022
[1730861] Downloading: c_11641196_12_19000_4bd_2022
[1730861] Reprojecting: c_11641196_12_19000_4bd_2022
[1730861] Downloading: c_11671196_12_19000_4bd_2022
[1730861] Reprojecting: c_11671196_12_19000_4bd_2022
[1730861] Downloading: c_11701196_12_19000_4bd_2022
[1730861] Reprojecting: c_11701196_12_19000_4bd_2022
[1730861] Downloading: c_11731196_12_19000_4bd_2022
[1730861] Reprojecting: c_11731196_12_19000_4bd_2022
[1730861] Downloading: c_11761196_12_19000_4bd_2022
[1730861] Reprojecting: c_11761196_12_19000_4bd_2022
[1730861] Downloading: c_11791196_12_19000_4bd_2022
[1730861] Reprojecting: c_11791196_12_19000_4bd_2022
[1730861] Downloading: c_11821196_12_19000_4bd_2022
[1730861] Reprojecting: c_11821196_12_19000_4bd_2022
[1730861] Downloading: c_11851196_12_19000_4bd_2022
[1730861] Reprojecting: c_11851196_12_19000_4bd_2022
[1730861] Downloading: c_11881196_12_19000_4bd_2022
[1730861] Reprojecting: c_11881196_12_19000_4bd_2022
[1730861] Downloading: c_11911196_12_19000_4bd_2022
[1730861] Reprojecting: c_11911196_12_19000_4bd_2022
[1730861] Downloading: c_11941196_12_19000_4bd_2022
[1730861] Reprojecting: c_11941196_12_19000_4bd_2022
[1730861] Downloading: c_11971196_12_19000_4bd_2022
[1730861] Reprojecting: c_11971196_12_19000_4bd_2022
[1730861] Downloading: c_12001196_12_19000_4bd_2022
[1730861] Reprojecting: c_12001196_12_19000_4bd_2022
[1730861] Downloading: c_11161198_12_19000_4bd_2022
[1730861] Reprojecting: c_11161198_12_19000_4bd_2022
[1730861] Downloading: c_11191198_12_19000_4bd_2022
[1730861] Reprojecting: c_11191198_12_19000_4bd_2022
[1730861] Downloading: c_11221198_12_19000_4bd_2022
[1730861] Reprojecting: c_11221198_12_19000_4bd_2022
[1730861] Downloading: c_11251198_12_19000_4bd_2022
[1730861] Reprojecting: c_11251198_12_19000_4bd_2022
[1730861] Downloading: c_11281198_12_19000_4bd_2022
[1730861] Reprojecting: c_11281198_12_19000_4bd_2022
[1730861] Downloading: c_11311198_12_19000_4bd_2022
[1730861] Reprojecting: c_11311198_12_19000_4bd_2022
[1730861] Downloading: c_11341198_12_19000_4bd_2022
[1730861] Reprojecting: c_11341198_12_19000_4bd_2022
[1730861] Downloading: c_11371198_12_19000_4bd_2022
[1730861] Reprojecting: c_11371198_12_19000_4bd_2022
[1730861] Downloading: c_11401198_12_19000_4bd_2022
[1730861] Reprojecting: c_11401198_12_19000_4bd_2022
[1730861] Downloading: c_11431198_12_19000_4bd_2022
[1730861] Reprojecting: c_11431198_12_19000_4bd_2022
[1730861] Downloading: c_11461198_12_19000_4bd_2022
[1730861] Reprojecting: c_11461198_12_19000_4bd_2022
[1730861] Downloading: c_11491198_12_19000_4bd_2022
[1730861] Reprojecting: c_11491198_12_19000_4bd_2022
[1730861] Downloading: c_11521198_12_19000_4bd_2022
[1730861] Reprojecting: c_11521198_12_19000_4bd_2022
[1730861] Downloading: c_11551198_12_19000_4bd_2022
[1730861] Reprojecting: c_11551198_12_19000_4bd_2022
[1730861] Downloading: c_11581198_12_19000_4bd_2022
[1730861] Reprojecting: c_11581198_12_19000_4bd_2022
[1730861] Downloading: c_11611198_12_19000_4bd_2022
[1730861] Reprojecting: c_11611198_12_19000_4bd_2022
[1730861] Downloading: c_11641198_12_19000_4bd_2022
[1730861] Reprojecting: c_11641198_12_19000_4bd_2022
[1730861] Downloading: c_11671198_12_19000_4bd_2022
[1730861] Reprojecting: c_11671198_12_19000_4bd_2022
[1730861] Downloading: c_11701198_12_19000_4bd_2022
[1730861] Reprojecting: c_11701198_12_19000_4bd_2022
[1730861] Downloading: c_11731198_12_19000_4bd_2022
[1730861] Reprojecting: c_11731198_12_19000_4bd_2022
[1730861] Downloading: c_11761198_12_19000_4bd_2022
[1730861] Reprojecting: c_11761198_12_19000_4bd_2022
[1730861] Downloading: c_11791198_12_19000_4bd_2022
[1730861] Reprojecting: c_11791198_12_19000_4bd_2022
[1730861] Downloading: c_11821198_12_19000_4bd_2022
[1730861] Reprojecting: c_11821198_12_19000_4bd_2022
[1730861] Downloading: c_11851198_12_19000_4bd_2022
[1730861] Reprojecting: c_11851198_12_19000_4bd_2022
[1730861] Downloading: c_11881198_12_19000_4bd_2022
[1730861] Reprojecting: c_11881198_12_19000_4bd_2022
[1730861] Downloading: c_11911198_12_19000_4bd_2022
[1730861] Reprojecting: c_11911198_12_19000_4bd_2022
[1730861] Downloading: c_11941198_12_19000_4bd_2022
[1730861] Reprojecting: c_11941198_12_19000_4bd_2022
[1730861] Downloading: c_11971198_12_19000_4bd_2022
[1730861] Reprojecting: c_11971198_12_19000_4bd_2022
[1730861] Downloading: c_12001198_12_19000_4bd_2022
[1730861] Reprojecting: c_12001198_12_19000_4bd_2022
[1730861] Downloading: c_11101200_12_19000_4bd_2022
[1730861] Reprojecting: c_11101200_12_19000_4bd_2022
[1730861] Downloading: c_11131200_12_19000_4bd_2022
[1730861] Reprojecting: c_11131200_12_19000_4bd_2022
[1730861] Downloading: c_11161200_12_19000_4bd_2022
[1730861] Reprojecting: c_11161200_12_19000_4bd_2022
[1730861] Downloading: c_11191200_12_19000_4bd_2022
[1730861] Reprojecting: c_11191200_12_19000_4bd_2022
[1730861] Downloading: c_11221200_12_19000_4bd_2022
[1730861] Reprojecting: c_11221200_12_19000_4bd_2022
[1730861] Downloading: c_11251200_12_19000_4bd_2022
[1730861] Reprojecting: c_11251200_12_19000_4bd_2022
[1730861] Downloading: c_11281200_12_19000_4bd_2022
[1730861] Reprojecting: c_11281200_12_19000_4bd_2022
[1730861] Downloading: c_11311200_12_19000_4bd_2022
[1730861] Reprojecting: c_11311200_12_19000_4bd_2022
[1730861] Downloading: c_11341200_12_19000_4bd_2022
[1730861] Reprojecting: c_11341200_12_19000_4bd_2022
[1730861] Downloading: c_11371200_12_19000_4bd_2022
[1730861] Reprojecting: c_11371200_12_19000_4bd_2022
[1730861] Downloading: c_11401200_12_19000_4bd_2022
[1730861] Reprojecting: c_11401200_12_19000_4bd_2022
[1730861] Downloading: c_11431200_12_19000_4bd_2022
[1730861] Reprojecting: c_11431200_12_19000_4bd_2022
[1730861] Downloading: c_11461200_12_19000_4bd_2022
[1730861] Reprojecting: c_11461200_12_19000_4bd_2022
[1730861] Downloading: c_11491200_12_19000_4bd_2022
[1730861] Reprojecting: c_11491200_12_19000_4bd_2022
[1730861] Downloading: c_11521200_12_19000_4bd_2022
[1730861] Reprojecting: c_11521200_12_19000_4bd_2022
[1730861] Downloading: c_11551200_12_19000_4bd_2022
[1730861] Reprojecting: c_11551200_12_19000_4bd_2022
[1730861] Downloading: c_11581200_12_19000_4bd_2022
[1730861] Reprojecting: c_11581200_12_19000_4bd_2022
[1730861] Downloading: c_11611200_12_19000_4bd_2022
[1730861] Reprojecting: c_11611200_12_19000_4bd_2022
[1730861] Downloading: c_11641200_12_19000_4bd_2022
[1730861] Reprojecting: c_11641200_12_19000_4bd_2022
[1730861] Downloading: c_11671200_12_19000_4bd_2022
[1730861] Reprojecting: c_11671200_12_19000_4bd_2022
[1730861] Downloading: c_11701200_12_19000_4bd_2022
[1730861] Reprojecting: c_11701200_12_19000_4bd_2022
[1730861] Downloading: c_11731200_12_19000_4bd_2022
[1730861] Reprojecting: c_11731200_12_19000_4bd_2022
[1730861] Downloading: c_11761200_12_19000_4bd_2022
[1730861] Reprojecting: c_11761200_12_19000_4bd_2022
[1730861] Downloading: c_11791200_12_19000_4bd_2022
[1730861] Reprojecting: c_11791200_12_19000_4bd_2022
[1730861] Downloading: c_11821200_12_19000_4bd_2022
[1730861] Reprojecting: c_11821200_12_19000_4bd_2022
[1730861] Downloading: c_11851200_12_19000_4bd_2022
[1730861] Reprojecting: c_11851200_12_19000_4bd_2022
[1730861] Downloading: c_11881200_12_19000_4bd_2022
[1730861] Reprojecting: c_11881200_12_19000_4bd_2022
[1730861] Downloading: c_11911200_12_19000_4bd_2022
[1730861] Reprojecting: c_11911200_12_19000_4bd_2022
[1730861] Downloading: c_11941200_12_19000_4bd_2022
[1730861] Reprojecting: c_11941200_12_19000_4bd_2022
[1730861] Downloading: c_11971200_12_19000_4bd_2022
[1730861] Reprojecting: c_11971200_12_19000_4bd_2022
[1730861] Downloading: c_12001200_12_19000_4bd_2022
[1730861] Reprojecting: c_12001200_12_19000_4bd_2022
[1730861] Downloading: c_11101202_12_19000_4bd_2022
[1730861] Reprojecting: c_11101202_12_19000_4bd_2022
[1730861] Downloading: c_11131202_12_19000_4bd_2022
[1730861] Reprojecting: c_11131202_12_19000_4bd_2022
[1730861] Downloading: c_11161202_12_19000_4bd_2022
[1730861] Reprojecting: c_11161202_12_19000_4bd_2022
[1730861] Downloading: c_11191202_12_19000_4bd_2022
[1730861] Reprojecting: c_11191202_12_19000_4bd_2022
[1730861] Downloading: c_11221202_12_19000_4bd_2022
[1730861] Reprojecting: c_11221202_12_19000_4bd_2022
[1730861] Downloading: c_11251202_12_19000_4bd_2022
[1730861] Reprojecting: c_11251202_12_19000_4bd_2022
[1730861] Downloading: c_11281202_12_19000_4bd_2022
[1730861] Reprojecting: c_11281202_12_19000_4bd_2022
[1730861] Downloading: c_11311202_12_19000_4bd_2022
[1730861] Reprojecting: c_11311202_12_19000_4bd_2022
[1730861] Downloading: c_11341202_12_19000_4bd_2022
[1730861] Reprojecting: c_11341202_12_19000_4bd_2022
[1730861] Downloading: c_11371202_12_19000_4bd_2022
[1730861] Reprojecting: c_11371202_12_19000_4bd_2022
[1730861] Downloading: c_11401202_12_19000_4bd_2022
[1730861] Reprojecting: c_11401202_12_19000_4bd_2022
[1730861] Downloading: c_11431202_12_19000_4bd_2022
[1730861] Reprojecting: c_11431202_12_19000_4bd_2022
[1730861] Downloading: c_11461202_12_19000_4bd_2022
[1730861] Reprojecting: c_11461202_12_19000_4bd_2022
[1730861] Downloading: c_11491202_12_19000_4bd_2022
[1730861] Reprojecting: c_11491202_12_19000_4bd_2022
[1730861] Downloading: c_11521202_12_19000_4bd_2022
[1730861] Reprojecting: c_11521202_12_19000_4bd_2022
[1730861] Downloading: c_11551202_12_19000_4bd_2022
[1730861] Reprojecting: c_11551202_12_19000_4bd_2022
[1730861] Downloading: c_11581202_12_19000_4bd_2022
[1730861] Reprojecting: c_11581202_12_19000_4bd_2022
[1730861] Downloading: c_11611202_12_19000_4bd_2022
[1730861] Reprojecting: c_11611202_12_19000_4bd_2022
[1730861] Downloading: c_11641202_12_19000_4bd_2022
[1730861] Reprojecting: c_11641202_12_19000_4bd_2022
[1730861] Downloading: c_11671202_12_19000_4bd_2022
[1730861] Reprojecting: c_11671202_12_19000_4bd_2022
[1730861] Downloading: c_11701202_12_19000_4bd_2022
[1730861] Reprojecting: c_11701202_12_19000_4bd_2022
[1730861] Downloading: c_11731202_12_19000_4bd_2022
[1730861] Reprojecting: c_11731202_12_19000_4bd_2022
[1730861] Downloading: c_11761202_12_19000_4bd_2022
[1730861] Reprojecting: c_11761202_12_19000_4bd_2022
[1730861] Downloading: c_11791202_12_19000_4bd_2022
[1730861] Reprojecting: c_11791202_12_19000_4bd_2022
[1730861] Downloading: c_11821202_12_19000_4bd_2022
[1730861] Reprojecting: c_11821202_12_19000_4bd_2022
[1730861] Downloading: c_11851202_12_19000_4bd_2022
[1730861] Reprojecting: c_11851202_12_19000_4bd_2022
[1730861] Downloading: c_11881202_12_19000_4bd_2022
[1730861] Reprojecting: c_11881202_12_19000_4bd_2022
[1730861] Downloading: c_11911202_12_19000_4bd_2022
[1730861] Reprojecting: c_11911202_12_19000_4bd_2022
[1730861] Downloading: c_11941202_12_19000_4bd_2022
[1730861] Reprojecting: c_11941202_12_19000_4bd_2022
[1730861] Downloading: c_11971202_12_19000_4bd_2022
[1730861] Reprojecting: c_11971202_12_19000_4bd_2022
[1730861] Downloading: c_12001202_12_19000_4bd_2022
[1730861] Reprojecting: c_12001202_12_19000_4bd_2022
[1730861] Downloading: c_11101204_12_19000_4bd_2022
[1730861] Reprojecting: c_11101204_12_19000_4bd_2022
[1730861] Downloading: c_11131204_12_19000_4bd_2022
[1730861] Reprojecting: c_11131204_12_19000_4bd_2022
[1730861] Downloading: c_11161204_12_19000_4bd_2022
[1730861] Reprojecting: c_11161204_12_19000_4bd_2022
[1730861] Downloading: c_11191204_12_19000_4bd_2022
[1730861] Reprojecting: c_11191204_12_19000_4bd_2022
[1730861] Downloading: c_11221204_12_19000_4bd_2022
[1730861] Reprojecting: c_11221204_12_19000_4bd_2022
[1730861] Downloading: c_11251204_12_19000_4bd_2022
[1730861] Reprojecting: c_11251204_12_19000_4bd_2022
[1730861] Downloading: c_11281204_12_19000_4bd_2022
[1730861] Reprojecting: c_11281204_12_19000_4bd_2022
[1730861] Downloading: c_11311204_12_19000_4bd_2022
[1730861] Reprojecting: c_11311204_12_19000_4bd_2022
[1730861] Downloading: c_11341204_12_19000_4bd_2022
[1730861] Reprojecting: c_11341204_12_19000_4bd_2022
[1730861] Downloading: c_11371204_12_19000_4bd_2022
[1730861] Reprojecting: c_11371204_12_19000_4bd_2022
[1730861] Downloading: c_11401204_12_19000_4bd_2022
[1730861] Reprojecting: c_11401204_12_19000_4bd_2022
[1730861] Downloading: c_11431204_12_19000_4bd_2022
[1730861] Reprojecting: c_11431204_12_19000_4bd_2022
[1730861] Downloading: c_11461204_12_19000_4bd_2022
[1730861] Reprojecting: c_11461204_12_19000_4bd_2022
[1730861] Downloading: c_11491204_12_19000_4bd_2022
[1730861] Reprojecting: c_11491204_12_19000_4bd_2022
[1730861] Downloading: c_11521204_12_19000_4bd_2022
[1730861] Reprojecting: c_11521204_12_19000_4bd_2022
[1730861] Downloading: c_11551204_12_19000_4bd_2022
[1730861] Reprojecting: c_11551204_12_19000_4bd_2022
[1730861] Downloading: c_11581204_12_19000_4bd_2022
[1730861] Reprojecting: c_11581204_12_19000_4bd_2022
[1730861] Downloading: c_11611204_12_19000_4bd_2022
[1730861] Reprojecting: c_11611204_12_19000_4bd_2022
[1730861] Downloading: c_11641204_12_19000_4bd_2022
[1730861] Reprojecting: c_11641204_12_19000_4bd_2022
[1730861] Downloading: c_11671204_12_19000_4bd_2022
[1730861] Reprojecting: c_11671204_12_19000_4bd_2022
[1730861] Downloading: c_11701204_12_19000_4bd_2022
[1730861] Reprojecting: c_11701204_12_19000_4bd_2022
[1730861] Downloading: c_11731204_12_19000_4bd_2022
[1730861] Reprojecting: c_11731204_12_19000_4bd_2022
[1730861] Downloading: c_11761204_12_19000_4bd_2022
[1730861] Reprojecting: c_11761204_12_19000_4bd_2022
[1730861] Downloading: c_11791204_12_19000_4bd_2022
[1730861] Reprojecting: c_11791204_12_19000_4bd_2022
[1730861] Downloading: c_11821204_12_19000_4bd_2022
[1730861] Reprojecting: c_11821204_12_19000_4bd_2022
[1730861] Downloading: c_11851204_12_19000_4bd_2022
[1730861] Reprojecting: c_11851204_12_19000_4bd_2022
[1730861] Downloading: c_11881204_12_19000_4bd_2022
[1730861] Reprojecting: c_11881204_12_19000_4bd_2022
[1730861] Downloading: c_11911204_12_19000_4bd_2022
[1730861] Reprojecting: c_11911204_12_19000_4bd_2022
[1730861] Downloading: c_11941204_12_19000_4bd_2022
[1730861] Reprojecting: c_11941204_12_19000_4bd_2022
[1730861] Downloading: c_11971204_12_19000_4bd_2022
[1730861] Reprojecting: c_11971204_12_19000_4bd_2022
[1730861] Downloading: c_12001204_12_19000_4bd_2022
[1730861] Reprojecting: c_12001204_12_19000_4bd_2022
[1730861] Downloading: c_11101206_12_19000_4bd_2022
[1730861] Reprojecting: c_11101206_12_19000_4bd_2022
[1730861] Downloading: c_11131206_12_19000_4bd_2022
[1730861] Reprojecting: c_11131206_12_19000_4bd_2022
[1730861] Downloading: c_11161206_12_19000_4bd_2022
[1730861] Reprojecting: c_11161206_12_19000_4bd_2022
[1730861] Downloading: c_11191206_12_19000_4bd_2022
[1730861] Reprojecting: c_11191206_12_19000_4bd_2022
[1730861] Downloading: c_11221206_12_19000_4bd_2022
[1730861] Reprojecting: c_11221206_12_19000_4bd_2022
[1730861] Downloading: c_11251206_12_19000_4bd_2022
[1730861] Reprojecting: c_11251206_12_19000_4bd_2022
[1730861] Downloading: c_11281206_12_19000_4bd_2022
[1730861] Reprojecting: c_11281206_12_19000_4bd_2022
[1730861] Downloading: c_11311206_12_19000_4bd_2022
[1730861] Reprojecting: c_11311206_12_19000_4bd_2022
[1730861] Downloading: c_11341206_12_19000_4bd_2022
[1730861] Reprojecting: c_11341206_12_19000_4bd_2022
[1730861] Downloading: c_11371206_12_19000_4bd_2022
[1730861] Reprojecting: c_11371206_12_19000_4bd_2022
[1730861] Downloading: c_11401206_12_19000_4bd_2022
[1730861] Reprojecting: c_11401206_12_19000_4bd_2022
[1730861] Downloading: c_11431206_12_19000_4bd_2022
[1730861] Reprojecting: c_11431206_12_19000_4bd_2022
[1730861] Downloading: c_11461206_12_19000_4bd_2022
[1730861] Reprojecting: c_11461206_12_19000_4bd_2022
[1730861] Downloading: c_11491206_12_19000_4bd_2022
[1730861] Reprojecting: c_11491206_12_19000_4bd_2022
[1730861] Downloading: c_11521206_12_19000_4bd_2022
[1730861] Reprojecting: c_11521206_12_19000_4bd_2022
[1730861] Downloading: c_11551206_12_19000_4bd_2022
[1730861] Reprojecting: c_11551206_12_19000_4bd_2022
[1730861] Downloading: c_11581206_12_19000_4bd_2022
[1730861] Reprojecting: c_11581206_12_19000_4bd_2022
[1730861] Downloading: c_11611206_12_19000_4bd_2022
[1730861] Reprojecting: c_11611206_12_19000_4bd_2022
[1730861] Downloading: c_11641206_12_19000_4bd_2022
[1730861] Reprojecting: c_11641206_12_19000_4bd_2022
[1730861] Downloading: c_11671206_12_19000_4bd_2022
[1730861] Reprojecting: c_11671206_12_19000_4bd_2022
[1730861] Downloading: c_11701206_12_19000_4bd_2022
[1730861] Reprojecting: c_11701206_12_19000_4bd_2022
[1730861] Downloading: c_11731206_12_19000_4bd_2022
[1730861] Reprojecting: c_11731206_12_19000_4bd_2022
[1730861] Downloading: c_11761206_12_19000_4bd_2022
[1730861] Reprojecting: c_11761206_12_19000_4bd_2022
[1730861] Downloading: c_11791206_12_19000_4bd_2022
[1730861] Reprojecting: c_11791206_12_19000_4bd_2022
[1730861] Downloading: c_11821206_12_19000_4bd_2022
[1730861] Reprojecting: c_11821206_12_19000_4bd_2022
[1730861] Downloading: c_11851206_12_19000_4bd_2022
[1730861] Reprojecting: c_11851206_12_19000_4bd_2022
[1730861] Downloading: c_11881206_12_19000_4bd_2022
[1730861] Reprojecting: c_11881206_12_19000_4bd_2022
[1730861] Downloading: c_11911206_12_19000_4bd_2022
[1730861] Reprojecting: c_11911206_12_19000_4bd_2022
[1730861] Downloading: c_11941206_12_19000_4bd_2022
[1730861] Reprojecting: c_11941206_12_19000_4bd_2022
[1730861] Downloading: c_11971206_12_19000_4bd_2022
[1730861] Reprojecting: c_11971206_12_19000_4bd_2022
[1730861] Downloading: c_12001206_12_19000_4bd_2022
[1730861] Reprojecting: c_12001206_12_19000_4bd_2022
[1730861] Downloading: c_11101208_12_19000_4bd_2022
[1730861] Reprojecting: c_11101208_12_19000_4bd_2022
[1730861] Downloading: c_11131208_12_19000_4bd_2022
[1730861] Reprojecting: c_11131208_12_19000_4bd_2022
[1730861] Downloading: c_11161208_12_19000_4bd_2022
[1730861] Reprojecting: c_11161208_12_19000_4bd_2022
[1730861] Downloading: c_11191208_12_19000_4bd_2022
[1730861] Reprojecting: c_11191208_12_19000_4bd_2022
[1730861] Downloading: c_11221208_12_19000_4bd_2022
[1730861] Reprojecting: c_11221208_12_19000_4bd_2022
[1730861] Downloading: c_11251208_12_19000_4bd_2022
[1730861] Reprojecting: c_11251208_12_19000_4bd_2022
[1730861] Downloading: c_11281208_12_19000_4bd_2022
[1730861] Reprojecting: c_11281208_12_19000_4bd_2022
[1730861] Downloading: c_11311208_12_19000_4bd_2022
[1730861] Reprojecting: c_11311208_12_19000_4bd_2022
[1730861] Downloading: c_11341208_12_19000_4bd_2022
[1730861] Reprojecting: c_11341208_12_19000_4bd_2022
[1730861] Downloading: c_11371208_12_19000_4bd_2022
[1730861] Reprojecting: c_11371208_12_19000_4bd_2022
[1730861] Downloading: c_11401208_12_19000_4bd_2022
[1730861] Reprojecting: c_11401208_12_19000_4bd_2022
[1730861] Downloading: c_11431208_12_19000_4bd_2022
[1730861] Reprojecting: c_11431208_12_19000_4bd_2022
[1730861] Downloading: c_11461208_12_19000_4bd_2022
[1730861] Reprojecting: c_11461208_12_19000_4bd_2022
[1730861] Downloading: c_11491208_12_19000_4bd_2022
[1730861] Reprojecting: c_11491208_12_19000_4bd_2022
[1730861] Downloading: c_11521208_12_19000_4bd_2022
[1730861] Reprojecting: c_11521208_12_19000_4bd_2022
[1730861] Downloading: c_11551208_12_19000_4bd_2022
[1730861] Reprojecting: c_11551208_12_19000_4bd_2022
[1730861] Downloading: c_11581208_12_19000_4bd_2022
[1730861] Reprojecting: c_11581208_12_19000_4bd_2022
[1730861] Downloading: c_11611208_12_19000_4bd_2022
[1730861] Reprojecting: c_11611208_12_19000_4bd_2022
[1730861] Downloading: c_11641208_12_19000_4bd_2022
[1730861] Reprojecting: c_11641208_12_19000_4bd_2022
[1730861] Downloading: c_11671208_12_19000_4bd_2022
[1730861] Reprojecting: c_11671208_12_19000_4bd_2022
[1730861] Downloading: c_11701208_12_19000_4bd_2022
[1730861] Reprojecting: c_11701208_12_19000_4bd_2022
[1730861] Downloading: c_11731208_12_19000_4bd_2022
[1730861] Reprojecting: c_11731208_12_19000_4bd_2022
[1730861] Downloading: c_11761208_12_19000_4bd_2022
[1730861] Reprojecting: c_11761208_12_19000_4bd_2022
[1730861] Downloading: c_11791208_12_19000_4bd_2022
[1730861] Reprojecting: c_11791208_12_19000_4bd_2022
[1730861] Downloading: c_11821208_12_19000_4bd_2022
[1730861] Reprojecting: c_11821208_12_19000_4bd_2022
[1730861] Downloading: c_11851208_12_19000_4bd_2022
[1730861] Reprojecting: c_11851208_12_19000_4bd_2022
[1730861] Downloading: c_11881208_12_19000_4bd_2022
[1730861] Reprojecting: c_11881208_12_19000_4bd_2022
[1730861] Downloading: c_11911208_12_19000_4bd_2022
[1730861] Reprojecting: c_11911208_12_19000_4bd_2022
[1730861] Downloading: c_11941208_12_19000_4bd_2022
[1730861] Reprojecting: c_11941208_12_19000_4bd_2022
[1730861] Downloading: c_11971208_12_19000_4bd_2022
[1730861] Reprojecting: c_11971208_12_19000_4bd_2022
[1730861] Downloading: c_12001208_12_19000_4bd_2022
[1730861] Reprojecting: c_12001208_12_19000_4bd_2022
[1730861] Downloading: c_12031208_12_19000_4bd_2022
[1730861] Reprojecting: c_12031208_12_19000_4bd_2022
[1730861] Downloading: c_11101210_12_19000_4bd_2022
[1730861] Reprojecting: c_11101210_12_19000_4bd_2022
[1730861] Downloading: c_11131210_12_19000_4bd_2022
[1730861] Reprojecting: c_11131210_12_19000_4bd_2022
[1730861] Downloading: c_11161210_12_19000_4bd_2022
[1730861] Reprojecting: c_11161210_12_19000_4bd_2022
[1730861] Downloading: c_11191210_12_19000_4bd_2022
[1730861] Reprojecting: c_11191210_12_19000_4bd_2022
[1730861] Downloading: c_11221210_12_19000_4bd_2022
[1730861] Reprojecting: c_11221210_12_19000_4bd_2022
[1730861] Downloading: c_11251210_12_19000_4bd_2022
[1730861] Reprojecting: c_11251210_12_19000_4bd_2022
[1730861] Downloading: c_11281210_12_19000_4bd_2022
[1730861] Reprojecting: c_11281210_12_19000_4bd_2022
[1730861] Downloading: c_11311210_12_19000_4bd_2022
[1730861] Reprojecting: c_11311210_12_19000_4bd_2022
[1730861] Downloading: c_11341210_12_19000_4bd_2022
[1730861] Reprojecting: c_11341210_12_19000_4bd_2022
[1730861] Downloading: c_11371210_12_19000_4bd_2022
[1730861] Reprojecting: c_11371210_12_19000_4bd_2022
[1730861] Downloading: c_11401210_12_19000_4bd_2022
[1730861] Reprojecting: c_11401210_12_19000_4bd_2022
[1730861] Downloading: c_11431210_12_19000_4bd_2022
[1730861] Reprojecting: c_11431210_12_19000_4bd_2022
[1730861] Downloading: c_11461210_12_19000_4bd_2022
[1730861] Reprojecting: c_11461210_12_19000_4bd_2022
[1730861] Downloading: c_11491210_12_19000_4bd_2022
[1730861] Reprojecting: c_11491210_12_19000_4bd_2022
[1730861] Downloading: c_11521210_12_19000_4bd_2022
[1730861] Reprojecting: c_11521210_12_19000_4bd_2022
[1730861] Downloading: c_11551210_12_19000_4bd_2022
[1730861] Reprojecting: c_11551210_12_19000_4bd_2022
[1730861] Downloading: c_11581210_12_19000_4bd_2022
[1730861] Reprojecting: c_11581210_12_19000_4bd_2022
[1730861] Downloading: c_11611210_12_19000_4bd_2022
[1730861] Reprojecting: c_11611210_12_19000_4bd_2022
[1730861] Downloading: c_11641210_12_19000_4bd_2022
[1730861] Reprojecting: c_11641210_12_19000_4bd_2022
[1730861] Downloading: c_11671210_12_19000_4bd_2022
[1730861] Reprojecting: c_11671210_12_19000_4bd_2022
[1730861] Downloading: c_11701210_12_19000_4bd_2022
[1730861] Reprojecting: c_11701210_12_19000_4bd_2022
[1730861] Downloading: c_11731210_12_19000_4bd_2022
[1730861] Reprojecting: c_11731210_12_19000_4bd_2022
[1730861] Downloading: c_11761210_12_19000_4bd_2022
[1730861] Reprojecting: c_11761210_12_19000_4bd_2022
[1730861] Downloading: c_11791210_12_19000_4bd_2022
[1730861] Reprojecting: c_11791210_12_19000_4bd_2022
[1730861] Downloading: c_11821210_12_19000_4bd_2022
[1730861] Reprojecting: c_11821210_12_19000_4bd_2022
[1730861] Downloading: c_11851210_12_19000_4bd_2022
[1730861] Reprojecting: c_11851210_12_19000_4bd_2022
[1730861] Downloading: c_11881210_12_19000_4bd_2022
[1730861] Reprojecting: c_11881210_12_19000_4bd_2022
[1730861] Downloading: c_11911210_12_19000_4bd_2022
[1730861] Reprojecting: c_11911210_12_19000_4bd_2022
[1730861] Downloading: c_11941210_12_19000_4bd_2022
[1730861] Reprojecting: c_11941210_12_19000_4bd_2022
[1730861] Downloading: c_11971210_12_19000_4bd_2022
[1730861] Reprojecting: c_11971210_12_19000_4bd_2022
[1730861] Downloading: c_12001210_12_19000_4bd_2022
[1730861] Reprojecting: c_12001210_12_19000_4bd_2022
[1730861] Downloading: c_12031210_12_19000_4bd_2022
[1730861] Reprojecting: c_12031210_12_19000_4bd_2022
[1730861] Downloading: c_12061210_12_19000_4bd_2022
[1730861] Reprojecting: c_12061210_12_19000_4bd_2022
[1730861] Downloading: c_11101212_12_19000_4bd_2022
[1730861] Reprojecting: c_11101212_12_19000_4bd_2022
[1730861] Downloading: c_11131212_12_19000_4bd_2022
[1730861] Reprojecting: c_11131212_12_19000_4bd_2022
[1730861] Downloading: c_11161212_12_19000_4bd_2022
[1730861] Reprojecting: c_11161212_12_19000_4bd_2022
[1730861] Downloading: c_11191212_12_19000_4bd_2022
[1730861] Reprojecting: c_11191212_12_19000_4bd_2022
[1730861] Downloading: c_11221212_12_19000_4bd_2022
[1730861] Reprojecting: c_11221212_12_19000_4bd_2022
[1730861] Downloading: c_11251212_12_19000_4bd_2022
[1730861] Reprojecting: c_11251212_12_19000_4bd_2022
[1730861] Downloading: c_11281212_12_19000_4bd_2022
[1730861] Reprojecting: c_11281212_12_19000_4bd_2022
[1730861] Downloading: c_11311212_12_19000_4bd_2022
[1730861] Reprojecting: c_11311212_12_19000_4bd_2022
[1730861] Downloading: c_11341212_12_19000_4bd_2022
[1730861] Reprojecting: c_11341212_12_19000_4bd_2022
[1730861] Downloading: c_11371212_12_19000_4bd_2022
[1730861] Reprojecting: c_11371212_12_19000_4bd_2022
[1730861] Downloading: c_11401212_12_19000_4bd_2022
[1730861] Reprojecting: c_11401212_12_19000_4bd_2022
[1730861] Downloading: c_11431212_12_19000_4bd_2022
[1730861] Reprojecting: c_11431212_12_19000_4bd_2022
[1730861] Downloading: c_11461212_12_19000_4bd_2022
[1730861] Reprojecting: c_11461212_12_19000_4bd_2022
[1730861] Downloading: c_11491212_12_19000_4bd_2022
[1730861] Reprojecting: c_11491212_12_19000_4bd_2022
[1730861] Downloading: c_11521212_12_19000_4bd_2022
[1730861] Reprojecting: c_11521212_12_19000_4bd_2022
[1730861] Downloading: c_11551212_12_19000_4bd_2022
[1730861] Reprojecting: c_11551212_12_19000_4bd_2022
[1730861] Downloading: c_11581212_12_19000_4bd_2022
[1730861] Reprojecting: c_11581212_12_19000_4bd_2022
[1730861] Downloading: c_11611212_12_19000_4bd_2022
[1730861] Reprojecting: c_11611212_12_19000_4bd_2022
[1730861] Downloading: c_11641212_12_19000_4bd_2022
[1730861] Reprojecting: c_11641212_12_19000_4bd_2022
[1730861] Downloading: c_11671212_12_19000_4bd_2022
[1730861] Reprojecting: c_11671212_12_19000_4bd_2022
[1730861] Downloading: c_11701212_12_19000_4bd_2022
[1730861] Reprojecting: c_11701212_12_19000_4bd_2022
[1730861] Downloading: c_11731212_12_19000_4bd_2022
[1730861] Reprojecting: c_11731212_12_19000_4bd_2022
[1730861] Downloading: c_11761212_12_19000_4bd_2022
[1730861] Reprojecting: c_11761212_12_19000_4bd_2022
[1730861] Downloading: c_11791212_12_19000_4bd_2022
[1730861] Reprojecting: c_11791212_12_19000_4bd_2022
[1730861] Downloading: c_11821212_12_19000_4bd_2022
[1730861] Reprojecting: c_11821212_12_19000_4bd_2022
[1730861] Downloading: c_11851212_12_19000_4bd_2022
[1730861] Reprojecting: c_11851212_12_19000_4bd_2022
[1730861] Downloading: c_11881212_12_19000_4bd_2022
[1730861] Reprojecting: c_11881212_12_19000_4bd_2022
[1730861] Downloading: c_11911212_12_19000_4bd_2022
[1730861] Reprojecting: c_11911212_12_19000_4bd_2022
[1730861] Downloading: c_11941212_12_19000_4bd_2022
[1730861] Reprojecting: c_11941212_12_19000_4bd_2022
[1730861] Downloading: c_11971212_12_19000_4bd_2022
[1730861] Reprojecting: c_11971212_12_19000_4bd_2022
[1730861] Downloading: c_12001212_12_19000_4bd_2022
[1730861] Reprojecting: c_12001212_12_19000_4bd_2022
[1730861] Downloading: c_12031212_12_19000_4bd_2022
[1730861] Reprojecting: c_12031212_12_19000_4bd_2022
[1730861] Downloading: c_12061212_12_19000_4bd_2022
[1730861] Reprojecting: c_12061212_12_19000_4bd_2022
[1730861] Downloading: c_11101214_12_19000_4bd_2022
[1730861] Reprojecting: c_11101214_12_19000_4bd_2022
[1730861] Downloading: c_11131214_12_19000_4bd_2022
[1730861] Reprojecting: c_11131214_12_19000_4bd_2022
[1730861] Downloading: c_11161214_12_19000_4bd_2022
[1730861] Reprojecting: c_11161214_12_19000_4bd_2022
[1730861] Downloading: c_11191214_12_19000_4bd_2022
[1730861] Reprojecting: c_11191214_12_19000_4bd_2022
[1730861] Downloading: c_11221214_12_19000_4bd_2022
[1730861] Reprojecting: c_11221214_12_19000_4bd_2022
[1730861] Downloading: c_11251214_12_19000_4bd_2022
[1730861] Reprojecting: c_11251214_12_19000_4bd_2022
[1730861] Downloading: c_11281214_12_19000_4bd_2022
[1730861] Reprojecting: c_11281214_12_19000_4bd_2022
[1730861] Downloading: c_11311214_12_19000_4bd_2022
[1730861] Reprojecting: c_11311214_12_19000_4bd_2022
[1730861] Downloading: c_11341214_12_19000_4bd_2022
[1730861] Reprojecting: c_11341214_12_19000_4bd_2022
[1730861] Downloading: c_11371214_12_19000_4bd_2022
[1730861] Reprojecting: c_11371214_12_19000_4bd_2022
[1730861] Downloading: c_11401214_12_19000_4bd_2022
[1730861] Reprojecting: c_11401214_12_19000_4bd_2022
[1730861] Downloading: c_11431214_12_19000_4bd_2022
[1730861] Reprojecting: c_11431214_12_19000_4bd_2022
[1730861] Downloading: c_11461214_12_19000_4bd_2022
[1730861] Reprojecting: c_11461214_12_19000_4bd_2022
[1730861] Downloading: c_11491214_12_19000_4bd_2022
[1730861] Reprojecting: c_11491214_12_19000_4bd_2022
[1730861] Downloading: c_11521214_12_19000_4bd_2022
[1730861] Reprojecting: c_11521214_12_19000_4bd_2022
[1730861] Downloading: c_11551214_12_19000_4bd_2022
[1730861] Reprojecting: c_11551214_12_19000_4bd_2022
[1730861] Downloading: c_11581214_12_19000_4bd_2022
[1730861] Reprojecting: c_11581214_12_19000_4bd_2022
[1730861] Downloading: c_11611214_12_19000_4bd_2022
[1730861] Reprojecting: c_11611214_12_19000_4bd_2022
[1730861] Downloading: c_11641214_12_19000_4bd_2022
[1730861] Reprojecting: c_11641214_12_19000_4bd_2022
[1730861] Downloading: c_11671214_12_19000_4bd_2022
[1730861] Reprojecting: c_11671214_12_19000_4bd_2022
[1730861] Downloading: c_11701214_12_19000_4bd_2022
[1730861] Reprojecting: c_11701214_12_19000_4bd_2022
[1730861] Downloading: c_11731214_12_19000_4bd_2022
[1730861] Reprojecting: c_11731214_12_19000_4bd_2022
[1730861] Downloading: c_11761214_12_19000_4bd_2022
[1730861] Reprojecting: c_11761214_12_19000_4bd_2022
[1730861] Downloading: c_11791214_12_19000_4bd_2022
[1730861] Reprojecting: c_11791214_12_19000_4bd_2022
[1730861] Downloading: c_11821214_12_19000_4bd_2022
[1730861] Reprojecting: c_11821214_12_19000_4bd_2022
[1730861] Downloading: c_11851214_12_19000_4bd_2022
[1730861] Reprojecting: c_11851214_12_19000_4bd_2022
[1730861] Downloading: c_11881214_12_19000_4bd_2022
[1730861] Reprojecting: c_11881214_12_19000_4bd_2022
[1730861] Downloading: c_11911214_12_19000_4bd_2022
[1730861] Reprojecting: c_11911214_12_19000_4bd_2022
[1730861] Downloading: c_11941214_12_19000_4bd_2022
[1730861] Reprojecting: c_11941214_12_19000_4bd_2022
[1730861] Downloading: c_11971214_12_19000_4bd_2022
[1730861] Reprojecting: c_11971214_12_19000_4bd_2022
[1730861] Downloading: c_12001214_12_19000_4bd_2022
[1730861] Reprojecting: c_12001214_12_19000_4bd_2022
[1730861] Downloading: c_12031214_12_19000_4bd_2022
[1730861] Reprojecting: c_12031214_12_19000_4bd_2022
[1730861] Downloading: c_12061214_12_19000_4bd_2022
[1730861] Reprojecting: c_12061214_12_19000_4bd_2022
[1730861] Downloading: c_11101216_12_19000_4bd_2022
[1730861] Reprojecting: c_11101216_12_19000_4bd_2022
[1730861] Downloading: c_11131216_12_19000_4bd_2022
[1730861] Reprojecting: c_11131216_12_19000_4bd_2022
[1730861] Downloading: c_11161216_12_19000_4bd_2022
[1730861] Reprojecting: c_11161216_12_19000_4bd_2022
[1730861] Downloading: c_11191216_12_19000_4bd_2022
[1730861] Reprojecting: c_11191216_12_19000_4bd_2022
[1730861] Downloading: c_11221216_12_19000_4bd_2022
[1730861] Reprojecting: c_11221216_12_19000_4bd_2022
[1730861] Downloading: c_11251216_12_19000_4bd_2022
[1730861] Reprojecting: c_11251216_12_19000_4bd_2022
[1730861] Downloading: c_11281216_12_19000_4bd_2022
[1730861] Reprojecting: c_11281216_12_19000_4bd_2022
[1730861] Downloading: c_11311216_12_19000_4bd_2022
[1730861] Reprojecting: c_11311216_12_19000_4bd_2022
[1730861] Downloading: c_11341216_12_19000_4bd_2022
[1730861] Reprojecting: c_11341216_12_19000_4bd_2022
[1730861] Downloading: c_11371216_12_19000_4bd_2022
[1730861] Reprojecting: c_11371216_12_19000_4bd_2022
[1730861] Downloading: c_11401216_12_19000_4bd_2022
[1730861] Reprojecting: c_11401216_12_19000_4bd_2022
[1730861] Downloading: c_11431216_12_19000_4bd_2022
[1730861] Reprojecting: c_11431216_12_19000_4bd_2022
[1730861] Downloading: c_11461216_12_19000_4bd_2022
[1730861] Reprojecting: c_11461216_12_19000_4bd_2022
[1730861] Downloading: c_11491216_12_19000_4bd_2022
[1730861] Reprojecting: c_11491216_12_19000_4bd_2022
[1730861] Downloading: c_11521216_12_19000_4bd_2022
[1730861] Reprojecting: c_11521216_12_19000_4bd_2022
[1730861] Downloading: c_11551216_12_19000_4bd_2022
[1730861] Reprojecting: c_11551216_12_19000_4bd_2022
[1730861] Downloading: c_11581216_12_19000_4bd_2022
[1730861] Reprojecting: c_11581216_12_19000_4bd_2022
[1730861] Downloading: c_11611216_12_19000_4bd_2022
[1730861] Reprojecting: c_11611216_12_19000_4bd_2022
[1730861] Downloading: c_11641216_12_19000_4bd_2022
[1730861] Reprojecting: c_11641216_12_19000_4bd_2022
[1730861] Downloading: c_11671216_12_19000_4bd_2022
[1730861] Reprojecting: c_11671216_12_19000_4bd_2022
[1730861] Downloading: c_11701216_12_19000_4bd_2022
[1730861] Reprojecting: c_11701216_12_19000_4bd_2022
[1730861] Downloading: c_11731216_12_19000_4bd_2022
[1730861] Reprojecting: c_11731216_12_19000_4bd_2022
[1730861] Downloading: c_11761216_12_19000_4bd_2022
[1730861] Reprojecting: c_11761216_12_19000_4bd_2022
[1730861] Downloading: c_11791216_12_19000_4bd_2022
[1730861] Reprojecting: c_11791216_12_19000_4bd_2022
[1730861] Downloading: c_11821216_12_19000_4bd_2022
[1730861] Reprojecting: c_11821216_12_19000_4bd_2022
[1730861] Downloading: c_11851216_12_19000_4bd_2022
[1730861] Reprojecting: c_11851216_12_19000_4bd_2022
[1730861] Downloading: c_11881216_12_19000_4bd_2022
[1730861] Reprojecting: c_11881216_12_19000_4bd_2022
[1730861] Downloading: c_11911216_12_19000_4bd_2022
[1730861] Reprojecting: c_11911216_12_19000_4bd_2022
[1730861] Downloading: c_11941216_12_19000_4bd_2022
[1730861] Reprojecting: c_11941216_12_19000_4bd_2022
[1730861] Downloading: c_11971216_12_19000_4bd_2022
[1730861] Reprojecting: c_11971216_12_19000_4bd_2022
[1730861] Downloading: c_12001216_12_19000_4bd_2022
[1730861] Reprojecting: c_12001216_12_19000_4bd_2022
[1730861] Downloading: c_12031216_12_19000_4bd_2022
[1730861] Reprojecting: c_12031216_12_19000_4bd_2022
[1730861] Downloading: c_12061216_12_19000_4bd_2022
[1730861] Reprojecting: c_12061216_12_19000_4bd_2022
[1730861] Downloading: c_11101218_12_19000_4bd_2022
[1730861] Reprojecting: c_11101218_12_19000_4bd_2022
[1730861] Downloading: c_11131218_12_19000_4bd_2022
[1730861] Reprojecting: c_11131218_12_19000_4bd_2022
[1730861] Downloading: c_11161218_12_19000_4bd_2022
[1730861] Reprojecting: c_11161218_12_19000_4bd_2022
[1730861] Downloading: c_11191218_12_19000_4bd_2022
[1730861] Reprojecting: c_11191218_12_19000_4bd_2022
[1730861] Downloading: c_11221218_12_19000_4bd_2022
[1730861] Reprojecting: c_11221218_12_19000_4bd_2022
[1730861] Downloading: c_11251218_12_19000_4bd_2022
[1730861] Reprojecting: c_11251218_12_19000_4bd_2022
[1730861] Downloading: c_11281218_12_19000_4bd_2022
[1730861] Reprojecting: c_11281218_12_19000_4bd_2022
[1730861] Downloading: c_11311218_12_19000_4bd_2022
[1730861] Reprojecting: c_11311218_12_19000_4bd_2022
[1730861] Downloading: c_11341218_12_19000_4bd_2022
[1730861] Reprojecting: c_11341218_12_19000_4bd_2022
[1730861] Downloading: c_11371218_12_19000_4bd_2022
[1730861] Reprojecting: c_11371218_12_19000_4bd_2022
[1730861] Downloading: c_11401218_12_19000_4bd_2022
[1730861] Reprojecting: c_11401218_12_19000_4bd_2022
[1730861] Downloading: c_11431218_12_19000_4bd_2022
[1730861] Reprojecting: c_11431218_12_19000_4bd_2022
[1730861] Downloading: c_11461218_12_19000_4bd_2022
[1730861] Reprojecting: c_11461218_12_19000_4bd_2022
[1730861] Downloading: c_11491218_12_19000_4bd_2022
[1730861] Reprojecting: c_11491218_12_19000_4bd_2022
[1730861] Downloading: c_11521218_12_19000_4bd_2022
[1730861] Reprojecting: c_11521218_12_19000_4bd_2022
[1730861] Downloading: c_11551218_12_19000_4bd_2022
[1730861] Reprojecting: c_11551218_12_19000_4bd_2022
[1730861] Downloading: c_11581218_12_19000_4bd_2022
[1730861] Reprojecting: c_11581218_12_19000_4bd_2022
[1730861] Downloading: c_11611218_12_19000_4bd_2022
[1730861] Reprojecting: c_11611218_12_19000_4bd_2022
[1730861] Downloading: c_11641218_12_19000_4bd_2022
[1730861] Reprojecting: c_11641218_12_19000_4bd_2022
[1730861] Downloading: c_11671218_12_19000_4bd_2022
[1730861] Reprojecting: c_11671218_12_19000_4bd_2022
[1730861] Downloading: c_11701218_12_19000_4bd_2022
[1730861] Reprojecting: c_11701218_12_19000_4bd_2022
[1730861] Downloading: c_11731218_12_19000_4bd_2022
[1730861] Reprojecting: c_11731218_12_19000_4bd_2022
[1730861] Downloading: c_11761218_12_19000_4bd_2022
[1730861] Reprojecting: c_11761218_12_19000_4bd_2022
[1730861] Downloading: c_11791218_12_19000_4bd_2022
[1730861] Reprojecting: c_11791218_12_19000_4bd_2022
[1730861] Downloading: c_11821218_12_19000_4bd_2022
[1730861] Reprojecting: c_11821218_12_19000_4bd_2022
[1730861] Downloading: c_11851218_12_19000_4bd_2022
[1730861] Reprojecting: c_11851218_12_19000_4bd_2022
[1730861] Downloading: c_11881218_12_19000_4bd_2022
[1730861] Reprojecting: c_11881218_12_19000_4bd_2022
[1730861] Downloading: c_11911218_12_19000_4bd_2022
[1730861] Reprojecting: c_11911218_12_19000_4bd_2022
[1730861] Downloading: c_11941218_12_19000_4bd_2022
[1730861] Reprojecting: c_11941218_12_19000_4bd_2022
[1730861] Downloading: c_11971218_12_19000_4bd_2022
[1730861] Reprojecting: c_11971218_12_19000_4bd_2022
[1730861] Downloading: c_12001218_12_19000_4bd_2022
[1730861] Reprojecting: c_12001218_12_19000_4bd_2022
[1730861] Downloading: c_12031218_12_19000_4bd_2022
[1730861] Reprojecting: c_12031218_12_19000_4bd_2022
[1730861] Downloading: c_11161220_12_19000_4bd_2022
[1730861] Reprojecting: c_11161220_12_19000_4bd_2022
[1730861] Downloading: c_11191220_12_19000_4bd_2022
[1730861] Reprojecting: c_11191220_12_19000_4bd_2022
[1730861] Downloading: c_11221220_12_19000_4bd_2022
[1730861] Reprojecting: c_11221220_12_19000_4bd_2022
[1730861] Downloading: c_11251220_12_19000_4bd_2022
[1730861] Reprojecting: c_11251220_12_19000_4bd_2022
[1730861] Downloading: c_11281220_12_19000_4bd_2022
[1730861] Reprojecting: c_11281220_12_19000_4bd_2022
[1730861] Downloading: c_11311220_12_19000_4bd_2022
[1730861] Reprojecting: c_11311220_12_19000_4bd_2022
[1730861] Downloading: c_11341220_12_19000_4bd_2022
[1730861] Reprojecting: c_11341220_12_19000_4bd_2022
[1730861] Downloading: c_11371220_12_19000_4bd_2022
[1730861] Reprojecting: c_11371220_12_19000_4bd_2022
[1730861] Downloading: c_11401220_12_19000_4bd_2022
[1730861] Reprojecting: c_11401220_12_19000_4bd_2022
[1730861] Downloading: c_11431220_12_19000_4bd_2022
[1730861] Reprojecting: c_11431220_12_19000_4bd_2022
[1730861] Downloading: c_11461220_12_19000_4bd_2022
[1730861] Reprojecting: c_11461220_12_19000_4bd_2022
[1730861] Downloading: c_11491220_12_19000_4bd_2022
[1730861] Reprojecting: c_11491220_12_19000_4bd_2022
[1730861] Downloading: c_11521220_12_19000_4bd_2022
[1730861] Reprojecting: c_11521220_12_19000_4bd_2022
[1730861] Downloading: c_11551220_12_19000_4bd_2022
[1730861] Reprojecting: c_11551220_12_19000_4bd_2022
[1730861] Downloading: c_11581220_12_19000_4bd_2022
[1730861] Reprojecting: c_11581220_12_19000_4bd_2022
[1730861] Downloading: c_11611220_12_19000_4bd_2022
[1730861] Reprojecting: c_11611220_12_19000_4bd_2022
[1730861] Downloading: c_11641220_12_19000_4bd_2022
[1730861] Reprojecting: c_11641220_12_19000_4bd_2022
[1730861] Downloading: c_11671220_12_19000_4bd_2022
[1730861] Reprojecting: c_11671220_12_19000_4bd_2022
[1730861] Downloading: c_11701220_12_19000_4bd_2022
[1730861] Reprojecting: c_11701220_12_19000_4bd_2022
[1730861] Downloading: c_11731220_12_19000_4bd_2022
[1730861] Reprojecting: c_11731220_12_19000_4bd_2022
[1730861] Downloading: c_11761220_12_19000_4bd_2022
[1730861] Reprojecting: c_11761220_12_19000_4bd_2022
[1730861] Downloading: c_11791220_12_19000_4bd_2022
[1730861] Reprojecting: c_11791220_12_19000_4bd_2022
[1730861] Downloading: c_11821220_12_19000_4bd_2022
[1730861] Reprojecting: c_11821220_12_19000_4bd_2022
[1730861] Downloading: c_11851220_12_19000_4bd_2022
[1730861] Reprojecting: c_11851220_12_19000_4bd_2022
[1730861] Downloading: c_11881220_12_19000_4bd_2022
[1730861] Reprojecting: c_11881220_12_19000_4bd_2022
[1730861] Downloading: c_11911220_12_19000_4bd_2022
[1730861] Reprojecting: c_11911220_12_19000_4bd_2022
[1730861] Downloading: c_11941220_12_19000_4bd_2022
[1730861] Reprojecting: c_11941220_12_19000_4bd_2022
[1730861] Downloading: c_11971220_12_19000_4bd_2022
[1730861] Reprojecting: c_11971220_12_19000_4bd_2022
[1730861] Downloading: c_12001220_12_19000_4bd_2022
[1730861] Reprojecting: c_12001220_12_19000_4bd_2022
[1730861] Downloading: c_11191222_12_19000_4bd_2022
[1730861] Reprojecting: c_11191222_12_19000_4bd_2022
[1730861] Downloading: c_11221222_12_19000_4bd_2022
[1730861] Reprojecting: c_11221222_12_19000_4bd_2022
[1730861] Downloading: c_11251222_12_19000_4bd_2022
[1730861] Reprojecting: c_11251222_12_19000_4bd_2022
[1730861] Downloading: c_11281222_12_19000_4bd_2022
[1730861] Reprojecting: c_11281222_12_19000_4bd_2022
[1730861] Downloading: c_11311222_12_19000_4bd_2022
[1730861] Reprojecting: c_11311222_12_19000_4bd_2022
[1730861] Downloading: c_11341222_12_19000_4bd_2022
[1730861] Reprojecting: c_11341222_12_19000_4bd_2022
[1730861] Downloading: c_11371222_12_19000_4bd_2022
[1730861] Reprojecting: c_11371222_12_19000_4bd_2022
[1730861] Downloading: c_11401222_12_19000_4bd_2022
[1730861] Reprojecting: c_11401222_12_19000_4bd_2022
[1730861] Downloading: c_11431222_12_19000_4bd_2022
[1730861] Reprojecting: c_11431222_12_19000_4bd_2022
[1730861] Downloading: c_11461222_12_19000_4bd_2022
[1730861] Reprojecting: c_11461222_12_19000_4bd_2022
[1730861] Downloading: c_11491222_12_19000_4bd_2022
[1730861] Reprojecting: c_11491222_12_19000_4bd_2022
[1730861] Downloading: c_11521222_12_19000_4bd_2022
[1730861] Reprojecting: c_11521222_12_19000_4bd_2022
[1730861] Downloading: c_11551222_12_19000_4bd_2022
[1730861] Reprojecting: c_11551222_12_19000_4bd_2022
[1730861] Downloading: c_11581222_12_19000_4bd_2022
[1730861] Reprojecting: c_11581222_12_19000_4bd_2022
[1730861] Downloading: c_11611222_12_19000_4bd_2022
[1730861] Reprojecting: c_11611222_12_19000_4bd_2022
[1730861] Downloading: c_11641222_12_19000_4bd_2022
[1730861] Reprojecting: c_11641222_12_19000_4bd_2022
[1730861] Downloading: c_11671222_12_19000_4bd_2022
[1730861] Reprojecting: c_11671222_12_19000_4bd_2022
[1730861] Downloading: c_11701222_12_19000_4bd_2022
[1730861] Reprojecting: c_11701222_12_19000_4bd_2022
[1730861] Downloading: c_11731222_12_19000_4bd_2022
[1730861] Reprojecting: c_11731222_12_19000_4bd_2022
[1730861] Downloading: c_11761222_12_19000_4bd_2022
[1730861] Reprojecting: c_11761222_12_19000_4bd_2022
[1730861] Downloading: c_11791222_12_19000_4bd_2022
[1730861] Reprojecting: c_11791222_12_19000_4bd_2022
[1730861] Downloading: c_11821222_12_19000_4bd_2022
[1730861] Reprojecting: c_11821222_12_19000_4bd_2022
[1730861] Downloading: c_11851222_12_19000_4bd_2022
[1730861] Reprojecting: c_11851222_12_19000_4bd_2022
[1730861] Downloading: c_11881222_12_19000_4bd_2022
[1730861] Reprojecting: c_11881222_12_19000_4bd_2022
[1730861] Downloading: c_11911222_12_19000_4bd_2022
[1730861] Reprojecting: c_11911222_12_19000_4bd_2022
[1730861] Downloading: c_11941222_12_19000_4bd_2022
[1730861] Reprojecting: c_11941222_12_19000_4bd_2022
[1730861] Downloading: c_11971222_12_19000_4bd_2022
[1730861] Reprojecting: c_11971222_12_19000_4bd_2022
[1730861] Downloading: c_11161224_12_19000_4bd_2022
[1730861] Reprojecting: c_11161224_12_19000_4bd_2022
[1730861] Downloading: c_11191224_12_19000_4bd_2022
[1730861] Reprojecting: c_11191224_12_19000_4bd_2022
[1730861] Downloading: c_11221224_12_19000_4bd_2022
[1730861] Reprojecting: c_11221224_12_19000_4bd_2022
[1730861] Downloading: c_11251224_12_19000_4bd_2022
[1730861] Reprojecting: c_11251224_12_19000_4bd_2022
[1730861] Downloading: c_11281224_12_19000_4bd_2022
[1730861] Reprojecting: c_11281224_12_19000_4bd_2022
[1730861] Downloading: c_11311224_12_19000_4bd_2022
[1730861] Reprojecting: c_11311224_12_19000_4bd_2022
[1730861] Downloading: c_11341224_12_19000_4bd_2022
[1730861] Reprojecting: c_11341224_12_19000_4bd_2022
[1730861] Downloading: c_11371224_12_19000_4bd_2022
[1730861] Reprojecting: c_11371224_12_19000_4bd_2022
[1730861] Downloading: c_11401224_12_19000_4bd_2022
[1730861] Reprojecting: c_11401224_12_19000_4bd_2022
[1730861] Downloading: c_11431224_12_19000_4bd_2022
[1730861] Reprojecting: c_11431224_12_19000_4bd_2022
[1730861] Downloading: c_11461224_12_19000_4bd_2022
[1730861] Reprojecting: c_11461224_12_19000_4bd_2022
[1730861] Downloading: c_11491224_12_19000_4bd_2022
[1730861] Reprojecting: c_11491224_12_19000_4bd_2022
[1730861] Downloading: c_11521224_12_19000_4bd_2022
[1730861] Reprojecting: c_11521224_12_19000_4bd_2022
[1730861] Downloading: c_11551224_12_19000_4bd_2022
[1730861] Reprojecting: c_11551224_12_19000_4bd_2022
[1730861] Downloading: c_11581224_12_19000_4bd_2022
[1730861] Reprojecting: c_11581224_12_19000_4bd_2022
[1730861] Downloading: c_11611224_12_19000_4bd_2022
[1730861] Reprojecting: c_11611224_12_19000_4bd_2022
[1730861] Downloading: c_11641224_12_19000_4bd_2022
[1730861] Reprojecting: c_11641224_12_19000_4bd_2022
[1730861] Downloading: c_11671224_12_19000_4bd_2022
[1730861] Reprojecting: c_11671224_12_19000_4bd_2022
[1730861] Downloading: c_11701224_12_19000_4bd_2022
[1730861] Reprojecting: c_11701224_12_19000_4bd_2022
[1730861] Downloading: c_11731224_12_19000_4bd_2022
[1730861] Reprojecting: c_11731224_12_19000_4bd_2022
[1730861] Downloading: c_11761224_12_19000_4bd_2022
[1730861] Reprojecting: c_11761224_12_19000_4bd_2022
[1730861] Downloading: c_11791224_12_19000_4bd_2022
[1730861] Reprojecting: c_11791224_12_19000_4bd_2022
[1730861] Downloading: c_11821224_12_19000_4bd_2022
[1730861] Reprojecting: c_11821224_12_19000_4bd_2022
[1730861] Downloading: c_11851224_12_19000_4bd_2022
[1730861] Reprojecting: c_11851224_12_19000_4bd_2022
[1730861] Downloading: c_11881224_12_19000_4bd_2022
[1730861] Reprojecting: c_11881224_12_19000_4bd_2022
[1730861] Downloading: c_11911224_12_19000_4bd_2022
[1730861] Reprojecting: c_11911224_12_19000_4bd_2022
[1730861] Downloading: c_11941224_12_19000_4bd_2022
[1730861] Reprojecting: c_11941224_12_19000_4bd_2022
[1730861] Downloading: c_11161226_12_19000_4bd_2022
[1730861] Reprojecting: c_11161226_12_19000_4bd_2022
[1730861] Downloading: c_11191226_12_19000_4bd_2022
[1730861] Reprojecting: c_11191226_12_19000_4bd_2022
[1730861] Downloading: c_11221226_12_19000_4bd_2022
[1730861] Reprojecting: c_11221226_12_19000_4bd_2022
[1730861] Downloading: c_11251226_12_19000_4bd_2022
[1730861] Reprojecting: c_11251226_12_19000_4bd_2022
[1730861] Downloading: c_11281226_12_19000_4bd_2022
[1730861] Reprojecting: c_11281226_12_19000_4bd_2022
[1730861] Downloading: c_11311226_12_19000_4bd_2022
[1730861] Reprojecting: c_11311226_12_19000_4bd_2022
[1730861] Downloading: c_11341226_12_19000_4bd_2022
[1730861] Reprojecting: c_11341226_12_19000_4bd_2022
[1730861] Downloading: c_11401226_12_19000_4bd_2022
[1730861] Reprojecting: c_11401226_12_19000_4bd_2022
[1730861] Downloading: c_11431226_12_19000_4bd_2022
[1730861] Reprojecting: c_11431226_12_19000_4bd_2022
[1730861] Downloading: c_11461226_12_19000_4bd_2022
[1730861] Reprojecting: c_11461226_12_19000_4bd_2022
[1730861] Downloading: c_11491226_12_19000_4bd_2022
[1730861] Reprojecting: c_11491226_12_19000_4bd_2022
[1730861] Downloading: c_11521226_12_19000_4bd_2022
[1730861] Reprojecting: c_11521226_12_19000_4bd_2022
[1730861] Downloading: c_11551226_12_19000_4bd_2022
[1730861] Reprojecting: c_11551226_12_19000_4bd_2022
[1730861] Downloading: c_11581226_12_19000_4bd_2022
[1730861] Reprojecting: c_11581226_12_19000_4bd_2022
[1730861] Downloading: c_11611226_12_19000_4bd_2022
[1730861] Reprojecting: c_11611226_12_19000_4bd_2022
[1730861] Downloading: c_11641226_12_19000_4bd_2022
[1730861] Reprojecting: c_11641226_12_19000_4bd_2022
[1730861] Downloading: c_11671226_12_19000_4bd_2022
[1730861] Reprojecting: c_11671226_12_19000_4bd_2022
[1730861] Downloading: c_11701226_12_19000_4bd_2022
[1730861] Reprojecting: c_11701226_12_19000_4bd_2022
[1730861] Downloading: c_11731226_12_19000_4bd_2022
[1730861] Reprojecting: c_11731226_12_19000_4bd_2022
[1730861] Downloading: c_11761226_12_19000_4bd_2022
[1730861] Reprojecting: c_11761226_12_19000_4bd_2022
[1730861] Downloading: c_11791226_12_19000_4bd_2022
[1730861] Reprojecting: c_11791226_12_19000_4bd_2022
[1730861] Downloading: c_11821226_12_19000_4bd_2022
[1730861] Reprojecting: c_11821226_12_19000_4bd_2022
[1730861] Downloading: c_11851226_12_19000_4bd_2022
[1730861] Reprojecting: c_11851226_12_19000_4bd_2022
[1730861] Downloading: c_11881226_12_19000_4bd_2022
[1730861] Reprojecting: c_11881226_12_19000_4bd_2022
[1730861] Downloading: c_11911226_12_19000_4bd_2022
[1730861] Reprojecting: c_11911226_12_19000_4bd_2022
[1730861] Downloading: c_11941226_12_19000_4bd_2022
[1730861] Reprojecting: c_11941226_12_19000_4bd_2022
[1730861] Downloading: c_11161228_12_19000_4bd_2022
[1730861] Reprojecting: c_11161228_12_19000_4bd_2022
[1730861] Downloading: c_11191228_12_19000_4bd_2022
[1730861] Reprojecting: c_11191228_12_19000_4bd_2022
[1730861] Downloading: c_11221228_12_19000_4bd_2022
[1730861] Reprojecting: c_11221228_12_19000_4bd_2022
[1730861] Downloading: c_11251228_12_19000_4bd_2022
[1730861] Reprojecting: c_11251228_12_19000_4bd_2022
[1730861] Downloading: c_11281228_12_19000_4bd_2022
[1730861] Reprojecting: c_11281228_12_19000_4bd_2022
[1730861] Downloading: c_11311228_12_19000_4bd_2022
[1730861] Reprojecting: c_11311228_12_19000_4bd_2022
[1730861] Downloading: c_11341228_12_19000_4bd_2022
[1730861] Reprojecting: c_11341228_12_19000_4bd_2022
[1730861] Downloading: c_11401228_12_19000_4bd_2022
[1730861] Reprojecting: c_11401228_12_19000_4bd_2022
[1730861] Downloading: c_11431228_12_19000_4bd_2022
[1730861] Reprojecting: c_11431228_12_19000_4bd_2022
[1730861] Downloading: c_11461228_12_19000_4bd_2022
[1730861] Reprojecting: c_11461228_12_19000_4bd_2022
[1730861] Downloading: c_11491228_12_19000_4bd_2022
[1730861] Reprojecting: c_11491228_12_19000_4bd_2022
[1730861] Downloading: c_11521228_12_19000_4bd_2022
[1730861] Reprojecting: c_11521228_12_19000_4bd_2022
[1730861] Downloading: c_11551228_12_19000_4bd_2022
[1730861] Reprojecting: c_11551228_12_19000_4bd_2022
[1730861] Downloading: c_11581228_12_19000_4bd_2022
[1730861] Reprojecting: c_11581228_12_19000_4bd_2022
[1730861] Downloading: c_11611228_12_19000_4bd_2022
[1730861] Reprojecting: c_11611228_12_19000_4bd_2022
[1730861] Downloading: c_11641228_12_19000_4bd_2022
[1730861] Reprojecting: c_11641228_12_19000_4bd_2022
[1730861] Downloading: c_11671228_12_19000_4bd_2022
[1730861] Reprojecting: c_11671228_12_19000_4bd_2022
[1730861] Downloading: c_11701228_12_19000_4bd_2022
[1730861] Reprojecting: c_11701228_12_19000_4bd_2022
[1730861] Downloading: c_11731228_12_19000_4bd_2022
[1730861] Reprojecting: c_11731228_12_19000_4bd_2022
[1730861] Downloading: c_11761228_12_19000_4bd_2022
[1730861] Reprojecting: c_11761228_12_19000_4bd_2022
[1730861] Downloading: c_11791228_12_19000_4bd_2022
[1730861] Reprojecting: c_11791228_12_19000_4bd_2022
[1730861] Downloading: c_11821228_12_19000_4bd_2022
[1730861] Reprojecting: c_11821228_12_19000_4bd_2022
[1730861] Downloading: c_11851228_12_19000_4bd_2022
[1730861] Reprojecting: c_11851228_12_19000_4bd_2022
[1730861] Downloading: c_11881228_12_19000_4bd_2022
[1730861] Reprojecting: c_11881228_12_19000_4bd_2022
[1730861] Downloading: c_11911228_12_19000_4bd_2022
[1730861] Reprojecting: c_11911228_12_19000_4bd_2022
[1730861] Downloading: c_11941228_12_19000_4bd_2022
[1730861] Reprojecting: c_11941228_12_19000_4bd_2022
[1730861] Downloading: c_11161230_12_19000_4bd_2022
[1730861] Reprojecting: c_11161230_12_19000_4bd_2022
[1730861] Downloading: c_11191230_12_19000_4bd_2022
[1730861] Reprojecting: c_11191230_12_19000_4bd_2022
[1730861] Downloading: c_11221230_12_19000_4bd_2022
[1730861] Reprojecting: c_11221230_12_19000_4bd_2022
[1730861] Downloading: c_11251230_12_19000_4bd_2022
[1730861] Reprojecting: c_11251230_12_19000_4bd_2022
[1730861] Downloading: c_11281230_12_19000_4bd_2022
[1730861] Reprojecting: c_11281230_12_19000_4bd_2022
[1730861] Downloading: c_11311230_12_19000_4bd_2022
[1730861] Reprojecting: c_11311230_12_19000_4bd_2022
[1730861] Downloading: c_11341230_12_19000_4bd_2022
[1730861] Reprojecting: c_11341230_12_19000_4bd_2022
[1730861] Downloading: c_11401230_12_19000_4bd_2022
[1730861] Reprojecting: c_11401230_12_19000_4bd_2022
[1730861] Downloading: c_11431230_12_19000_4bd_2022
[1730861] Reprojecting: c_11431230_12_19000_4bd_2022
[1730861] Downloading: c_11461230_12_19000_4bd_2022
[1730861] Reprojecting: c_11461230_12_19000_4bd_2022
[1730861] Downloading: c_11491230_12_19000_4bd_2022
[1730861] Reprojecting: c_11491230_12_19000_4bd_2022
[1730861] Downloading: c_11521230_12_19000_4bd_2022
[1730861] Reprojecting: c_11521230_12_19000_4bd_2022
[1730861] Downloading: c_11551230_12_19000_4bd_2022
[1730861] Reprojecting: c_11551230_12_19000_4bd_2022
[1730861] Downloading: c_11581230_12_19000_4bd_2022
[1730861] Reprojecting: c_11581230_12_19000_4bd_2022
[1730861] Downloading: c_11611230_12_19000_4bd_2022
[1730861] Reprojecting: c_11611230_12_19000_4bd_2022
[1730861] Downloading: c_11641230_12_19000_4bd_2022
[1730861] Reprojecting: c_11641230_12_19000_4bd_2022
[1730861] Downloading: c_11671230_12_19000_4bd_2022
[1730861] Reprojecting: c_11671230_12_19000_4bd_2022
[1730861] Downloading: c_11701230_12_19000_4bd_2022
[1730861] Reprojecting: c_11701230_12_19000_4bd_2022
[1730861] Downloading: c_11731230_12_19000_4bd_2022
[1730861] Reprojecting: c_11731230_12_19000_4bd_2022
[1730861] Downloading: c_11761230_12_19000_4bd_2022
[1730861] Reprojecting: c_11761230_12_19000_4bd_2022
[1730861] Downloading: c_11791230_12_19000_4bd_2022
[1730861] Reprojecting: c_11791230_12_19000_4bd_2022
[1730861] Downloading: c_11821230_12_19000_4bd_2022
[1730861] Reprojecting: c_11821230_12_19000_4bd_2022
[1730861] Downloading: c_11851230_12_19000_4bd_2022
[1730861] Reprojecting: c_11851230_12_19000_4bd_2022
[1730861] Downloading: c_11881230_12_19000_4bd_2022
[1730861] Reprojecting: c_11881230_12_19000_4bd_2022
[1730861] Downloading: c_11911230_12_19000_4bd_2022
[1730861] Reprojecting: c_11911230_12_19000_4bd_2022
[1730861] Downloading: c_11941230_12_19000_4bd_2022
[1730861] Reprojecting: c_11941230_12_19000_4bd_2022
[1730861] Downloading: c_11161232_12_19000_4bd_2022
[1730861] Reprojecting: c_11161232_12_19000_4bd_2022
[1730861] Downloading: c_11191232_12_19000_4bd_2022
[1730861] Reprojecting: c_11191232_12_19000_4bd_2022
[1730861] Downloading: c_11221232_12_19000_4bd_2022
[1730861] Reprojecting: c_11221232_12_19000_4bd_2022
[1730861] Downloading: c_11251232_12_19000_4bd_2022
[1730861] Reprojecting: c_11251232_12_19000_4bd_2022
[1730861] Downloading: c_11281232_12_19000_4bd_2022
[1730861] Reprojecting: c_11281232_12_19000_4bd_2022
[1730861] Downloading: c_11311232_12_19000_4bd_2022
[1730861] Reprojecting: c_11311232_12_19000_4bd_2022
[1730861] Downloading: c_11401232_12_19000_4bd_2022
[1730861] Reprojecting: c_11401232_12_19000_4bd_2022
[1730861] Downloading: c_11431232_12_19000_4bd_2022
[1730861] Reprojecting: c_11431232_12_19000_4bd_2022
[1730861] Downloading: c_11461232_12_19000_4bd_2022
[1730861] Reprojecting: c_11461232_12_19000_4bd_2022
[1730861] Downloading: c_11491232_12_19000_4bd_2022
[1730861] Reprojecting: c_11491232_12_19000_4bd_2022
[1730861] Downloading: c_11521232_12_19000_4bd_2022
[1730861] Reprojecting: c_11521232_12_19000_4bd_2022
[1730861] Downloading: c_11551232_12_19000_4bd_2022
[1730861] Reprojecting: c_11551232_12_19000_4bd_2022
[1730861] Downloading: c_11581232_12_19000_4bd_2022
[1730861] Reprojecting: c_11581232_12_19000_4bd_2022
[1730861] Downloading: c_11611232_12_19000_4bd_2022
[1730861] Reprojecting: c_11611232_12_19000_4bd_2022
[1730861] Downloading: c_11641232_12_19000_4bd_2022
[1730861] Reprojecting: c_11641232_12_19000_4bd_2022
[1730861] Downloading: c_11671232_12_19000_4bd_2022
[1730861] Reprojecting: c_11671232_12_19000_4bd_2022
[1730861] Downloading: c_11701232_12_19000_4bd_2022
[1730861] Reprojecting: c_11701232_12_19000_4bd_2022
[1730861] Downloading: c_11731232_12_19000_4bd_2022
[1730861] Reprojecting: c_11731232_12_19000_4bd_2022
[1730861] Downloading: c_11761232_12_19000_4bd_2022
[1730861] Reprojecting: c_11761232_12_19000_4bd_2022
[1730861] Downloading: c_11791232_12_19000_4bd_2022
[1730861] Reprojecting: c_11791232_12_19000_4bd_2022
[1730861] Downloading: c_11821232_12_19000_4bd_2022
[1730861] Reprojecting: c_11821232_12_19000_4bd_2022
[1730861] Downloading: c_11851232_12_19000_4bd_2022
[1730861] Reprojecting: c_11851232_12_19000_4bd_2022
[1730861] Downloading: c_11881232_12_19000_4bd_2022
[1730861] Reprojecting: c_11881232_12_19000_4bd_2022
[1730861] Downloading: c_11911232_12_19000_4bd_2022
[1730861] Reprojecting: c_11911232_12_19000_4bd_2022
[1730861] Downloading: c_11941232_12_19000_4bd_2022
[1730861] Reprojecting: c_11941232_12_19000_4bd_2022
[1730861] Downloading: c_11161234_12_19000_4bd_2022
[1730861] Reprojecting: c_11161234_12_19000_4bd_2022
[1730861] Downloading: c_11191234_12_19000_4bd_2022
[1730861] Reprojecting: c_11191234_12_19000_4bd_2022
[1730861] Downloading: c_11221234_12_19000_4bd_2022
[1730861] Reprojecting: c_11221234_12_19000_4bd_2022
[1730861] Downloading: c_11251234_12_19000_4bd_2022
[1730861] Reprojecting: c_11251234_12_19000_4bd_2022
[1730861] Downloading: c_11281234_12_19000_4bd_2022
[1730861] Reprojecting: c_11281234_12_19000_4bd_2022
[1730861] Downloading: c_11311234_12_19000_4bd_2022
[1730861] Reprojecting: c_11311234_12_19000_4bd_2022
[1730861] Downloading: c_11401234_12_19000_4bd_2022
[1730861] Reprojecting: c_11401234_12_19000_4bd_2022
[1730861] Downloading: c_11431234_12_19000_4bd_2022
[1730861] Reprojecting: c_11431234_12_19000_4bd_2022
[1730861] Downloading: c_11461234_12_19000_4bd_2022
[1730861] Reprojecting: c_11461234_12_19000_4bd_2022
[1730861] Downloading: c_11491234_12_19000_4bd_2022
[1730861] Reprojecting: c_11491234_12_19000_4bd_2022
[1730861] Downloading: c_11521234_12_19000_4bd_2022
[1730861] Reprojecting: c_11521234_12_19000_4bd_2022
[1730861] Downloading: c_11551234_12_19000_4bd_2022
[1730861] Reprojecting: c_11551234_12_19000_4bd_2022
[1730861] Downloading: c_11581234_12_19000_4bd_2022
[1730861] Reprojecting: c_11581234_12_19000_4bd_2022
[1730861] Downloading: c_11611234_12_19000_4bd_2022
[1730861] Reprojecting: c_11611234_12_19000_4bd_2022
[1730861] Downloading: c_11641234_12_19000_4bd_2022
[1730861] Reprojecting: c_11641234_12_19000_4bd_2022
[1730861] Downloading: c_11671234_12_19000_4bd_2022
[1730861] Reprojecting: c_11671234_12_19000_4bd_2022
[1730861] Downloading: c_11701234_12_19000_4bd_2022
[1730861] Reprojecting: c_11701234_12_19000_4bd_2022
[1730861] Downloading: c_11731234_12_19000_4bd_2022
[1730861] Reprojecting: c_11731234_12_19000_4bd_2022
[1730861] Downloading: c_11761234_12_19000_4bd_2022
[1730861] Reprojecting: c_11761234_12_19000_4bd_2022
[1730861] Downloading: c_11791234_12_19000_4bd_2022
[1730861] Reprojecting: c_11791234_12_19000_4bd_2022
[1730861] Downloading: c_11821234_12_19000_4bd_2022
[1730861] Reprojecting: c_11821234_12_19000_4bd_2022
[1730861] Downloading: c_11851234_12_19000_4bd_2022
[1730861] Reprojecting: c_11851234_12_19000_4bd_2022
[1730861] Downloading: c_11881234_12_19000_4bd_2022
[1730861] Reprojecting: c_11881234_12_19000_4bd_2022
[1730861] Downloading: c_11161236_12_19000_4bd_2022
[1730861] Reprojecting: c_11161236_12_19000_4bd_2022
[1730861] Downloading: c_11191236_12_19000_4bd_2022
[1730861] Reprojecting: c_11191236_12_19000_4bd_2022
[1730861] Downloading: c_11221236_12_19000_4bd_2022
[1730861] Reprojecting: c_11221236_12_19000_4bd_2022
[1730861] Downloading: c_11251236_12_19000_4bd_2022
[1730861] Reprojecting: c_11251236_12_19000_4bd_2022
[1730861] Downloading: c_11281236_12_19000_4bd_2022
[1730861] Reprojecting: c_11281236_12_19000_4bd_2022
[1730861] Downloading: c_11311236_12_19000_4bd_2022
[1730861] Reprojecting: c_11311236_12_19000_4bd_2022
[1730861] Downloading: c_11461236_12_19000_4bd_2022
[1730861] Reprojecting: c_11461236_12_19000_4bd_2022
[1730861] Downloading: c_11491236_12_19000_4bd_2022
[1730861] Reprojecting: c_11491236_12_19000_4bd_2022
[1730861] Downloading: c_11521236_12_19000_4bd_2022
[1730861] Reprojecting: c_11521236_12_19000_4bd_2022
[1730861] Downloading: c_11551236_12_19000_4bd_2022
[1730861] Reprojecting: c_11551236_12_19000_4bd_2022
[1730861] Downloading: c_11581236_12_19000_4bd_2022
[1730861] Reprojecting: c_11581236_12_19000_4bd_2022
[1730861] Downloading: c_11611236_12_19000_4bd_2022
[1730861] Reprojecting: c_11611236_12_19000_4bd_2022
[1730861] Downloading: c_11641236_12_19000_4bd_2022
[1730861] Reprojecting: c_11641236_12_19000_4bd_2022
[1730861] Downloading: c_11671236_12_19000_4bd_2022
[1730861] Reprojecting: c_11671236_12_19000_4bd_2022
[1730861] Downloading: c_11701236_12_19000_4bd_2022
[1730861] Reprojecting: c_11701236_12_19000_4bd_2022
[1730861] Downloading: c_11731236_12_19000_4bd_2022
[1730861] Reprojecting: c_11731236_12_19000_4bd_2022
[1730861] Downloading: c_11761236_12_19000_4bd_2022
[1730861] Reprojecting: c_11761236_12_19000_4bd_2022
[1730861] Downloading: c_11791236_12_19000_4bd_2022
[1730861] Reprojecting: c_11791236_12_19000_4bd_2022
[1730861] Downloading: c_11821236_12_19000_4bd_2022
[1730861] Reprojecting: c_11821236_12_19000_4bd_2022
[1730861] Downloading: c_11851236_12_19000_4bd_2022
[1730861] Reprojecting: c_11851236_12_19000_4bd_2022
[1730861] Downloading: c_11161238_12_19000_4bd_2022
[1730861] Reprojecting: c_11161238_12_19000_4bd_2022
[1730861] Downloading: c_11191238_12_19000_4bd_2022
[1730861] Reprojecting: c_11191238_12_19000_4bd_2022
[1730861] Downloading: c_11221238_12_19000_4bd_2022
[1730861] Reprojecting: c_11221238_12_19000_4bd_2022
[1730861] Downloading: c_11251238_12_19000_4bd_2022
[1730861] Reprojecting: c_11251238_12_19000_4bd_2022
[1730861] Downloading: c_11281238_12_19000_4bd_2022
[1730861] Reprojecting: c_11281238_12_19000_4bd_2022
[1730861] Downloading: c_11311238_12_19000_4bd_2022
[1730861] Reprojecting: c_11311238_12_19000_4bd_2022
[1730861] Downloading: c_11521238_12_19000_4bd_2022
[1730861] Reprojecting: c_11521238_12_19000_4bd_2022
[1730861] Downloading: c_11551238_12_19000_4bd_2022
[1730861] Reprojecting: c_11551238_12_19000_4bd_2022
[1730861] Downloading: c_11581238_12_19000_4bd_2022
[1730861] Reprojecting: c_11581238_12_19000_4bd_2022
[1730861] Downloading: c_11611238_12_19000_4bd_2022
[1730861] Reprojecting: c_11611238_12_19000_4bd_2022
[1730861] Downloading: c_11641238_12_19000_4bd_2022
[1730861] Reprojecting: c_11641238_12_19000_4bd_2022
[1730861] Downloading: c_11671238_12_19000_4bd_2022
[1730861] Reprojecting: c_11671238_12_19000_4bd_2022
[1730861] Downloading: c_11701238_12_19000_4bd_2022
[1730861] Reprojecting: c_11701238_12_19000_4bd_2022
[1730861] Downloading: c_11731238_12_19000_4bd_2022
[1730861] Reprojecting: c_11731238_12_19000_4bd_2022
[1730861] Downloading: c_11761238_12_19000_4bd_2022
[1730861] Reprojecting: c_11761238_12_19000_4bd_2022
[1730861] Downloading: c_11791238_12_19000_4bd_2022
[1730861] Reprojecting: c_11791238_12_19000_4bd_2022
[1730861] Downloading: c_11821238_12_19000_4bd_2022
[1730861] Reprojecting: c_11821238_12_19000_4bd_2022
[1730861] Downloading: c_11851238_12_19000_4bd_2022
[1730861] Reprojecting: c_11851238_12_19000_4bd_2022
[1730861] Downloading: c_11161240_12_19000_4bd_2022
[1730861] Reprojecting: c_11161240_12_19000_4bd_2022
[1730861] Downloading: c_11191240_12_19000_4bd_2022
[1730861] Reprojecting: c_11191240_12_19000_4bd_2022
[1730861] Downloading: c_11221240_12_19000_4bd_2022
[1730861] Reprojecting: c_11221240_12_19000_4bd_2022
[1730861] Downloading: c_11251240_12_19000_4bd_2022
[1730861] Reprojecting: c_11251240_12_19000_4bd_2022
[1730861] Downloading: c_11281240_12_19000_4bd_2022
[1730861] Reprojecting: c_11281240_12_19000_4bd_2022
[1730861] Downloading: c_11311240_12_19000_4bd_2022
[1730861] Reprojecting: c_11311240_12_19000_4bd_2022
[1730861] Downloading: c_11521240_12_19000_4bd_2022
[1730861] Reprojecting: c_11521240_12_19000_4bd_2022
[1730861] Downloading: c_11551240_12_19000_4bd_2022
[1730861] Reprojecting: c_11551240_12_19000_4bd_2022
[1730861] Downloading: c_11581240_12_19000_4bd_2022
[1730861] Reprojecting: c_11581240_12_19000_4bd_2022
[1730861] Downloading: c_11611240_12_19000_4bd_2022
[1730861] Reprojecting: c_11611240_12_19000_4bd_2022
[1730861] Downloading: c_11641240_12_19000_4bd_2022
[1730861] Reprojecting: c_11641240_12_19000_4bd_2022
[1730861] Downloading: c_11701240_12_19000_4bd_2022
[1730861] Reprojecting: c_11701240_12_19000_4bd_2022
[1730861] Downloading: c_11731240_12_19000_4bd_2022
[1730861] Reprojecting: c_11731240_12_19000_4bd_2022
[1730861] Downloading: c_11761240_12_19000_4bd_2022
[1730861] Reprojecting: c_11761240_12_19000_4bd_2022
[1730861] Downloading: c_11791240_12_19000_4bd_2022
[1730861] Reprojecting: c_11791240_12_19000_4bd_2022
[1730861] Downloading: c_11821240_12_19000_4bd_2022
[1730861] Reprojecting: c_11821240_12_19000_4bd_2022
[1730861] Downloading: c_11191242_12_19000_4bd_2022
[1730861] Reprojecting: c_11191242_12_19000_4bd_2022
[1730861] Downloading: c_11221242_12_19000_4bd_2022
[1730861] Reprojecting: c_11221242_12_19000_4bd_2022
[1730861] Downloading: c_11251242_12_19000_4bd_2022
[1730861] Reprojecting: c_11251242_12_19000_4bd_2022
[1730861] Downloading: c_11281242_12_19000_4bd_2022
[1730861] Reprojecting: c_11281242_12_19000_4bd_2022
[1730861] Downloading: c_11311242_12_19000_4bd_2022
[1730861] Reprojecting: c_11311242_12_19000_4bd_2022
[1730861] Downloading: c_11581242_12_19000_4bd_2022
[1730861] Reprojecting: c_11581242_12_19000_4bd_2022
[1730861] Downloading: c_11611242_12_19000_4bd_2022
[1730861] Reprojecting: c_11611242_12_19000_4bd_2022
[1730861] Downloading: c_11641242_12_19000_4bd_2022
[1730861] Reprojecting: c_11641242_12_19000_4bd_2022
[1730861] Downloading: c_11791242_12_19000_4bd_2022
[1730861] Reprojecting: c_11791242_12_19000_4bd_2022
[1730861] Downloading: c_11821242_12_19000_4bd_2022
[1730861] Reprojecting: c_11821242_12_19000_4bd_2022
[1730861] Downloading: c_11191244_12_19000_4bd_2022
[1730861] Reprojecting: c_11191244_12_19000_4bd_2022
[1730861] Downloading: c_11221244_12_19000_4bd_2022
[1730861] Reprojecting: c_11221244_12_19000_4bd_2022
[1730861] Downloading: c_11251244_12_19000_4bd_2022
[1730861] Reprojecting: c_11251244_12_19000_4bd_2022
[1730861] Downloading: c_11281244_12_19000_4bd_2022
[1730861] Reprojecting: c_11281244_12_19000_4bd_2022
[1730861] Downloading: c_11581244_12_19000_4bd_2022
[1730861] Reprojecting: c_11581244_12_19000_4bd_2022
[1730861] Downloading: c_11611244_12_19000_4bd_2022
[1730861] Reprojecting: c_11611244_12_19000_4bd_2022
[1730861] Downloading: c_11641244_12_19000_4bd_2022
[1730861] Reprojecting: c_11641244_12_19000_4bd_2022
[1730861] Downloading: c_11191246_12_19000_4bd_2022
[1730861] Reprojecting: c_11191246_12_19000_4bd_2022
[1730861] Downloading: c_11221246_12_19000_4bd_2022
[1730861] Reprojecting: c_11221246_12_19000_4bd_2022
[1730861] Downloading: c_11251246_12_19000_4bd_2022
[1730861] Reprojecting: c_11251246_12_19000_4bd_2022
[1730861] Downloading: c_11281246_12_19000_4bd_2022
[1730861] Reprojecting: c_11281246_12_19000_4bd_2022
[1730861] Downloading: c_11191248_12_19000_4bd_2022
[1730861] Reprojecting: c_11191248_12_19000_4bd_2022
[1730861] Downloading: c_11221248_12_19000_4bd_2022
[1730861] Reprojecting: c_11221248_12_19000_4bd_2022
[1730861] Downloading: c_11251248_12_19000_4bd_2022
[1730861] Reprojecting: c_11251248_12_19000_4bd_2022
[1730861] Downloading: c_11281248_12_19000_4bd_2022
[1730861] Reprojecting: c_11281248_12_19000_4bd_2022
[1730861] Downloading: c_11221250_12_19000_4bd_2022
[1730861] Reprojecting: c_11221250_12_19000_4bd_2022
[1730861] Downloading: c_11251250_12_19000_4bd_2022
[1730861] Reprojecting: c_11251250_12_19000_4bd_2022
[1730861] Downloading: e_03151606_12_19000_4bd_2022
[1730861] Reprojecting: e_03151606_12_19000_4bd_2022
[1730861] Downloading: e_03181606_12_19000_4bd_2022
[1730861] Reprojecting: e_03181606_12_19000_4bd_2022
[1730861] Downloading: e_03151608_12_19000_4bd_2022
[1730861] Reprojecting: e_03151608_12_19000_4bd_2022
[1730861] Downloading: e_03181608_12_19000_4bd_2022
[1730861] Reprojecting: e_03181608_12_19000_4bd_2022
[1730861] Downloading: e_03151610_12_19000_4bd_2022
[1730861] Reprojecting: e_03151610_12_19000_4bd_2022
[1730861] Downloading: e_03121612_12_19000_4bd_2022
[1730861] Reprojecting: e_03121612_12_19000_4bd_2022
[1730861] Downloading: e_03151612_12_19000_4bd_2022
[1730861] Reprojecting: e_03151612_12_19000_4bd_2022
[1730861] Downloading: e_03151614_12_19000_4bd_2022
[1730861] Reprojecting: e_03151614_12_19000_4bd_2022
[1730861] Downloading: e_03151616_12_19000_4bd_2022
[1730861] Reprojecting: e_03151616_12_19000_4bd_2022
[1730861] Downloading: e_03151618_12_19000_4bd_2022
[1730861] Reprojecting: e_03151618_12_19000_4bd_2022
[1730861] Downloading: e_03151620_12_19000_4bd_2022
[1730861] Reprojecting: e_03151620_12_19000_4bd_2022
[1730861] Downloading: e_03151622_12_19000_4bd_2022
[1730861] Reprojecting: e_03151622_12_19000_4bd_2022
[1730861] Downloading: e_03181622_12_19000_4bd_2022
[1730861] Reprojecting: e_03181622_12_19000_4bd_2022
[1730861] Downloading: e_03181624_12_19000_4bd_2022
[1730861] Reprojecting: e_03181624_12_19000_4bd_2022
[1730861] Downloading: e_03181626_12_19000_4bd_2022
[1730861] Reprojecting: e_03181626_12_19000_4bd_2022
[1730861] Downloading: e_03181628_12_19000_4bd_2022
[1730861] Reprojecting: e_03181628_12_19000_4bd_2022
[1730861] Downloading: e_03181630_12_19000_4bd_2022
[1730861] Reprojecting: e_03181630_12_19000_4bd_2022
[1730861] Downloading: e_03241632_12_19000_4bd_2022
[1730861] Reprojecting: e_03241632_12_19000_4bd_2022

=== Done. 1112/1112 tiles processed. Imagery written to: Data/Ortho/Tiles ===
          used (Mb) gc trigger  (Mb) max used  (Mb)
Ncells 1610009   86    2885315 154.1  2885315 154.1
Vcells 2346753   18   12128313  92.6 11715615  89.4
