srun: Job 784994 step creation temporarily disabled, retrying (Requested nodes are busy)
srun: Job 784994 step creation still disabled, retrying (Requested nodes are busy)
srun: Job 784994 step creation still disabled, retrying (Requested nodes are busy)
srun: Job 784994 step creation still disabled, retrying (Requested nodes are busy)
srun: Job 784994 step creation still disabled, retrying (Requested nodes are busy)
srun: Job 784994 step creation still disabled, retrying (Requested nodes are busy)
srun: Job 784994 step creation still disabled, retrying (Requested nodes are busy)
srun: Job 784994 step creation still disabled, retrying (Requested nodes are busy)
srun: Job 784994 step creation still disabled, retrying (Requested nodes are busy)
srun: Job 784994 step creation still disabled, retrying (Requested nodes are busy)
srun: Job 784994 step creation still disabled, retrying (Requested nodes are busy)
srun: Job 784994 step creation still disabled, retrying (Requested nodes are busy)
srun: Step created for job 784994
Using libcurl 7.76.1 with OpenSSL/3.2.2
Linking to GEOS 3.11.0, GDAL 3.5.2, PROJ 8.2.0; sf_use_s2() is TRUE

Attaching package: ‘dplyr’

The following objects are masked from ‘package:stats’:

    filter, lag

The following objects are masked from ‘package:base’:

    intersect, setdiff, setequal, union

terra 1.9.27
=== NYS Orthoimagery Download Pipeline ===
  GPKG:     Data/NY_HUCS/NY_Cluster_Zones_250_CROP_NAomit_6347.gpkg
  Cluster:  12
  Year:     2024
  Bands:    4bd
  Output:   Data/Ortho/Tiles
  Workers:  1
  HUC12s in cluster: 11

Querying ortho tile indexes...
  Index years available for '4bd': 2008, 2009, 2010, 2011, 2012, 2013, 2014, 2015, 2016, 2017, 2018, 2020, 2021, 2022, 2023, 2024, 2025
  Querying year 2024 ...
  Matching index layers: ind24l_half_ft_4bd_nyc, ind24w_half_ft_4bd, ind24w_one_ft_4bd, ind24e_one_ft_4bd, ind24e_half_ft_4bd
  NOTE: source tiles span multiple native resolutions (half_ft, one_ft); all will be resampled to 1 m.
    layer 7: 3068 bbox hits
  Year 2024: 1600 tiles selected
  Querying year 2025 ...
  Matching index layers: ind25e_one_ft_4bd, ind25e_half_ft_4bd, ind25c_half_ft_4bd, ind25c_one_ft_4bd
  NOTE: source tiles span multiple native resolutions (one_ft, half_ft); all will be resampled to 1 m.
  Querying year 2023 ...
  Matching index layers: ind23e_half_ft_4bd, ind23w_one_ft_4bd, ind23c_one_ft_4bd, ind23l_half_ft_4bd, ind23w_half_ft_4bd
  NOTE: source tiles span multiple native resolutions (half_ft, one_ft); all will be resampled to 1 m.
  Querying year 2022 ...
  Matching index layers: ind22c_one_ft_4bd, ind22e_half_ft_4bd, ind22e_one_ft_4bd, ind22c_half_ft_4bd, ind22l_half_ft_4bd_nyc
  NOTE: source tiles span multiple native resolutions (one_ft, half_ft); all will be resampled to 1 m.
    layer 16: 632 bbox hits
  Year 2022: 231 tiles selected
  Querying year 2021 ...
  Matching index layers: ind21w_one_ft_4bd, ind21e_half_ft_4bd, ind21e_one_ft_4bd
  NOTE: source tiles span multiple native resolutions (one_ft, half_ft); all will be resampled to 1 m.
  Querying year 2020 ...
  Matching index layers: ind20l_half_ft_4bd_nyc, ind20e_one_ft_4bd, ind20c_one_ft_4bd, ind20w_one_ft_4bd, ind20l_half_ft_4bd
  NOTE: source tiles span multiple native resolutions (half_ft, one_ft); all will be resampled to 1 m.
    layer 23: 3068 bbox hits
  Querying year 2018 ...
  Matching index layers: ind18l_half_ft_4bd, ind18c_half_ft_4bd, ind18c_one_ft_4bd, ind18e_half_ft_4bd, ind18e_one_ft_4bd
  NOTE: source tiles span multiple native resolutions (half_ft, one_ft); all will be resampled to 1 m.
  Querying year 2017 ...
  Matching index layers: ind17e_one_ft_4bd, ind17e_half_ft_4bd, ind17c_one_ft_4bd, ind17w_one_ft_4bd
  NOTE: source tiles span multiple native resolutions (one_ft, half_ft); all will be resampled to 1 m.
  Querying year 2016 ...
  Matching index layers: ind16w_half_ft_4bd, ind16w_one_ft_4bd, ind16e_half_ft_4bd, ind16c_one_ft_4bd, ind16l_half_ft_4bd, ind16l_half_ft_4bd_nyc
  NOTE: source tiles span multiple native resolutions (half_ft, one_ft); all will be resampled to 1 m.
  Querying year 2015 ...
  Matching index layers: ind15w_one_ft_4bd, ind15c_one_ft_4bd, ind15c_half_ft_4bd
  NOTE: source tiles span multiple native resolutions (one_ft, half_ft); all will be resampled to 1 m.
  Querying year 2014 ...
  Matching index layers: ind14e_one_ft_4bd, ind14c_half_ft_4bd, ind14l_half_ft_4bd_nyc, ind14c_one_ft_4bd, ind14w_one_ft_4bd
  NOTE: source tiles span multiple native resolutions (one_ft, half_ft); all will be resampled to 1 m.
  Querying year 2013 ...
  Matching index layers: ind13c_one_ft_4bd, ind13c_two_ft_4bd, ind13e_half_ft_4bd, ind13e_one_ft_4bd, ind13e_two_ft_4bd, ind13l_half_ft_4bd
  NOTE: source tiles span multiple native resolutions (one_ft, two_ft, half_ft); all will be resampled to 1 m.
  Querying year 2012 ...
  Matching index layers: ind12c_half_ft_4bd, ind12l_half_ft_4bd_nyc, ind12c_one_ft_4bd, ind12c_two_ft_4bd, ind12w_one_ft_4bd, ind12w_two_ft_4bd
  NOTE: source tiles span multiple native resolutions (half_ft, one_ft, two_ft); all will be resampled to 1 m.
  Querying year 2011 ...
  Matching index layers: ind11w_one_ft_4bd, ind11w_two_ft_4bd, ind11c_half_ft_4bd, ind11c_one_ft_4bd, ind11c_two_ft_4bd, ind11e_half_ft_4bd, ind11e_one_ft_4bd, ind11e_two_ft_4bd
  NOTE: source tiles span multiple native resolutions (one_ft, two_ft, half_ft); all will be resampled to 1 m.
  Querying year 2010 ...
  Matching index layers: ind10e_half_ft_4bd, ind10l_half_ft_4bd, ind10l_half_ft_4bd_nyc, ind10w_one_ft_4bd, ind10w_two_ft_4bd, ind10c_one_ft_4bd, ind10c_two_ft_4bd, ind10e_one_ft_4bd, ind10e_two_ft_4bd, ind10c_half_ft_4bd
  NOTE: source tiles span multiple native resolutions (half_ft, one_ft, two_ft); all will be resampled to 1 m.
  Querying year 2009 ...
  Matching index layers: ind09c_one_ft_4bd, ind09c_two_ft_4bd, ind09e_half_ft_4bd, ind09e_one_ft_4bd, ind09e_two_ft_4bd, ind09w_one_ft_4bd, ind09w_two_ft_4bd
  NOTE: source tiles span multiple native resolutions (one_ft, two_ft, half_ft); all will be resampled to 1 m.
  Querying year 2008 ...
  Matching index layers: ind08c_one_ft_4bd, ind08c_two_ft_4bd, ind08e_half_ft_4bd, ind08e_one_ft_4bd, ind08l_half_ft_4bd_nyc, ind08e_two_ft_4bd, ind08w_one_ft_4bd, ind08w_two_ft_4bd
  NOTE: source tiles span multiple native resolutions (one_ft, two_ft, half_ft); all will be resampled to 1 m.
  Years selected: 2024, 2022
Unique full-size tiles to process: 1831
[1738013] Skipping (exists): e_07322054_12_22500_4bd_2024
[1738013] Skipping (exists): e_07352054_12_22500_4bd_2024
[1738013] Skipping (exists): e_07292056_12_22500_4bd_2024
[1738013] Skipping (exists): e_07322056_12_22500_4bd_2024
[1738013] Skipping (exists): e_07352056_12_22500_4bd_2024
[1738013] Skipping (exists): e_07382056_12_22500_4bd_2024
[1738013] Skipping (exists): e_07412056_12_22500_4bd_2024
[1738013] Skipping (exists): e_07292058_12_22500_4bd_2024
[1738013] Skipping (exists): e_07322058_12_22500_4bd_2024
[1738013] Skipping (exists): e_07352058_12_22500_4bd_2024
[1738013] Skipping (exists): e_07382058_12_22500_4bd_2024
[1738013] Skipping (exists): e_07412058_12_22500_4bd_2024
[1738013] Skipping (exists): e_07292060_12_22500_4bd_2024
[1738013] Skipping (exists): e_07322060_12_22500_4bd_2024
[1738013] Skipping (exists): e_07352060_12_22500_4bd_2024
[1738013] Skipping (exists): e_07382060_12_22500_4bd_2024
[1738013] Skipping (exists): e_07412060_12_22500_4bd_2024
[1738013] Skipping (exists): e_07442060_12_22500_4bd_2024
[1738013] Skipping (exists): e_07472060_12_22500_4bd_2024
[1738013] Skipping (exists): e_07502060_12_22500_4bd_2024
[1738013] Skipping (exists): e_07532060_12_22500_4bd_2024
[1738013] Skipping (exists): e_07562060_12_22500_4bd_2024
[1738013] Skipping (exists): e_07592060_12_22500_4bd_2024
[1738013] Skipping (exists): e_07322062_12_22500_4bd_2024
[1738013] Skipping (exists): e_07352062_12_22500_4bd_2024
[1738013] Skipping (exists): e_07382062_12_22500_4bd_2024
[1738013] Skipping (exists): e_07412062_12_22500_4bd_2024
[1738013] Skipping (exists): e_07442062_12_22500_4bd_2024
[1738013] Skipping (exists): e_07472062_12_22500_4bd_2024
[1738013] Skipping (exists): e_07502062_12_22500_4bd_2024
[1738013] Skipping (exists): e_07532062_12_22500_4bd_2024
[1738013] Skipping (exists): e_07562062_12_22500_4bd_2024
[1738013] Skipping (exists): e_07592062_12_22500_4bd_2024
[1738013] Skipping (exists): e_07322064_12_22500_4bd_2024
[1738013] Skipping (exists): e_07352064_12_22500_4bd_2024
[1738013] Skipping (exists): e_07382064_12_22500_4bd_2024
[1738013] Skipping (exists): e_07412064_12_22500_4bd_2024
[1738013] Skipping (exists): e_07442064_12_22500_4bd_2024
[1738013] Skipping (exists): e_07472064_12_22500_4bd_2024
[1738013] Skipping (exists): e_07502064_12_22500_4bd_2024
[1738013] Skipping (exists): e_07532064_12_22500_4bd_2024
[1738013] Skipping (exists): e_07562064_12_22500_4bd_2024
[1738013] Skipping (exists): e_07592064_12_22500_4bd_2024
[1738013] Skipping (exists): e_07622064_12_22500_4bd_2024
[1738013] Skipping (exists): e_07652064_12_22500_4bd_2024
[1738013] Skipping (exists): e_07322066_12_22500_4bd_2024
[1738013] Skipping (exists): e_07352066_12_22500_4bd_2024
[1738013] Skipping (exists): e_07382066_12_22500_4bd_2024
[1738013] Skipping (exists): e_07412066_12_22500_4bd_2024
[1738013] Skipping (exists): e_07442066_12_22500_4bd_2024
[1738013] Skipping (exists): e_07472066_12_22500_4bd_2024
[1738013] Skipping (exists): e_07502066_12_22500_4bd_2024
[1738013] Skipping (exists): e_07532066_12_22500_4bd_2024
[1738013] Skipping (exists): e_07562066_12_22500_4bd_2024
[1738013] Skipping (exists): e_07592066_12_22500_4bd_2024
[1738013] Skipping (exists): e_07622066_12_22500_4bd_2024
[1738013] Skipping (exists): e_07652066_12_22500_4bd_2024
[1738013] Skipping (exists): e_07322068_12_22500_4bd_2024
[1738013] Skipping (exists): e_07352068_12_22500_4bd_2024
[1738013] Skipping (exists): e_07382068_12_22500_4bd_2024
[1738013] Skipping (exists): e_07412068_12_22500_4bd_2024
[1738013] Skipping (exists): e_07442068_12_22500_4bd_2024
[1738013] Skipping (exists): e_07472068_12_22500_4bd_2024
[1738013] Skipping (exists): e_07502068_12_22500_4bd_2024
[1738013] Skipping (exists): e_07532068_12_22500_4bd_2024
[1738013] Skipping (exists): e_07562068_12_22500_4bd_2024
[1738013] Skipping (exists): e_07592068_12_22500_4bd_2024
[1738013] Skipping (exists): e_07622068_12_22500_4bd_2024
[1738013] Skipping (exists): e_07652068_12_22500_4bd_2024
[1738013] Skipping (exists): e_07322070_12_22500_4bd_2024
[1738013] Skipping (exists): e_07352070_12_22500_4bd_2024
[1738013] Skipping (exists): e_07382070_12_22500_4bd_2024
[1738013] Skipping (exists): e_07412070_12_22500_4bd_2024
[1738013] Skipping (exists): e_07442070_12_22500_4bd_2024
[1738013] Skipping (exists): e_07472070_12_22500_4bd_2024
[1738013] Skipping (exists): e_07502070_12_22500_4bd_2024
[1738013] Skipping (exists): e_07532070_12_22500_4bd_2024
[1738013] Skipping (exists): e_07562070_12_22500_4bd_2024
[1738013] Skipping (exists): e_07592070_12_22500_4bd_2024
[1738013] Skipping (exists): e_07622070_12_22500_4bd_2024
[1738013] Skipping (exists): e_07652070_12_22500_4bd_2024
[1738013] Skipping (exists): e_07322072_12_22500_4bd_2024
[1738013] Skipping (exists): e_07352072_12_22500_4bd_2024
[1738013] Skipping (exists): e_07382072_12_22500_4bd_2024
[1738013] Skipping (exists): e_07412072_12_22500_4bd_2024
[1738013] Skipping (exists): e_07442072_12_22500_4bd_2024
[1738013] Skipping (exists): e_07472072_12_22500_4bd_2024
[1738013] Skipping (exists): e_07502072_12_22500_4bd_2024
[1738013] Skipping (exists): e_07532072_12_22500_4bd_2024
[1738013] Skipping (exists): e_07562072_12_22500_4bd_2024
[1738013] Skipping (exists): e_07592072_12_22500_4bd_2024
[1738013] Skipping (exists): e_07622072_12_22500_4bd_2024
[1738013] Skipping (exists): e_07652072_12_22500_4bd_2024
[1738013] Skipping (exists): e_07022074_12_22500_4bd_2024
[1738013] Skipping (exists): e_07052074_12_22500_4bd_2024
[1738013] Skipping (exists): e_07322074_12_22500_4bd_2024
[1738013] Skipping (exists): e_07352074_12_22500_4bd_2024
[1738013] Skipping (exists): e_07382074_12_22500_4bd_2024
[1738013] Skipping (exists): e_07412074_12_22500_4bd_2024
[1738013] Skipping (exists): e_07442074_12_22500_4bd_2024
[1738013] Skipping (exists): e_07472074_12_22500_4bd_2024
[1738013] Skipping (exists): e_07502074_12_22500_4bd_2024
[1738013] Skipping (exists): e_07532074_12_22500_4bd_2024
[1738013] Skipping (exists): e_07562074_12_22500_4bd_2024
[1738013] Skipping (exists): e_07592074_12_22500_4bd_2024
[1738013] Skipping (exists): e_07622074_12_22500_4bd_2024
[1738013] Skipping (exists): e_07652074_12_22500_4bd_2024
[1738013] Skipping (exists): e_06992076_12_22500_4bd_2024
[1738013] Skipping (exists): e_07022076_12_22500_4bd_2024
[1738013] Skipping (exists): e_07052076_12_22500_4bd_2024
[1738013] Skipping (exists): e_07262076_12_22500_4bd_2024
[1738013] Skipping (exists): e_07292076_12_22500_4bd_2024
[1738013] Skipping (exists): e_07322076_12_22500_4bd_2024
[1738013] Skipping (exists): e_07352076_12_22500_4bd_2024
[1738013] Skipping (exists): e_07382076_12_22500_4bd_2024
[1738013] Skipping (exists): e_07412076_12_22500_4bd_2024
[1738013] Skipping (exists): e_07442076_12_22500_4bd_2024
[1738013] Skipping (exists): e_07472076_12_22500_4bd_2024
[1738013] Skipping (exists): e_07502076_12_22500_4bd_2024
[1738013] Skipping (exists): e_07532076_12_22500_4bd_2024
[1738013] Skipping (exists): e_07562076_12_22500_4bd_2024
[1738013] Skipping (exists): e_07592076_12_22500_4bd_2024
[1738013] Skipping (exists): e_07622076_12_22500_4bd_2024
[1738013] Skipping (exists): e_07652076_12_22500_4bd_2024
[1738013] Skipping (exists): e_06992078_12_22500_4bd_2024
[1738013] Skipping (exists): e_07022078_12_22500_4bd_2024
[1738013] Skipping (exists): e_07052078_12_22500_4bd_2024
[1738013] Skipping (exists): e_07202078_12_22500_4bd_2024
[1738013] Skipping (exists): e_07232078_12_22500_4bd_2024
[1738013] Skipping (exists): e_07262078_12_22500_4bd_2024
[1738013] Skipping (exists): e_07292078_12_22500_4bd_2024
[1738013] Skipping (exists): e_07322078_12_22500_4bd_2024
[1738013] Skipping (exists): e_07352078_12_22500_4bd_2024
[1738013] Skipping (exists): e_07382078_12_22500_4bd_2024
[1738013] Skipping (exists): e_07412078_12_22500_4bd_2024
[1738013] Skipping (exists): e_07442078_12_22500_4bd_2024
[1738013] Skipping (exists): e_07472078_12_22500_4bd_2024
[1738013] Skipping (exists): e_07502078_12_22500_4bd_2024
[1738013] Skipping (exists): e_07532078_12_22500_4bd_2024
[1738013] Skipping (exists): e_07562078_12_22500_4bd_2024
[1738013] Skipping (exists): e_07592078_12_22500_4bd_2024
[1738013] Skipping (exists): e_07622078_12_22500_4bd_2024
[1738013] Skipping (exists): e_07652078_12_22500_4bd_2024
[1738013] Skipping (exists): e_06962080_12_22500_4bd_2024
[1738013] Skipping (exists): e_06992080_12_22500_4bd_2024
[1738013] Skipping (exists): e_07022080_12_22500_4bd_2024
[1738013] Skipping (exists): e_07052080_12_22500_4bd_2024
[1738013] Skipping (exists): e_07082080_12_22500_4bd_2024
[1738013] Skipping (exists): e_07202080_12_22500_4bd_2024
[1738013] Skipping (exists): e_07232080_12_22500_4bd_2024
[1738013] Skipping (exists): e_07262080_12_22500_4bd_2024
[1738013] Skipping (exists): e_07292080_12_22500_4bd_2024
[1738013] Skipping (exists): e_07322080_12_22500_4bd_2024
[1738013] Skipping (exists): e_07352080_12_22500_4bd_2024
[1738013] Skipping (exists): e_07382080_12_22500_4bd_2024
[1738013] Skipping (exists): e_07412080_12_22500_4bd_2024
[1738013] Skipping (exists): e_07442080_12_22500_4bd_2024
[1738013] Skipping (exists): e_07472080_12_22500_4bd_2024
[1738013] Skipping (exists): e_07502080_12_22500_4bd_2024
[1738013] Skipping (exists): e_07532080_12_22500_4bd_2024
[1738013] Skipping (exists): e_07562080_12_22500_4bd_2024
[1738013] Skipping (exists): e_07592080_12_22500_4bd_2024
[1738013] Skipping (exists): e_07622080_12_22500_4bd_2024
[1738013] Skipping (exists): e_07652080_12_22500_4bd_2024
[1738013] Skipping (exists): e_07682080_12_22500_4bd_2024
[1738013] Skipping (exists): e_07712080_12_22500_4bd_2024
[1738013] Skipping (exists): e_07742080_12_22500_4bd_2024
[1738013] Skipping (exists): e_06962082_12_22500_4bd_2024
[1738013] Skipping (exists): e_06992082_12_22500_4bd_2024
[1738013] Skipping (exists): e_07022082_12_22500_4bd_2024
[1738013] Skipping (exists): e_07052082_12_22500_4bd_2024
[1738013] Skipping (exists): e_07082082_12_22500_4bd_2024
[1738013] Skipping (exists): e_07112082_12_22500_4bd_2024
[1738013] Skipping (exists): e_07142082_12_22500_4bd_2024
[1738013] Skipping (exists): e_07202082_12_22500_4bd_2024
[1738013] Skipping (exists): e_07232082_12_22500_4bd_2024
[1738013] Skipping (exists): e_07262082_12_22500_4bd_2024
[1738013] Skipping (exists): e_07292082_12_22500_4bd_2024
[1738013] Skipping (exists): e_07322082_12_22500_4bd_2024
[1738013] Skipping (exists): e_07352082_12_22500_4bd_2024
[1738013] Skipping (exists): e_07382082_12_22500_4bd_2024
[1738013] Skipping (exists): e_07412082_12_22500_4bd_2024
[1738013] Skipping (exists): e_07442082_12_22500_4bd_2024
[1738013] Skipping (exists): e_07472082_12_22500_4bd_2024
[1738013] Skipping (exists): e_07502082_12_22500_4bd_2024
[1738013] Skipping (exists): e_07532082_12_22500_4bd_2024
[1738013] Skipping (exists): e_07562082_12_22500_4bd_2024
[1738013] Skipping (exists): e_07592082_12_22500_4bd_2024
[1738013] Skipping (exists): e_07622082_12_22500_4bd_2024
[1738013] Skipping (exists): e_07652082_12_22500_4bd_2024
[1738013] Skipping (exists): e_07682082_12_22500_4bd_2024
[1738013] Skipping (exists): e_07712082_12_22500_4bd_2024
[1738013] Skipping (exists): e_07742082_12_22500_4bd_2024
[1738013] Skipping (exists): e_06692084_12_22500_4bd_2024
[1738013] Skipping (exists): e_06722084_12_22500_4bd_2024
[1738013] Skipping (exists): e_06932084_12_22500_4bd_2024
[1738013] Skipping (exists): e_06962084_12_22500_4bd_2024
[1738013] Skipping (exists): e_06992084_12_22500_4bd_2024
[1738013] Skipping (exists): e_07022084_12_22500_4bd_2024
[1738013] Skipping (exists): e_07052084_12_22500_4bd_2024
[1738013] Skipping (exists): e_07082084_12_22500_4bd_2024
[1738013] Skipping (exists): e_07112084_12_22500_4bd_2024
[1738013] Skipping (exists): e_07142084_12_22500_4bd_2024
[1738013] Skipping (exists): e_07202084_12_22500_4bd_2024
[1738013] Skipping (exists): e_07232084_12_22500_4bd_2024
[1738013] Skipping (exists): e_07262084_12_22500_4bd_2024
[1738013] Skipping (exists): e_07292084_12_22500_4bd_2024
[1738013] Skipping (exists): e_07322084_12_22500_4bd_2024
[1738013] Skipping (exists): e_07352084_12_22500_4bd_2024
[1738013] Skipping (exists): e_07382084_12_22500_4bd_2024
[1738013] Skipping (exists): e_07412084_12_22500_4bd_2024
[1738013] Skipping (exists): e_07442084_12_22500_4bd_2024
[1738013] Skipping (exists): e_07472084_12_22500_4bd_2024
[1738013] Skipping (exists): e_07502084_12_22500_4bd_2024
[1738013] Skipping (exists): e_07532084_12_22500_4bd_2024
[1738013] Skipping (exists): e_07562084_12_22500_4bd_2024
[1738013] Skipping (exists): e_07592084_12_22500_4bd_2024
[1738013] Skipping (exists): e_07622084_12_22500_4bd_2024
[1738013] Skipping (exists): e_07652084_12_22500_4bd_2024
[1738013] Skipping (exists): e_07682084_12_22500_4bd_2024
[1738013] Skipping (exists): e_07712084_12_22500_4bd_2024
[1738013] Skipping (exists): e_06692086_12_22500_4bd_2024
[1738013] Skipping (exists): e_06722086_12_22500_4bd_2024
[1738013] Skipping (exists): e_06752086_12_22500_4bd_2024
[1738013] Skipping (exists): e_06782086_12_22500_4bd_2024
[1738013] Skipping (exists): e_06812086_12_22500_4bd_2024
[1738013] Skipping (exists): e_06872086_12_22500_4bd_2024
[1738013] Skipping (exists): e_06902086_12_22500_4bd_2024
[1738013] Skipping (exists): e_06932086_12_22500_4bd_2024
[1738013] Skipping (exists): e_06962086_12_22500_4bd_2024
[1738013] Skipping (exists): e_06992086_12_22500_4bd_2024
[1738013] Skipping (exists): e_07022086_12_22500_4bd_2024
[1738013] Skipping (exists): e_07052086_12_22500_4bd_2024
[1738013] Skipping (exists): e_07082086_12_22500_4bd_2024
[1738013] Skipping (exists): e_07112086_12_22500_4bd_2024
[1738013] Skipping (exists): e_07142086_12_22500_4bd_2024
[1738013] Skipping (exists): e_07172086_12_22500_4bd_2024
[1738013] Skipping (exists): e_07202086_12_22500_4bd_2024
[1738013] Skipping (exists): e_07232086_12_22500_4bd_2024
[1738013] Skipping (exists): e_07262086_12_22500_4bd_2024
[1738013] Skipping (exists): e_07292086_12_22500_4bd_2024
[1738013] Skipping (exists): e_07322086_12_22500_4bd_2024
[1738013] Skipping (exists): e_07352086_12_22500_4bd_2024
[1738013] Skipping (exists): e_07382086_12_22500_4bd_2024
[1738013] Skipping (exists): e_07412086_12_22500_4bd_2024
[1738013] Skipping (exists): e_07442086_12_22500_4bd_2024
[1738013] Skipping (exists): e_07472086_12_22500_4bd_2024
[1738013] Skipping (exists): e_07502086_12_22500_4bd_2024
[1738013] Skipping (exists): e_07532086_12_22500_4bd_2024
[1738013] Skipping (exists): e_07562086_12_22500_4bd_2024
[1738013] Skipping (exists): e_07592086_12_22500_4bd_2024
[1738013] Skipping (exists): e_07622086_12_22500_4bd_2024
[1738013] Skipping (exists): e_07652086_12_22500_4bd_2024
[1738013] Skipping (exists): e_07682086_12_22500_4bd_2024
[1738013] Skipping (exists): e_07712086_12_22500_4bd_2024
[1738013] Skipping (exists): e_06692088_12_22500_4bd_2024
[1738013] Skipping (exists): e_06722088_12_22500_4bd_2024
[1738013] Skipping (exists): e_06752088_12_22500_4bd_2024
[1738013] Skipping (exists): e_06782088_12_22500_4bd_2024
[1738013] Skipping (exists): e_06812088_12_22500_4bd_2024
[1738013] Skipping (exists): e_06842088_12_22500_4bd_2024
[1738013] Skipping (exists): e_06872088_12_22500_4bd_2024
[1738013] Skipping (exists): e_06902088_12_22500_4bd_2024
[1738013] Skipping (exists): e_06932088_12_22500_4bd_2024
[1738013] Skipping (exists): e_06962088_12_22500_4bd_2024
[1738013] Skipping (exists): e_06992088_12_22500_4bd_2024
[1738013] Skipping (exists): e_07022088_12_22500_4bd_2024
[1738013] Skipping (exists): e_07052088_12_22500_4bd_2024
[1738013] Skipping (exists): e_07082088_12_22500_4bd_2024
[1738013] Skipping (exists): e_07112088_12_22500_4bd_2024
[1738013] Skipping (exists): e_07142088_12_22500_4bd_2024
[1738013] Skipping (exists): e_07172088_12_22500_4bd_2024
[1738013] Skipping (exists): e_07202088_12_22500_4bd_2024
[1738013] Skipping (exists): e_07232088_12_22500_4bd_2024
[1738013] Skipping (exists): e_07262088_12_22500_4bd_2024
[1738013] Skipping (exists): e_07292088_12_22500_4bd_2024
[1738013] Skipping (exists): e_07322088_12_22500_4bd_2024
[1738013] Skipping (exists): e_07352088_12_22500_4bd_2024
[1738013] Skipping (exists): e_07382088_12_22500_4bd_2024
[1738013] Skipping (exists): e_07412088_12_22500_4bd_2024
[1738013] Skipping (exists): e_07442088_12_22500_4bd_2024
[1738013] Skipping (exists): e_07472088_12_22500_4bd_2024
[1738013] Skipping (exists): e_07502088_12_22500_4bd_2024
[1738013] Skipping (exists): e_07532088_12_22500_4bd_2024
[1738013] Skipping (exists): e_07562088_12_22500_4bd_2024
[1738013] Skipping (exists): e_07592088_12_22500_4bd_2024
[1738013] Skipping (exists): e_07622088_12_22500_4bd_2024
[1738013] Skipping (exists): e_07652088_12_22500_4bd_2024
[1738013] Skipping (exists): e_07682088_12_22500_4bd_2024
[1738013] Skipping (exists): e_07712088_12_22500_4bd_2024
[1738013] Skipping (exists): e_06692090_12_22500_4bd_2024
[1738013] Skipping (exists): e_06722090_12_22500_4bd_2024
[1738013] Skipping (exists): e_06752090_12_22500_4bd_2024
[1738013] Skipping (exists): e_06782090_12_22500_4bd_2024
[1738013] Skipping (exists): e_06812090_12_22500_4bd_2024
[1738013] Skipping (exists): e_06842090_12_22500_4bd_2024
[1738013] Skipping (exists): e_06872090_12_22500_4bd_2024
[1738013] Skipping (exists): e_06902090_12_22500_4bd_2024
[1738013] Skipping (exists): e_06932090_12_22500_4bd_2024
[1738013] Skipping (exists): e_06962090_12_22500_4bd_2024
[1738013] Skipping (exists): e_06992090_12_22500_4bd_2024
[1738013] Skipping (exists): e_07022090_12_22500_4bd_2024
[1738013] Skipping (exists): e_07052090_12_22500_4bd_2024
[1738013] Skipping (exists): e_07082090_12_22500_4bd_2024
[1738013] Skipping (exists): e_07112090_12_22500_4bd_2024
[1738013] Skipping (exists): e_07142090_12_22500_4bd_2024
[1738013] Skipping (exists): e_07172090_12_22500_4bd_2024
[1738013] Skipping (exists): e_07202090_12_22500_4bd_2024
[1738013] Skipping (exists): e_07232090_12_22500_4bd_2024
[1738013] Skipping (exists): e_07262090_12_22500_4bd_2024
[1738013] Skipping (exists): e_07292090_12_22500_4bd_2024
[1738013] Skipping (exists): e_07322090_12_22500_4bd_2024
[1738013] Skipping (exists): e_07352090_12_22500_4bd_2024
[1738013] Skipping (exists): e_07382090_12_22500_4bd_2024
[1738013] Skipping (exists): e_07412090_12_22500_4bd_2024
[1738013] Skipping (exists): e_07442090_12_22500_4bd_2024
[1738013] Skipping (exists): e_07472090_12_22500_4bd_2024
[1738013] Skipping (exists): e_07502090_12_22500_4bd_2024
[1738013] Skipping (exists): e_07532090_12_22500_4bd_2024
[1738013] Skipping (exists): e_07562090_12_22500_4bd_2024
[1738013] Skipping (exists): e_07592090_12_22500_4bd_2024
[1738013] Skipping (exists): e_07622090_12_22500_4bd_2024
[1738013] Skipping (exists): e_07652090_12_22500_4bd_2024
[1738013] Skipping (exists): e_07682090_12_22500_4bd_2024
[1738013] Skipping (exists): e_07712090_12_22500_4bd_2024
[1738013] Skipping (exists): e_06692092_12_22500_4bd_2024
[1738013] Skipping (exists): e_06722092_12_22500_4bd_2024
[1738013] Skipping (exists): e_06752092_12_22500_4bd_2024
[1738013] Skipping (exists): e_06782092_12_22500_4bd_2024
[1738013] Skipping (exists): e_06812092_12_22500_4bd_2024
[1738013] Skipping (exists): e_06842092_12_22500_4bd_2024
[1738013] Skipping (exists): e_06872092_12_22500_4bd_2024
[1738013] Skipping (exists): e_06902092_12_22500_4bd_2024
[1738013] Skipping (exists): e_06932092_12_22500_4bd_2024
[1738013] Skipping (exists): e_06962092_12_22500_4bd_2024
[1738013] Skipping (exists): e_06992092_12_22500_4bd_2024
[1738013] Skipping (exists): e_07022092_12_22500_4bd_2024
[1738013] Skipping (exists): e_07052092_12_22500_4bd_2024
[1738013] Skipping (exists): e_07082092_12_22500_4bd_2024
[1738013] Skipping (exists): e_07112092_12_22500_4bd_2024
[1738013] Skipping (exists): e_07142092_12_22500_4bd_2024
[1738013] Skipping (exists): e_07172092_12_22500_4bd_2024
[1738013] Skipping (exists): e_07202092_12_22500_4bd_2024
[1738013] Skipping (exists): e_07232092_12_22500_4bd_2024
[1738013] Skipping (exists): e_07262092_12_22500_4bd_2024
[1738013] Skipping (exists): e_07292092_12_22500_4bd_2024
[1738013] Skipping (exists): e_07322092_12_22500_4bd_2024
[1738013] Skipping (exists): e_07352092_12_22500_4bd_2024
[1738013] Skipping (exists): e_07382092_12_22500_4bd_2024
[1738013] Skipping (exists): e_07412092_12_22500_4bd_2024
[1738013] Skipping (exists): e_07442092_12_22500_4bd_2024
[1738013] Skipping (exists): e_07472092_12_22500_4bd_2024
[1738013] Skipping (exists): e_07502092_12_22500_4bd_2024
[1738013] Skipping (exists): e_07532092_12_22500_4bd_2024
[1738013] Skipping (exists): e_07562092_12_22500_4bd_2024
[1738013] Skipping (exists): e_07592092_12_22500_4bd_2024
[1738013] Skipping (exists): e_07622092_12_22500_4bd_2024
[1738013] Skipping (exists): e_07652092_12_22500_4bd_2024
[1738013] Skipping (exists): e_07682092_12_22500_4bd_2024
[1738013] Skipping (exists): e_07712092_12_22500_4bd_2024
[1738013] Skipping (exists): e_06692094_12_22500_4bd_2024
[1738013] Skipping (exists): e_06722094_12_22500_4bd_2024
[1738013] Skipping (exists): e_06752094_12_22500_4bd_2024
[1738013] Skipping (exists): e_06782094_12_22500_4bd_2024
[1738013] Skipping (exists): e_06812094_12_22500_4bd_2024
[1738013] Skipping (exists): e_06842094_12_22500_4bd_2024
[1738013] Skipping (exists): e_06872094_12_22500_4bd_2024
[1738013] Skipping (exists): e_06902094_12_22500_4bd_2024
[1738013] Skipping (exists): e_06932094_12_22500_4bd_2024
[1738013] Skipping (exists): e_06962094_12_22500_4bd_2024
[1738013] Skipping (exists): e_06992094_12_22500_4bd_2024
[1738013] Skipping (exists): e_07022094_12_22500_4bd_2024
[1738013] Skipping (exists): e_07052094_12_22500_4bd_2024
[1738013] Skipping (exists): e_07082094_12_22500_4bd_2024
[1738013] Skipping (exists): e_07112094_12_22500_4bd_2024
[1738013] Skipping (exists): e_07142094_12_22500_4bd_2024
[1738013] Skipping (exists): e_07172094_12_22500_4bd_2024
[1738013] Skipping (exists): e_07202094_12_22500_4bd_2024
[1738013] Skipping (exists): e_07232094_12_22500_4bd_2024
[1738013] Skipping (exists): e_07262094_12_22500_4bd_2024
[1738013] Skipping (exists): e_07292094_12_22500_4bd_2024
[1738013] Skipping (exists): e_07322094_12_22500_4bd_2024
[1738013] Skipping (exists): e_07352094_12_22500_4bd_2024
[1738013] Skipping (exists): e_07382094_12_22500_4bd_2024
[1738013] Skipping (exists): e_07412094_12_22500_4bd_2024
[1738013] Skipping (exists): e_07442094_12_22500_4bd_2024
[1738013] Skipping (exists): e_07472094_12_22500_4bd_2024
[1738013] Skipping (exists): e_07502094_12_22500_4bd_2024
[1738013] Skipping (exists): e_07532094_12_22500_4bd_2024
[1738013] Skipping (exists): e_07562094_12_22500_4bd_2024
[1738013] Skipping (exists): e_07592094_12_22500_4bd_2024
[1738013] Skipping (exists): e_07622094_12_22500_4bd_2024
[1738013] Skipping (exists): e_07652094_12_22500_4bd_2024
[1738013] Skipping (exists): e_07682094_12_22500_4bd_2024
[1738013] Skipping (exists): e_06722096_12_22500_4bd_2024
[1738013] Skipping (exists): e_06752096_12_22500_4bd_2024
[1738013] Skipping (exists): e_06782096_12_22500_4bd_2024
[1738013] Skipping (exists): e_06812096_12_22500_4bd_2024
[1738013] Skipping (exists): e_06842096_12_22500_4bd_2024
[1738013] Skipping (exists): e_06872096_12_22500_4bd_2024
[1738013] Skipping (exists): e_06902096_12_22500_4bd_2024
[1738013] Skipping (exists): e_06932096_12_22500_4bd_2024
[1738013] Skipping (exists): e_06962096_12_22500_4bd_2024
[1738013] Skipping (exists): e_06992096_12_22500_4bd_2024
[1738013] Skipping (exists): e_07022096_12_22500_4bd_2024
[1738013] Skipping (exists): e_07052096_12_22500_4bd_2024
[1738013] Skipping (exists): e_07082096_12_22500_4bd_2024
[1738013] Skipping (exists): e_07112096_12_22500_4bd_2024
[1738013] Skipping (exists): e_07142096_12_22500_4bd_2024
[1738013] Skipping (exists): e_07172096_12_22500_4bd_2024
[1738013] Skipping (exists): e_07202096_12_22500_4bd_2024
[1738013] Skipping (exists): e_07232096_12_22500_4bd_2024
[1738013] Skipping (exists): e_07262096_12_22500_4bd_2024
[1738013] Skipping (exists): e_07292096_12_22500_4bd_2024
[1738013] Skipping (exists): e_07322096_12_22500_4bd_2024
[1738013] Skipping (exists): e_07352096_12_22500_4bd_2024
[1738013] Skipping (exists): e_07382096_12_22500_4bd_2024
[1738013] Skipping (exists): e_07412096_12_22500_4bd_2024
[1738013] Skipping (exists): e_07442096_12_22500_4bd_2024
[1738013] Skipping (exists): e_07472096_12_22500_4bd_2024
[1738013] Skipping (exists): e_07502096_12_22500_4bd_2024
[1738013] Skipping (exists): e_07532096_12_22500_4bd_2024
[1738013] Skipping (exists): e_07562096_12_22500_4bd_2024
[1738013] Skipping (exists): e_07592096_12_22500_4bd_2024
[1738013] Skipping (exists): e_07622096_12_22500_4bd_2024
[1738013] Skipping (exists): e_07652096_12_22500_4bd_2024
[1738013] Skipping (exists): e_07682096_12_22500_4bd_2024
[1738013] Skipping (exists): e_06752098_12_22500_4bd_2024
[1738013] Skipping (exists): e_06782098_12_22500_4bd_2024
[1738013] Skipping (exists): e_06812098_12_22500_4bd_2024
[1738013] Skipping (exists): e_06842098_12_22500_4bd_2024
[1738013] Skipping (exists): e_06872098_12_22500_4bd_2024
[1738013] Skipping (exists): e_06902098_12_22500_4bd_2024
[1738013] Skipping (exists): e_06932098_12_22500_4bd_2024
[1738013] Skipping (exists): e_06962098_12_22500_4bd_2024
[1738013] Skipping (exists): e_06992098_12_22500_4bd_2024
[1738013] Skipping (exists): e_07022098_12_22500_4bd_2024
[1738013] Skipping (exists): e_07052098_12_22500_4bd_2024
[1738013] Skipping (exists): e_07082098_12_22500_4bd_2024
[1738013] Skipping (exists): e_07112098_12_22500_4bd_2024
[1738013] Skipping (exists): e_07142098_12_22500_4bd_2024
[1738013] Skipping (exists): e_07172098_12_22500_4bd_2024
[1738013] Skipping (exists): e_07202098_12_22500_4bd_2024
[1738013] Skipping (exists): e_07232098_12_22500_4bd_2024
[1738013] Skipping (exists): e_07262098_12_22500_4bd_2024
[1738013] Skipping (exists): e_07292098_12_22500_4bd_2024
[1738013] Skipping (exists): e_07322098_12_22500_4bd_2024
[1738013] Skipping (exists): e_07352098_12_22500_4bd_2024
[1738013] Skipping (exists): e_07382098_12_22500_4bd_2024
[1738013] Skipping (exists): e_07412098_12_22500_4bd_2024
[1738013] Skipping (exists): e_07442098_12_22500_4bd_2024
[1738013] Skipping (exists): e_07472098_12_22500_4bd_2024
[1738013] Skipping (exists): e_07502098_12_22500_4bd_2024
[1738013] Skipping (exists): e_07532098_12_22500_4bd_2024
[1738013] Skipping (exists): e_07562098_12_22500_4bd_2024
[1738013] Skipping (exists): e_07592098_12_22500_4bd_2024
[1738013] Skipping (exists): e_07622098_12_22500_4bd_2024
[1738013] Skipping (exists): e_07652098_12_22500_4bd_2024
[1738013] Skipping (exists): e_07682098_12_22500_4bd_2024
[1738013] Skipping (exists): e_06812100_12_22500_4bd_2024
[1738013] Skipping (exists): e_06842100_12_22500_4bd_2024
[1738013] Skipping (exists): e_06872100_12_22500_4bd_2024
[1738013] Skipping (exists): e_06902100_12_22500_4bd_2024
[1738013] Skipping (exists): e_06932100_12_22500_4bd_2024
[1738013] Skipping (exists): e_06962100_12_22500_4bd_2024
[1738013] Skipping (exists): e_06992100_12_22500_4bd_2024
[1738013] Skipping (exists): e_07022100_12_22500_4bd_2024
[1738013] Skipping (exists): e_07052100_12_22500_4bd_2024
[1738013] Skipping (exists): e_07082100_12_22500_4bd_2024
[1738013] Skipping (exists): e_07112100_12_22500_4bd_2024
[1738013] Skipping (exists): e_07142100_12_22500_4bd_2024
[1738013] Skipping (exists): e_07172100_12_22500_4bd_2024
[1738013] Skipping (exists): e_07202100_12_22500_4bd_2024
[1738013] Skipping (exists): e_07232100_12_22500_4bd_2024
[1738013] Skipping (exists): e_07262100_12_22500_4bd_2024
[1738013] Skipping (exists): e_07292100_12_22500_4bd_2024
[1738013] Skipping (exists): e_07322100_12_22500_4bd_2024
[1738013] Skipping (exists): e_07352100_12_22500_4bd_2024
[1738013] Skipping (exists): e_07382100_12_22500_4bd_2024
[1738013] Skipping (exists): e_07412100_12_22500_4bd_2024
[1738013] Skipping (exists): e_07442100_12_22500_4bd_2024
[1738013] Skipping (exists): e_07472100_12_22500_4bd_2024
[1738013] Skipping (exists): e_07502100_12_22500_4bd_2024
[1738013] Skipping (exists): e_07532100_12_22500_4bd_2024
[1738013] Skipping (exists): e_07562100_12_22500_4bd_2024
[1738013] Skipping (exists): e_07592100_12_22500_4bd_2024
[1738013] Skipping (exists): e_07622100_12_22500_4bd_2024
[1738013] Skipping (exists): e_07652100_12_22500_4bd_2024
[1738013] Skipping (exists): e_07682100_12_22500_4bd_2024
[1738013] Skipping (exists): e_06812102_12_22500_4bd_2024
[1738013] Skipping (exists): e_06842102_12_22500_4bd_2024
[1738013] Skipping (exists): e_06872102_12_22500_4bd_2024
[1738013] Skipping (exists): e_06902102_12_22500_4bd_2024
[1738013] Skipping (exists): e_06932102_12_22500_4bd_2024
[1738013] Skipping (exists): e_06962102_12_22500_4bd_2024
[1738013] Skipping (exists): e_06992102_12_22500_4bd_2024
[1738013] Skipping (exists): e_07022102_12_22500_4bd_2024
[1738013] Skipping (exists): e_07052102_12_22500_4bd_2024
[1738013] Skipping (exists): e_07082102_12_22500_4bd_2024
[1738013] Skipping (exists): e_07112102_12_22500_4bd_2024
[1738013] Skipping (exists): e_07142102_12_22500_4bd_2024
[1738013] Skipping (exists): e_07172102_12_22500_4bd_2024
[1738013] Skipping (exists): e_07202102_12_22500_4bd_2024
[1738013] Skipping (exists): e_07232102_12_22500_4bd_2024
[1738013] Skipping (exists): e_07262102_12_22500_4bd_2024
[1738013] Skipping (exists): e_07292102_12_22500_4bd_2024
[1738013] Skipping (exists): e_07322102_12_22500_4bd_2024
[1738013] Skipping (exists): e_07352102_12_22500_4bd_2024
[1738013] Skipping (exists): e_07382102_12_22500_4bd_2024
[1738013] Skipping (exists): e_07412102_12_22500_4bd_2024
[1738013] Skipping (exists): e_07442102_12_22500_4bd_2024
[1738013] Skipping (exists): e_07472102_12_22500_4bd_2024
[1738013] Skipping (exists): e_07502102_12_22500_4bd_2024
[1738013] Skipping (exists): e_07532102_12_22500_4bd_2024
[1738013] Skipping (exists): e_07562102_12_22500_4bd_2024
[1738013] Skipping (exists): e_07592102_12_22500_4bd_2024
[1738013] Skipping (exists): e_07622102_12_22500_4bd_2024
[1738013] Skipping (exists): e_07652102_12_22500_4bd_2024
[1738013] Skipping (exists): e_07682102_12_22500_4bd_2024
[1738013] Skipping (exists): e_07712102_12_22500_4bd_2024
[1738013] Skipping (exists): e_06842104_12_22500_4bd_2024
[1738013] Skipping (exists): e_06872104_12_22500_4bd_2024
[1738013] Skipping (exists): e_06902104_12_22500_4bd_2024
[1738013] Skipping (exists): e_06932104_12_22500_4bd_2024
[1738013] Skipping (exists): e_06962104_12_22500_4bd_2024
[1738013] Skipping (exists): e_06992104_12_22500_4bd_2024
[1738013] Skipping (exists): e_07022104_12_22500_4bd_2024
[1738013] Skipping (exists): e_07052104_12_22500_4bd_2024
[1738013] Skipping (exists): e_07082104_12_22500_4bd_2024
[1738013] Skipping (exists): e_07112104_12_22500_4bd_2024
[1738013] Skipping (exists): e_07142104_12_22500_4bd_2024
[1738013] Skipping (exists): e_07172104_12_22500_4bd_2024
[1738013] Skipping (exists): e_07202104_12_22500_4bd_2024
[1738013] Skipping (exists): e_07232104_12_22500_4bd_2024
[1738013] Skipping (exists): e_07262104_12_22500_4bd_2024
[1738013] Skipping (exists): e_07292104_12_22500_4bd_2024
[1738013] Skipping (exists): e_07322104_12_22500_4bd_2024
[1738013] Skipping (exists): e_07352104_12_22500_4bd_2024
[1738013] Skipping (exists): e_07382104_12_22500_4bd_2024
[1738013] Skipping (exists): e_07412104_12_22500_4bd_2024
[1738013] Skipping (exists): e_07442104_12_22500_4bd_2024
[1738013] Skipping (exists): e_07472104_12_22500_4bd_2024
[1738013] Skipping (exists): e_07502104_12_22500_4bd_2024
[1738013] Skipping (exists): e_07532104_12_22500_4bd_2024
[1738013] Skipping (exists): e_07562104_12_22500_4bd_2024
[1738013] Skipping (exists): e_07592104_12_22500_4bd_2024
[1738013] Skipping (exists): e_07622104_12_22500_4bd_2024
[1738013] Skipping (exists): e_07652104_12_22500_4bd_2024
[1738013] Skipping (exists): e_07682104_12_22500_4bd_2024
[1738013] Skipping (exists): e_07712104_12_22500_4bd_2024
[1738013] Skipping (exists): e_07742104_12_22500_4bd_2024
[1738013] Skipping (exists): e_07772104_12_22500_4bd_2024
[1738013] Skipping (exists): e_06962106_12_22500_4bd_2024
[1738013] Skipping (exists): e_06992106_12_22500_4bd_2024
[1738013] Skipping (exists): e_07022106_12_22500_4bd_2024
[1738013] Skipping (exists): e_07052106_12_22500_4bd_2024
[1738013] Skipping (exists): e_07082106_12_22500_4bd_2024
[1738013] Skipping (exists): e_07112106_12_22500_4bd_2024
[1738013] Skipping (exists): e_07142106_12_22500_4bd_2024
[1738013] Skipping (exists): e_07172106_12_22500_4bd_2024
[1738013] Skipping (exists): e_07202106_12_22500_4bd_2024
[1738013] Skipping (exists): e_07232106_12_22500_4bd_2024
[1738013] Skipping (exists): e_07262106_12_22500_4bd_2024
[1738013] Skipping (exists): e_07292106_12_22500_4bd_2024
[1738013] Skipping (exists): e_07322106_12_22500_4bd_2024
[1738013] Skipping (exists): e_07352106_12_22500_4bd_2024
[1738013] Skipping (exists): e_07382106_12_22500_4bd_2024
[1738013] Skipping (exists): e_07412106_12_22500_4bd_2024
[1738013] Skipping (exists): e_07442106_12_22500_4bd_2024
[1738013] Skipping (exists): e_07472106_12_22500_4bd_2024
[1738013] Skipping (exists): e_07502106_12_22500_4bd_2024
[1738013] Skipping (exists): e_07532106_12_22500_4bd_2024
[1738013] Skipping (exists): e_07562106_12_22500_4bd_2024
[1738013] Skipping (exists): e_07592106_12_22500_4bd_2024
[1738013] Skipping (exists): e_07622106_12_22500_4bd_2024
[1738013] Skipping (exists): e_07652106_12_22500_4bd_2024
[1738013] Skipping (exists): e_07682106_12_22500_4bd_2024
[1738013] Skipping (exists): e_07712106_12_22500_4bd_2024
[1738013] Skipping (exists): e_07742106_12_22500_4bd_2024
[1738013] Skipping (exists): e_07772106_12_22500_4bd_2024
[1738013] Skipping (exists): e_06962108_12_22500_4bd_2024
[1738013] Skipping (exists): e_06992108_12_22500_4bd_2024
[1738013] Skipping (exists): e_07022108_12_22500_4bd_2024
[1738013] Skipping (exists): e_07052108_12_22500_4bd_2024
[1738013] Skipping (exists): e_07082108_12_22500_4bd_2024
[1738013] Skipping (exists): e_07112108_12_22500_4bd_2024
[1738013] Skipping (exists): e_07142108_12_22500_4bd_2024
[1738013] Skipping (exists): e_07172108_12_22500_4bd_2024
[1738013] Skipping (exists): e_07202108_12_22500_4bd_2024
[1738013] Skipping (exists): e_07232108_12_22500_4bd_2024
[1738013] Skipping (exists): e_07262108_12_22500_4bd_2024
[1738013] Skipping (exists): e_07292108_12_22500_4bd_2024
[1738013] Skipping (exists): e_07322108_12_22500_4bd_2024
[1738013] Skipping (exists): e_07352108_12_22500_4bd_2024
[1738013] Skipping (exists): e_07382108_12_22500_4bd_2024
[1738013] Skipping (exists): e_07412108_12_22500_4bd_2024
[1738013] Skipping (exists): e_07442108_12_22500_4bd_2024
[1738013] Skipping (exists): e_07472108_12_22500_4bd_2024
[1738013] Skipping (exists): e_07502108_12_22500_4bd_2024
[1738013] Skipping (exists): e_07532108_12_22500_4bd_2024
[1738013] Skipping (exists): e_07562108_12_22500_4bd_2024
[1738013] Skipping (exists): e_07592108_12_22500_4bd_2024
[1738013] Skipping (exists): e_07622108_12_22500_4bd_2024
[1738013] Skipping (exists): e_07652108_12_22500_4bd_2024
[1738013] Skipping (exists): e_07682108_12_22500_4bd_2024
[1738013] Skipping (exists): e_07712108_12_22500_4bd_2024
[1738013] Skipping (exists): e_07742108_12_22500_4bd_2024
[1738013] Skipping (exists): e_07772108_12_22500_4bd_2024
[1738013] Skipping (exists): e_07052110_12_22500_4bd_2024
[1738013] Skipping (exists): e_07082110_12_22500_4bd_2024
[1738013] Skipping (exists): e_07112110_12_22500_4bd_2024
[1738013] Skipping (exists): e_07142110_12_22500_4bd_2024
[1738013] Skipping (exists): e_07172110_12_22500_4bd_2024
[1738013] Skipping (exists): e_07202110_12_22500_4bd_2024
[1738013] Skipping (exists): e_07232110_12_22500_4bd_2024
[1738013] Skipping (exists): e_07262110_12_22500_4bd_2024
[1738013] Skipping (exists): e_07292110_12_22500_4bd_2024
[1738013] Skipping (exists): e_07322110_12_22500_4bd_2024
[1738013] Skipping (exists): e_07352110_12_22500_4bd_2024
[1738013] Skipping (exists): e_07382110_12_22500_4bd_2024
[1738013] Skipping (exists): e_07412110_12_22500_4bd_2024
[1738013] Skipping (exists): e_07442110_12_22500_4bd_2024
[1738013] Skipping (exists): e_07472110_12_22500_4bd_2024
[1738013] Skipping (exists): e_07502110_12_22500_4bd_2024
[1738013] Skipping (exists): e_07532110_12_22500_4bd_2024
[1738013] Skipping (exists): e_07562110_12_22500_4bd_2024
[1738013] Skipping (exists): e_07592110_12_22500_4bd_2024
[1738013] Skipping (exists): e_07622110_12_22500_4bd_2024
[1738013] Skipping (exists): e_07652110_12_22500_4bd_2024
[1738013] Skipping (exists): e_07682110_12_22500_4bd_2024
[1738013] Skipping (exists): e_07712110_12_22500_4bd_2024
[1738013] Skipping (exists): e_07742110_12_22500_4bd_2024
[1738013] Skipping (exists): e_07772110_12_22500_4bd_2024
[1738013] Skipping (exists): e_07052112_12_22500_4bd_2024
[1738013] Skipping (exists): e_07082112_12_22500_4bd_2024
[1738013] Skipping (exists): e_07112112_12_22500_4bd_2024
[1738013] Skipping (exists): e_07142112_12_22500_4bd_2024
[1738013] Skipping (exists): e_07172112_12_22500_4bd_2024
[1738013] Skipping (exists): e_07202112_12_22500_4bd_2024
[1738013] Skipping (exists): e_07232112_12_22500_4bd_2024
[1738013] Skipping (exists): e_07262112_12_22500_4bd_2024
[1738013] Skipping (exists): e_07292112_12_22500_4bd_2024
[1738013] Skipping (exists): e_07322112_12_22500_4bd_2024
[1738013] Skipping (exists): e_07352112_12_22500_4bd_2024
[1738013] Skipping (exists): e_07382112_12_22500_4bd_2024
[1738013] Skipping (exists): e_07412112_12_22500_4bd_2024
[1738013] Skipping (exists): e_07442112_12_22500_4bd_2024
[1738013] Skipping (exists): e_07472112_12_22500_4bd_2024
[1738013] Skipping (exists): e_07502112_12_22500_4bd_2024
[1738013] Skipping (exists): e_07532112_12_22500_4bd_2024
[1738013] Skipping (exists): e_07562112_12_22500_4bd_2024
[1738013] Skipping (exists): e_07592112_12_22500_4bd_2024
[1738013] Skipping (exists): e_07622112_12_22500_4bd_2024
[1738013] Skipping (exists): e_07652112_12_22500_4bd_2024
[1738013] Skipping (exists): e_07682112_12_22500_4bd_2024
[1738013] Skipping (exists): e_07712112_12_22500_4bd_2024
[1738013] Skipping (exists): e_07742112_12_22500_4bd_2024
[1738013] Skipping (exists): e_07772112_12_22500_4bd_2024
[1738013] Skipping (exists): e_07082114_12_22500_4bd_2024
[1738013] Skipping (exists): e_07112114_12_22500_4bd_2024
[1738013] Skipping (exists): e_07142114_12_22500_4bd_2024
[1738013] Skipping (exists): e_07172114_12_22500_4bd_2024
[1738013] Skipping (exists): e_07202114_12_22500_4bd_2024
[1738013] Skipping (exists): e_07232114_12_22500_4bd_2024
[1738013] Skipping (exists): e_07262114_12_22500_4bd_2024
[1738013] Skipping (exists): e_07292114_12_22500_4bd_2024
[1738013] Skipping (exists): e_07322114_12_22500_4bd_2024
[1738013] Skipping (exists): e_07352114_12_22500_4bd_2024
[1738013] Skipping (exists): e_07382114_12_22500_4bd_2024
[1738013] Skipping (exists): e_07412114_12_22500_4bd_2024
[1738013] Skipping (exists): e_07442114_12_22500_4bd_2024
[1738013] Skipping (exists): e_07472114_12_22500_4bd_2024
[1738013] Skipping (exists): e_07502114_12_22500_4bd_2024
[1738013] Skipping (exists): e_07532114_12_22500_4bd_2024
[1738013] Skipping (exists): e_07562114_12_22500_4bd_2024
[1738013] Skipping (exists): e_07592114_12_22500_4bd_2024
[1738013] Skipping (exists): e_07622114_12_22500_4bd_2024
[1738013] Skipping (exists): e_07652114_12_22500_4bd_2024
[1738013] Skipping (exists): e_07682114_12_22500_4bd_2024
[1738013] Skipping (exists): e_07712114_12_22500_4bd_2024
[1738013] Skipping (exists): e_07742114_12_22500_4bd_2024
[1738013] Skipping (exists): e_07772114_12_22500_4bd_2024
[1738013] Skipping (exists): e_06992116_12_22500_4bd_2024
[1738013] Skipping (exists): e_07022116_12_22500_4bd_2024
[1738013] Skipping (exists): e_07052116_12_22500_4bd_2024
[1738013] Skipping (exists): e_07082116_12_22500_4bd_2024
[1738013] Skipping (exists): e_07112116_12_22500_4bd_2024
[1738013] Skipping (exists): e_07142116_12_22500_4bd_2024
[1738013] Skipping (exists): e_07172116_12_22500_4bd_2024
[1738013] Skipping (exists): e_07202116_12_22500_4bd_2024
[1738013] Skipping (exists): e_07232116_12_22500_4bd_2024
[1738013] Skipping (exists): e_07262116_12_22500_4bd_2024
[1738013] Skipping (exists): e_07292116_12_22500_4bd_2024
[1738013] Skipping (exists): e_07322116_12_22500_4bd_2024
[1738013] Skipping (exists): e_07352116_12_22500_4bd_2024
[1738013] Skipping (exists): e_07382116_12_22500_4bd_2024
[1738013] Skipping (exists): e_07412116_12_22500_4bd_2024
[1738013] Skipping (exists): e_07442116_12_22500_4bd_2024
[1738013] Skipping (exists): e_07472116_12_22500_4bd_2024
[1738013] Skipping (exists): e_07502116_12_22500_4bd_2024
[1738013] Skipping (exists): e_07532116_12_22500_4bd_2024
[1738013] Skipping (exists): e_07562116_12_22500_4bd_2024
[1738013] Skipping (exists): e_07592116_12_22500_4bd_2024
[1738013] Skipping (exists): e_07622116_12_22500_4bd_2024
[1738013] Skipping (exists): e_07652116_12_22500_4bd_2024
[1738013] Skipping (exists): e_07682116_12_22500_4bd_2024
[1738013] Skipping (exists): e_07712116_12_22500_4bd_2024
[1738013] Skipping (exists): e_07742116_12_22500_4bd_2024
[1738013] Skipping (exists): e_06992118_12_22500_4bd_2024
[1738013] Skipping (exists): e_07022118_12_22500_4bd_2024
[1738013] Skipping (exists): e_07052118_12_22500_4bd_2024
[1738013] Skipping (exists): e_07082118_12_22500_4bd_2024
[1738013] Skipping (exists): e_07112118_12_22500_4bd_2024
[1738013] Skipping (exists): e_07142118_12_22500_4bd_2024
[1738013] Skipping (exists): e_07172118_12_22500_4bd_2024
[1738013] Skipping (exists): e_07202118_12_22500_4bd_2024
[1738013] Skipping (exists): e_07232118_12_22500_4bd_2024
[1738013] Skipping (exists): e_07262118_12_22500_4bd_2024
[1738013] Skipping (exists): e_07292118_12_22500_4bd_2024
[1738013] Skipping (exists): e_07322118_12_22500_4bd_2024
[1738013] Skipping (exists): e_07352118_12_22500_4bd_2024
[1738013] Skipping (exists): e_07382118_12_22500_4bd_2024
[1738013] Skipping (exists): e_07412118_12_22500_4bd_2024
[1738013] Skipping (exists): e_07442118_12_22500_4bd_2024
[1738013] Skipping (exists): e_07472118_12_22500_4bd_2024
[1738013] Skipping (exists): e_07502118_12_22500_4bd_2024
[1738013] Skipping (exists): e_07532118_12_22500_4bd_2024
[1738013] Skipping (exists): e_07562118_12_22500_4bd_2024
[1738013] Skipping (exists): e_07592118_12_22500_4bd_2024
[1738013] Skipping (exists): e_07622118_12_22500_4bd_2024
[1738013] Skipping (exists): e_07652118_12_22500_4bd_2024
[1738013] Skipping (exists): e_07682118_12_22500_4bd_2024
[1738013] Skipping (exists): e_06962120_12_22500_4bd_2024
[1738013] Skipping (exists): e_06992120_12_22500_4bd_2024
[1738013] Skipping (exists): e_07022120_12_22500_4bd_2024
[1738013] Skipping (exists): e_07052120_12_22500_4bd_2024
[1738013] Skipping (exists): e_07082120_12_22500_4bd_2024
[1738013] Skipping (exists): e_07112120_12_22500_4bd_2024
[1738013] Skipping (exists): e_07142120_12_22500_4bd_2024
[1738013] Skipping (exists): e_07172120_12_22500_4bd_2024
[1738013] Skipping (exists): e_07202120_12_22500_4bd_2024
[1738013] Skipping (exists): e_07232120_12_22500_4bd_2024
[1738013] Skipping (exists): e_07262120_12_22500_4bd_2024
[1738013] Skipping (exists): e_07292120_12_22500_4bd_2024
[1738013] Skipping (exists): e_07322120_12_22500_4bd_2024
[1738013] Skipping (exists): e_07352120_12_22500_4bd_2024
[1738013] Skipping (exists): e_07382120_12_22500_4bd_2024
[1738013] Skipping (exists): e_07412120_12_22500_4bd_2024
[1738013] Skipping (exists): e_07442120_12_22500_4bd_2024
[1738013] Skipping (exists): e_07472120_12_22500_4bd_2024
[1738013] Skipping (exists): e_07502120_12_22500_4bd_2024
[1738013] Skipping (exists): e_07532120_12_22500_4bd_2024
[1738013] Skipping (exists): e_07562120_12_22500_4bd_2024
[1738013] Skipping (exists): e_07592120_12_22500_4bd_2024
[1738013] Skipping (exists): e_07622120_12_22500_4bd_2024
[1738013] Skipping (exists): e_07652120_12_22500_4bd_2024
[1738013] Skipping (exists): e_07682120_12_22500_4bd_2024
[1738013] Skipping (exists): e_06962122_12_22500_4bd_2024
[1738013] Skipping (exists): e_06992122_12_22500_4bd_2024
[1738013] Skipping (exists): e_07022122_12_22500_4bd_2024
[1738013] Skipping (exists): e_07052122_12_22500_4bd_2024
[1738013] Skipping (exists): e_07082122_12_22500_4bd_2024
[1738013] Skipping (exists): e_07112122_12_22500_4bd_2024
[1738013] Skipping (exists): e_07142122_12_22500_4bd_2024
[1738013] Skipping (exists): e_07172122_12_22500_4bd_2024
[1738013] Skipping (exists): e_07202122_12_22500_4bd_2024
[1738013] Skipping (exists): e_07232122_12_22500_4bd_2024
[1738013] Skipping (exists): e_07262122_12_22500_4bd_2024
[1738013] Skipping (exists): e_07292122_12_22500_4bd_2024
[1738013] Skipping (exists): e_07322122_12_22500_4bd_2024
[1738013] Skipping (exists): e_07352122_12_22500_4bd_2024
[1738013] Skipping (exists): e_07382122_12_22500_4bd_2024
[1738013] Skipping (exists): e_07412122_12_22500_4bd_2024
[1738013] Skipping (exists): e_07442122_12_22500_4bd_2024
[1738013] Skipping (exists): e_07472122_12_22500_4bd_2024
[1738013] Skipping (exists): e_07502122_12_22500_4bd_2024
[1738013] Skipping (exists): e_07532122_12_22500_4bd_2024
[1738013] Skipping (exists): e_07562122_12_22500_4bd_2024
[1738013] Skipping (exists): e_07592122_12_22500_4bd_2024
[1738013] Skipping (exists): e_07622122_12_22500_4bd_2024
[1738013] Skipping (exists): e_07652122_12_22500_4bd_2024
[1738013] Skipping (exists): e_07682122_12_22500_4bd_2024
[1738013] Skipping (exists): e_06962124_12_22500_4bd_2024
[1738013] Skipping (exists): e_06992124_12_22500_4bd_2024
[1738013] Skipping (exists): e_07022124_12_22500_4bd_2024
[1738013] Skipping (exists): e_07052124_12_22500_4bd_2024
[1738013] Skipping (exists): e_07082124_12_22500_4bd_2024
[1738013] Skipping (exists): e_07112124_12_22500_4bd_2024
[1738013] Skipping (exists): e_07142124_12_22500_4bd_2024
[1738013] Skipping (exists): e_07172124_12_22500_4bd_2024
[1738013] Skipping (exists): e_07202124_12_22500_4bd_2024
[1738013] Skipping (exists): e_07232124_12_22500_4bd_2024
[1738013] Skipping (exists): e_07262124_12_22500_4bd_2024
[1738013] Skipping (exists): e_07292124_12_22500_4bd_2024
[1738013] Skipping (exists): e_07322124_12_22500_4bd_2024
[1738013] Skipping (exists): e_07352124_12_22500_4bd_2024
[1738013] Skipping (exists): e_07382124_12_22500_4bd_2024
[1738013] Skipping (exists): e_07412124_12_22500_4bd_2024
[1738013] Skipping (exists): e_07442124_12_22500_4bd_2024
[1738013] Skipping (exists): e_07472124_12_22500_4bd_2024
[1738013] Skipping (exists): e_07502124_12_22500_4bd_2024
[1738013] Skipping (exists): e_07532124_12_22500_4bd_2024
[1738013] Skipping (exists): e_07562124_12_22500_4bd_2024
[1738013] Skipping (exists): e_07592124_12_22500_4bd_2024
[1738013] Skipping (exists): e_07622124_12_22500_4bd_2024
[1738013] Skipping (exists): e_07652124_12_22500_4bd_2024
[1738013] Skipping (exists): e_07682124_12_22500_4bd_2024
[1738013] Skipping (exists): e_06962126_12_22500_4bd_2024
[1738013] Skipping (exists): e_06992126_12_22500_4bd_2024
[1738013] Skipping (exists): e_07022126_12_22500_4bd_2024
[1738013] Skipping (exists): e_07052126_12_22500_4bd_2024
[1738013] Skipping (exists): e_07082126_12_22500_4bd_2024
[1738013] Skipping (exists): e_07112126_12_22500_4bd_2024
[1738013] Skipping (exists): e_07142126_12_22500_4bd_2024
[1738013] Skipping (exists): e_07172126_12_22500_4bd_2024
[1738013] Skipping (exists): e_07202126_12_22500_4bd_2024
[1738013] Skipping (exists): e_07232126_12_22500_4bd_2024
[1738013] Skipping (exists): e_07262126_12_22500_4bd_2024
[1738013] Skipping (exists): e_07292126_12_22500_4bd_2024
[1738013] Skipping (exists): e_07322126_12_22500_4bd_2024
[1738013] Skipping (exists): e_07352126_12_22500_4bd_2024
[1738013] Skipping (exists): e_07382126_12_22500_4bd_2024
[1738013] Skipping (exists): e_07412126_12_22500_4bd_2024
[1738013] Skipping (exists): e_07442126_12_22500_4bd_2024
[1738013] Skipping (exists): e_07472126_12_22500_4bd_2024
[1738013] Skipping (exists): e_07502126_12_22500_4bd_2024
[1738013] Skipping (exists): e_07532126_12_22500_4bd_2024
[1738013] Skipping (exists): e_07562126_12_22500_4bd_2024
[1738013] Skipping (exists): e_07592126_12_22500_4bd_2024
[1738013] Skipping (exists): e_07622126_12_22500_4bd_2024
[1738013] Skipping (exists): e_07652126_12_22500_4bd_2024
[1738013] Skipping (exists): e_07682126_12_22500_4bd_2024
[1738013] Skipping (exists): e_06932128_12_22500_4bd_2024
[1738013] Skipping (exists): e_06962128_12_22500_4bd_2024
[1738013] Skipping (exists): e_06992128_12_22500_4bd_2024
[1738013] Skipping (exists): e_07022128_12_22500_4bd_2024
[1738013] Skipping (exists): e_07052128_12_22500_4bd_2024
[1738013] Skipping (exists): e_07082128_12_22500_4bd_2024
[1738013] Skipping (exists): e_07112128_12_22500_4bd_2024
[1738013] Skipping (exists): e_07142128_12_22500_4bd_2024
[1738013] Skipping (exists): e_07172128_12_22500_4bd_2024
[1738013] Skipping (exists): e_07202128_12_22500_4bd_2024
[1738013] Skipping (exists): e_07232128_12_22500_4bd_2024
[1738013] Skipping (exists): e_07262128_12_22500_4bd_2024
[1738013] Skipping (exists): e_07292128_12_22500_4bd_2024
[1738013] Skipping (exists): e_07322128_12_22500_4bd_2024
[1738013] Skipping (exists): e_07352128_12_22500_4bd_2024
[1738013] Skipping (exists): e_07382128_12_22500_4bd_2024
[1738013] Skipping (exists): e_07412128_12_22500_4bd_2024
[1738013] Skipping (exists): e_07442128_12_22500_4bd_2024
[1738013] Skipping (exists): e_07472128_12_22500_4bd_2024
[1738013] Skipping (exists): e_07502128_12_22500_4bd_2024
[1738013] Skipping (exists): e_07532128_12_22500_4bd_2024
[1738013] Skipping (exists): e_07562128_12_22500_4bd_2024
[1738013] Skipping (exists): e_07592128_12_22500_4bd_2024
[1738013] Skipping (exists): e_07622128_12_22500_4bd_2024
[1738013] Skipping (exists): e_07652128_12_22500_4bd_2024
[1738013] Skipping (exists): e_07682128_12_22500_4bd_2024
[1738013] Skipping (exists): e_06932130_12_22500_4bd_2024
[1738013] Skipping (exists): e_06962130_12_22500_4bd_2024
[1738013] Skipping (exists): e_06992130_12_22500_4bd_2024
[1738013] Skipping (exists): e_07022130_12_22500_4bd_2024
[1738013] Skipping (exists): e_07052130_12_22500_4bd_2024
[1738013] Skipping (exists): e_07082130_12_22500_4bd_2024
[1738013] Skipping (exists): e_07112130_12_22500_4bd_2024
[1738013] Skipping (exists): e_07142130_12_22500_4bd_2024
[1738013] Skipping (exists): e_07172130_12_22500_4bd_2024
[1738013] Skipping (exists): e_07202130_12_22500_4bd_2024
[1738013] Skipping (exists): e_07232130_12_22500_4bd_2024
[1738013] Skipping (exists): e_07262130_12_22500_4bd_2024
[1738013] Skipping (exists): e_07292130_12_22500_4bd_2024
[1738013] Skipping (exists): e_07322130_12_22500_4bd_2024
[1738013] Skipping (exists): e_07352130_12_22500_4bd_2024
[1738013] Skipping (exists): e_07382130_12_22500_4bd_2024
[1738013] Skipping (exists): e_07412130_12_22500_4bd_2024
[1738013] Skipping (exists): e_07442130_12_22500_4bd_2024
[1738013] Skipping (exists): e_07472130_12_22500_4bd_2024
[1738013] Skipping (exists): e_07502130_12_22500_4bd_2024
[1738013] Skipping (exists): e_07532130_12_22500_4bd_2024
[1738013] Skipping (exists): e_07562130_12_22500_4bd_2024
[1738013] Skipping (exists): e_07592130_12_22500_4bd_2024
[1738013] Skipping (exists): e_07622130_12_22500_4bd_2024
[1738013] Skipping (exists): e_07652130_12_22500_4bd_2024
[1738013] Skipping (exists): e_07682130_12_22500_4bd_2024
[1738013] Skipping (exists): e_06932132_12_22500_4bd_2024
[1738013] Skipping (exists): e_06962132_12_22500_4bd_2024
[1738013] Skipping (exists): e_06992132_12_22500_4bd_2024
[1738013] Skipping (exists): e_07022132_12_22500_4bd_2024
[1738013] Skipping (exists): e_07052132_12_22500_4bd_2024
[1738013] Skipping (exists): e_07082132_12_22500_4bd_2024
[1738013] Skipping (exists): e_07112132_12_22500_4bd_2024
[1738013] Skipping (exists): e_07142132_12_22500_4bd_2024
[1738013] Skipping (exists): e_07172132_12_22500_4bd_2024
[1738013] Skipping (exists): e_07202132_12_22500_4bd_2024
[1738013] Skipping (exists): e_07232132_12_22500_4bd_2024
[1738013] Skipping (exists): e_07262132_12_22500_4bd_2024
[1738013] Skipping (exists): e_07292132_12_22500_4bd_2024
[1738013] Skipping (exists): e_07322132_12_22500_4bd_2024
[1738013] Skipping (exists): e_07352132_12_22500_4bd_2024
[1738013] Skipping (exists): e_07382132_12_22500_4bd_2024
[1738013] Skipping (exists): e_07412132_12_22500_4bd_2024
[1738013] Skipping (exists): e_07442132_12_22500_4bd_2024
[1738013] Skipping (exists): e_07472132_12_22500_4bd_2024
[1738013] Skipping (exists): e_07502132_12_22500_4bd_2024
[1738013] Skipping (exists): e_07532132_12_22500_4bd_2024
[1738013] Skipping (exists): e_07562132_12_22500_4bd_2024
[1738013] Skipping (exists): e_07592132_12_22500_4bd_2024
[1738013] Skipping (exists): e_07622132_12_22500_4bd_2024
[1738013] Skipping (exists): e_07652132_12_22500_4bd_2024
[1738013] Skipping (exists): e_06932134_12_22500_4bd_2024
[1738013] Skipping (exists): e_06962134_12_22500_4bd_2024
[1738013] Skipping (exists): e_06992134_12_22500_4bd_2024
[1738013] Skipping (exists): e_07022134_12_22500_4bd_2024
[1738013] Skipping (exists): e_07052134_12_22500_4bd_2024
[1738013] Skipping (exists): e_07082134_12_22500_4bd_2024
[1738013] Skipping (exists): e_07112134_12_22500_4bd_2024
[1738013] Skipping (exists): e_07142134_12_22500_4bd_2024
[1738013] Skipping (exists): e_07172134_12_22500_4bd_2024
[1738013] Skipping (exists): e_07202134_12_22500_4bd_2024
[1738013] Skipping (exists): e_07232134_12_22500_4bd_2024
[1738013] Skipping (exists): e_07262134_12_22500_4bd_2024
[1738013] Skipping (exists): e_07292134_12_22500_4bd_2024
[1738013] Skipping (exists): e_07322134_12_22500_4bd_2024
[1738013] Skipping (exists): e_07352134_12_22500_4bd_2024
[1738013] Skipping (exists): e_07382134_12_22500_4bd_2024
[1738013] Skipping (exists): e_07412134_12_22500_4bd_2024
[1738013] Skipping (exists): e_07442134_12_22500_4bd_2024
[1738013] Skipping (exists): e_07472134_12_22500_4bd_2024
[1738013] Skipping (exists): e_07502134_12_22500_4bd_2024
[1738013] Skipping (exists): e_07532134_12_22500_4bd_2024
[1738013] Skipping (exists): e_07562134_12_22500_4bd_2024
[1738013] Skipping (exists): e_07592134_12_22500_4bd_2024
[1738013] Skipping (exists): e_07622134_12_22500_4bd_2024
[1738013] Skipping (exists): e_07652134_12_22500_4bd_2024
[1738013] Skipping (exists): e_07802134_12_22500_4bd_2024
[1738013] Skipping (exists): e_06932136_12_22500_4bd_2024
[1738013] Skipping (exists): e_06962136_12_22500_4bd_2024
[1738013] Skipping (exists): e_06992136_12_22500_4bd_2024
[1738013] Skipping (exists): e_07022136_12_22500_4bd_2024
[1738013] Skipping (exists): e_07052136_12_22500_4bd_2024
[1738013] Skipping (exists): e_07082136_12_22500_4bd_2024
[1738013] Skipping (exists): e_07112136_12_22500_4bd_2024
[1738013] Skipping (exists): e_07142136_12_22500_4bd_2024
[1738013] Skipping (exists): e_07172136_12_22500_4bd_2024
[1738013] Skipping (exists): e_07202136_12_22500_4bd_2024
[1738013] Skipping (exists): e_07232136_12_22500_4bd_2024
[1738013] Skipping (exists): e_07262136_12_22500_4bd_2024
[1738013] Skipping (exists): e_07292136_12_22500_4bd_2024
[1738013] Skipping (exists): e_07322136_12_22500_4bd_2024
[1738013] Skipping (exists): e_07352136_12_22500_4bd_2024
[1738013] Skipping (exists): e_07382136_12_22500_4bd_2024
[1738013] Skipping (exists): e_07412136_12_22500_4bd_2024
[1738013] Skipping (exists): e_07442136_12_22500_4bd_2024
[1738013] Skipping (exists): e_07472136_12_22500_4bd_2024
[1738013] Skipping (exists): e_07502136_12_22500_4bd_2024
[1738013] Skipping (exists): e_07532136_12_22500_4bd_2024
[1738013] Skipping (exists): e_07562136_12_22500_4bd_2024
[1738013] Skipping (exists): e_07592136_12_22500_4bd_2024
[1738013] Skipping (exists): e_07622136_12_22500_4bd_2024
[1738013] Skipping (exists): e_07652136_12_22500_4bd_2024
[1738013] Skipping (exists): e_07772136_12_22500_4bd_2024
[1738013] Skipping (exists): e_07802136_12_22500_4bd_2024
[1738013] Skipping (exists): e_07832136_12_22500_4bd_2024
[1738013] Skipping (exists): e_06932138_12_22500_4bd_2024
[1738013] Skipping (exists): e_06962138_12_22500_4bd_2024
[1738013] Skipping (exists): e_06992138_12_22500_4bd_2024
[1738013] Skipping (exists): e_07022138_12_22500_4bd_2024
[1738013] Skipping (exists): e_07052138_12_22500_4bd_2024
[1738013] Skipping (exists): e_07082138_12_22500_4bd_2024
[1738013] Skipping (exists): e_07112138_12_22500_4bd_2024
[1738013] Skipping (exists): e_07142138_12_22500_4bd_2024
[1738013] Skipping (exists): e_07172138_12_22500_4bd_2024
[1738013] Skipping (exists): e_07202138_12_22500_4bd_2024
[1738013] Skipping (exists): e_07232138_12_22500_4bd_2024
[1738013] Skipping (exists): e_07262138_12_22500_4bd_2024
[1738013] Skipping (exists): e_07292138_12_22500_4bd_2024
[1738013] Skipping (exists): e_07322138_12_22500_4bd_2024
[1738013] Skipping (exists): e_07352138_12_22500_4bd_2024
[1738013] Skipping (exists): e_07382138_12_22500_4bd_2024
[1738013] Skipping (exists): e_07412138_12_22500_4bd_2024
[1738013] Skipping (exists): e_07442138_12_22500_4bd_2024
[1738013] Skipping (exists): e_07472138_12_22500_4bd_2024
[1738013] Skipping (exists): e_07502138_12_22500_4bd_2024
[1738013] Skipping (exists): e_07532138_12_22500_4bd_2024
[1738013] Skipping (exists): e_07562138_12_22500_4bd_2024
[1738013] Skipping (exists): e_07592138_12_22500_4bd_2024
[1738013] Skipping (exists): e_07622138_12_22500_4bd_2024
[1738013] Skipping (exists): e_07652138_12_22500_4bd_2024
[1738013] Skipping (exists): e_07772138_12_22500_4bd_2024
[1738013] Skipping (exists): e_07802138_12_22500_4bd_2024
[1738013] Skipping (exists): e_07832138_12_22500_4bd_2024
[1738013] Skipping (exists): e_06932140_12_22500_4bd_2024
[1738013] Skipping (exists): e_06962140_12_22500_4bd_2024
[1738013] Skipping (exists): e_06992140_12_22500_4bd_2024
[1738013] Skipping (exists): e_07022140_12_22500_4bd_2024
[1738013] Skipping (exists): e_07052140_12_22500_4bd_2024
[1738013] Skipping (exists): e_07082140_12_22500_4bd_2024
[1738013] Skipping (exists): e_07112140_12_22500_4bd_2024
[1738013] Skipping (exists): e_07142140_12_22500_4bd_2024
[1738013] Skipping (exists): e_07172140_12_22500_4bd_2024
[1738013] Skipping (exists): e_07202140_12_22500_4bd_2024
[1738013] Skipping (exists): e_07232140_12_22500_4bd_2024
[1738013] Skipping (exists): e_07262140_12_22500_4bd_2024
[1738013] Skipping (exists): e_07292140_12_22500_4bd_2024
[1738013] Skipping (exists): e_07322140_12_22500_4bd_2024
[1738013] Skipping (exists): e_07352140_12_22500_4bd_2024
[1738013] Skipping (exists): e_07382140_12_22500_4bd_2024
[1738013] Skipping (exists): e_07412140_12_22500_4bd_2024
[1738013] Skipping (exists): e_07442140_12_22500_4bd_2024
[1738013] Skipping (exists): e_07472140_12_22500_4bd_2024
[1738013] Skipping (exists): e_07502140_12_22500_4bd_2024
[1738013] Skipping (exists): e_07532140_12_22500_4bd_2024
[1738013] Skipping (exists): e_07562140_12_22500_4bd_2024
[1738013] Skipping (exists): e_07592140_12_22500_4bd_2024
[1738013] Skipping (exists): e_07622140_12_22500_4bd_2024
[1738013] Skipping (exists): e_07652140_12_22500_4bd_2024
[1738013] Skipping (exists): e_07742140_12_22500_4bd_2024
[1738013] Skipping (exists): e_07772140_12_22500_4bd_2024
[1738013] Skipping (exists): e_07802140_12_22500_4bd_2024
[1738013] Skipping (exists): e_07832140_12_22500_4bd_2024
[1738013] Skipping (exists): e_06932142_12_22500_4bd_2024
[1738013] Skipping (exists): e_06962142_12_22500_4bd_2024
[1738013] Skipping (exists): e_06992142_12_22500_4bd_2024
[1738013] Skipping (exists): e_07022142_12_22500_4bd_2024
[1738013] Skipping (exists): e_07052142_12_22500_4bd_2024
[1738013] Skipping (exists): e_07082142_12_22500_4bd_2024
[1738013] Skipping (exists): e_07112142_12_22500_4bd_2024
[1738013] Skipping (exists): e_07142142_12_22500_4bd_2024
[1738013] Skipping (exists): e_07172142_12_22500_4bd_2024
[1738013] Skipping (exists): e_07202142_12_22500_4bd_2024
[1738013] Skipping (exists): e_07232142_12_22500_4bd_2024
[1738013] Skipping (exists): e_07262142_12_22500_4bd_2024
[1738013] Skipping (exists): e_07292142_12_22500_4bd_2024
[1738013] Skipping (exists): e_07322142_12_22500_4bd_2024
[1738013] Skipping (exists): e_07352142_12_22500_4bd_2024
[1738013] Skipping (exists): e_07382142_12_22500_4bd_2024
[1738013] Skipping (exists): e_07412142_12_22500_4bd_2024
[1738013] Skipping (exists): e_07442142_12_22500_4bd_2024
[1738013] Skipping (exists): e_07472142_12_22500_4bd_2024
[1738013] Skipping (exists): e_07502142_12_22500_4bd_2024
[1738013] Skipping (exists): e_07532142_12_22500_4bd_2024
[1738013] Skipping (exists): e_07562142_12_22500_4bd_2024
[1738013] Skipping (exists): e_07592142_12_22500_4bd_2024
[1738013] Skipping (exists): e_07622142_12_22500_4bd_2024
[1738013] Skipping (exists): e_07652142_12_22500_4bd_2024
[1738013] Skipping (exists): e_07742142_12_22500_4bd_2024
[1738013] Skipping (exists): e_07772142_12_22500_4bd_2024
[1738013] Skipping (exists): e_07802142_12_22500_4bd_2024
[1738013] Skipping (exists): e_07832142_12_22500_4bd_2024
[1738013] Skipping (exists): e_06932144_12_22500_4bd_2024
[1738013] Skipping (exists): e_06962144_12_22500_4bd_2024
[1738013] Skipping (exists): e_06992144_12_22500_4bd_2024
[1738013] Skipping (exists): e_07022144_12_22500_4bd_2024
[1738013] Skipping (exists): e_07052144_12_22500_4bd_2024
[1738013] Skipping (exists): e_07082144_12_22500_4bd_2024
[1738013] Skipping (exists): e_07112144_12_22500_4bd_2024
[1738013] Skipping (exists): e_07142144_12_22500_4bd_2024
[1738013] Skipping (exists): e_07172144_12_22500_4bd_2024
[1738013] Skipping (exists): e_07202144_12_22500_4bd_2024
[1738013] Skipping (exists): e_07232144_12_22500_4bd_2024
[1738013] Skipping (exists): e_07262144_12_22500_4bd_2024
[1738013] Skipping (exists): e_07292144_12_22500_4bd_2024
[1738013] Skipping (exists): e_07322144_12_22500_4bd_2024
[1738013] Skipping (exists): e_07352144_12_22500_4bd_2024
[1738013] Skipping (exists): e_07382144_12_22500_4bd_2024
[1738013] Skipping (exists): e_07412144_12_22500_4bd_2024
[1738013] Skipping (exists): e_07442144_12_22500_4bd_2024
[1738013] Skipping (exists): e_07472144_12_22500_4bd_2024
[1738013] Skipping (exists): e_07502144_12_22500_4bd_2024
[1738013] Skipping (exists): e_07532144_12_22500_4bd_2024
[1738013] Skipping (exists): e_07562144_12_22500_4bd_2024
[1738013] Skipping (exists): e_07592144_12_22500_4bd_2024
[1738013] Skipping (exists): e_07622144_12_22500_4bd_2024
[1738013] Skipping (exists): e_07652144_12_22500_4bd_2024
[1738013] Skipping (exists): e_07682144_12_22500_4bd_2024
[1738013] Skipping (exists): e_07712144_12_22500_4bd_2024
[1738013] Skipping (exists): e_07742144_12_22500_4bd_2024
[1738013] Skipping (exists): e_07772144_12_22500_4bd_2024
[1738013] Skipping (exists): e_07802144_12_22500_4bd_2024
[1738013] Skipping (exists): e_07832144_12_22500_4bd_2024
[1738013] Skipping (exists): e_06932146_12_22500_4bd_2024
[1738013] Skipping (exists): e_06962146_12_22500_4bd_2024
[1738013] Skipping (exists): e_06992146_12_22500_4bd_2024
[1738013] Skipping (exists): e_07022146_12_22500_4bd_2024
[1738013] Skipping (exists): e_07052146_12_22500_4bd_2024
[1738013] Skipping (exists): e_07082146_12_22500_4bd_2024
[1738013] Skipping (exists): e_07112146_12_22500_4bd_2024
[1738013] Skipping (exists): e_07142146_12_22500_4bd_2024
[1738013] Skipping (exists): e_07172146_12_22500_4bd_2024
[1738013] Skipping (exists): e_07202146_12_22500_4bd_2024
[1738013] Skipping (exists): e_07232146_12_22500_4bd_2024
[1738013] Skipping (exists): e_07262146_12_22500_4bd_2024
[1738013] Skipping (exists): e_07292146_12_22500_4bd_2024
[1738013] Skipping (exists): e_07322146_12_22500_4bd_2024
[1738013] Skipping (exists): e_07352146_12_22500_4bd_2024
[1738013] Skipping (exists): e_07382146_12_22500_4bd_2024
[1738013] Skipping (exists): e_07412146_12_22500_4bd_2024
[1738013] Skipping (exists): e_07442146_12_22500_4bd_2024
[1738013] Skipping (exists): e_07472146_12_22500_4bd_2024
[1738013] Skipping (exists): e_07502146_12_22500_4bd_2024
[1738013] Skipping (exists): e_07532146_12_22500_4bd_2024
[1738013] Skipping (exists): e_07562146_12_22500_4bd_2024
[1738013] Skipping (exists): e_07592146_12_22500_4bd_2024
[1738013] Skipping (exists): e_07622146_12_22500_4bd_2024
[1738013] Skipping (exists): e_07652146_12_22500_4bd_2024
[1738013] Skipping (exists): e_07682146_12_22500_4bd_2024
[1738013] Skipping (exists): e_07712146_12_22500_4bd_2024
[1738013] Skipping (exists): e_07742146_12_22500_4bd_2024
[1738013] Skipping (exists): e_07772146_12_22500_4bd_2024
[1738013] Skipping (exists): e_07802146_12_22500_4bd_2024
[1738013] Skipping (exists): e_07832146_12_22500_4bd_2024
[1738013] Skipping (exists): e_06932148_12_22500_4bd_2024
[1738013] Skipping (exists): e_06962148_12_22500_4bd_2024
[1738013] Skipping (exists): e_06992148_12_22500_4bd_2024
[1738013] Skipping (exists): e_07022148_12_22500_4bd_2024
[1738013] Skipping (exists): e_07052148_12_22500_4bd_2024
[1738013] Skipping (exists): e_07082148_12_22500_4bd_2024
[1738013] Skipping (exists): e_07112148_12_22500_4bd_2024
[1738013] Skipping (exists): e_07142148_12_22500_4bd_2024
[1738013] Skipping (exists): e_07172148_12_22500_4bd_2024
[1738013] Skipping (exists): e_07202148_12_22500_4bd_2024
[1738013] Skipping (exists): e_07232148_12_22500_4bd_2024
[1738013] Skipping (exists): e_07262148_12_22500_4bd_2024
[1738013] Skipping (exists): e_07292148_12_22500_4bd_2024
[1738013] Skipping (exists): e_07322148_12_22500_4bd_2024
[1738013] Skipping (exists): e_07352148_12_22500_4bd_2024
[1738013] Skipping (exists): e_07382148_12_22500_4bd_2024
[1738013] Skipping (exists): e_07412148_12_22500_4bd_2024
[1738013] Skipping (exists): e_07442148_12_22500_4bd_2024
[1738013] Skipping (exists): e_07472148_12_22500_4bd_2024
[1738013] Skipping (exists): e_07502148_12_22500_4bd_2024
[1738013] Skipping (exists): e_07532148_12_22500_4bd_2024
[1738013] Skipping (exists): e_07562148_12_22500_4bd_2024
[1738013] Skipping (exists): e_07592148_12_22500_4bd_2024
[1738013] Skipping (exists): e_07622148_12_22500_4bd_2024
[1738013] Skipping (exists): e_07652148_12_22500_4bd_2024
[1738013] Skipping (exists): e_07682148_12_22500_4bd_2024
[1738013] Skipping (exists): e_07712148_12_22500_4bd_2024
[1738013] Skipping (exists): e_07742148_12_22500_4bd_2024
[1738013] Skipping (exists): e_07772148_12_22500_4bd_2024
[1738013] Skipping (exists): e_07802148_12_22500_4bd_2024
[1738013] Skipping (exists): e_07832148_12_22500_4bd_2024
[1738013] Skipping (exists): e_06932150_12_22500_4bd_2024
[1738013] Skipping (exists): e_06962150_12_22500_4bd_2024
[1738013] Skipping (exists): e_06992150_12_22500_4bd_2024
[1738013] Skipping (exists): e_07022150_12_22500_4bd_2024
[1738013] Skipping (exists): e_07052150_12_22500_4bd_2024
[1738013] Skipping (exists): e_07082150_12_22500_4bd_2024
[1738013] Skipping (exists): e_07112150_12_22500_4bd_2024
[1738013] Skipping (exists): e_07142150_12_22500_4bd_2024
[1738013] Skipping (exists): e_07172150_12_22500_4bd_2024
[1738013] Skipping (exists): e_07202150_12_22500_4bd_2024
[1738013] Skipping (exists): e_07232150_12_22500_4bd_2024
[1738013] Skipping (exists): e_07262150_12_22500_4bd_2024
[1738013] Skipping (exists): e_07292150_12_22500_4bd_2024
[1738013] Skipping (exists): e_07322150_12_22500_4bd_2024
[1738013] Skipping (exists): e_07352150_12_22500_4bd_2024
[1738013] Skipping (exists): e_07382150_12_22500_4bd_2024
[1738013] Skipping (exists): e_07412150_12_22500_4bd_2024
[1738013] Skipping (exists): e_07442150_12_22500_4bd_2024
[1738013] Skipping (exists): e_07472150_12_22500_4bd_2024
[1738013] Skipping (exists): e_07502150_12_22500_4bd_2024
[1738013] Skipping (exists): e_07532150_12_22500_4bd_2024
[1738013] Skipping (exists): e_07562150_12_22500_4bd_2024
[1738013] Skipping (exists): e_07592150_12_22500_4bd_2024
[1738013] Skipping (exists): e_07622150_12_22500_4bd_2024
[1738013] Skipping (exists): e_07652150_12_22500_4bd_2024
[1738013] Skipping (exists): e_07682150_12_22500_4bd_2024
[1738013] Skipping (exists): e_07712150_12_22500_4bd_2024
[1738013] Skipping (exists): e_07742150_12_22500_4bd_2024
[1738013] Skipping (exists): e_07772150_12_22500_4bd_2024
[1738013] Skipping (exists): e_07802150_12_22500_4bd_2024
[1738013] Skipping (exists): e_06932152_12_22500_4bd_2024
[1738013] Skipping (exists): e_06962152_12_22500_4bd_2024
[1738013] Skipping (exists): e_06992152_12_22500_4bd_2024
[1738013] Skipping (exists): e_07022152_12_22500_4bd_2024
[1738013] Skipping (exists): e_07052152_12_22500_4bd_2024
[1738013] Skipping (exists): e_07082152_12_22500_4bd_2024
[1738013] Skipping (exists): e_07112152_12_22500_4bd_2024
[1738013] Skipping (exists): e_07142152_12_22500_4bd_2024
[1738013] Skipping (exists): e_07172152_12_22500_4bd_2024
[1738013] Skipping (exists): e_07202152_12_22500_4bd_2024
[1738013] Skipping (exists): e_07232152_12_22500_4bd_2024
[1738013] Skipping (exists): e_07262152_12_22500_4bd_2024
[1738013] Skipping (exists): e_07292152_12_22500_4bd_2024
[1738013] Skipping (exists): e_07322152_12_22500_4bd_2024
[1738013] Skipping (exists): e_07352152_12_22500_4bd_2024
[1738013] Skipping (exists): e_07382152_12_22500_4bd_2024
[1738013] Skipping (exists): e_07412152_12_22500_4bd_2024
[1738013] Skipping (exists): e_07442152_12_22500_4bd_2024
[1738013] Skipping (exists): e_07472152_12_22500_4bd_2024
[1738013] Skipping (exists): e_07502152_12_22500_4bd_2024
[1738013] Skipping (exists): e_07532152_12_22500_4bd_2024
[1738013] Skipping (exists): e_07562152_12_22500_4bd_2024
[1738013] Skipping (exists): e_07592152_12_22500_4bd_2024
[1738013] Skipping (exists): e_07622152_12_22500_4bd_2024
[1738013] Skipping (exists): e_07652152_12_22500_4bd_2024
[1738013] Skipping (exists): e_07682152_12_22500_4bd_2024
[1738013] Skipping (exists): e_07712152_12_22500_4bd_2024
[1738013] Skipping (exists): e_07742152_12_22500_4bd_2024
[1738013] Skipping (exists): e_07772152_12_22500_4bd_2024
[1738013] Skipping (exists): e_06932154_12_22500_4bd_2024
[1738013] Skipping (exists): e_06962154_12_22500_4bd_2024
[1738013] Skipping (exists): e_06992154_12_22500_4bd_2024
[1738013] Skipping (exists): e_07022154_12_22500_4bd_2024
[1738013] Skipping (exists): e_07052154_12_22500_4bd_2024
[1738013] Skipping (exists): e_07082154_12_22500_4bd_2024
[1738013] Skipping (exists): e_07112154_12_22500_4bd_2024
[1738013] Skipping (exists): e_07142154_12_22500_4bd_2024
[1738013] Skipping (exists): e_07172154_12_22500_4bd_2024
[1738013] Skipping (exists): e_07202154_12_22500_4bd_2024
[1738013] Skipping (exists): e_07232154_12_22500_4bd_2024
[1738013] Skipping (exists): e_07262154_12_22500_4bd_2024
[1738013] Skipping (exists): e_07292154_12_22500_4bd_2024
[1738013] Skipping (exists): e_07322154_12_22500_4bd_2024
[1738013] Skipping (exists): e_07352154_12_22500_4bd_2024
[1738013] Skipping (exists): e_07382154_12_22500_4bd_2024
[1738013] Skipping (exists): e_07412154_12_22500_4bd_2024
[1738013] Skipping (exists): e_07442154_12_22500_4bd_2024
[1738013] Skipping (exists): e_07472154_12_22500_4bd_2024
[1738013] Skipping (exists): e_07502154_12_22500_4bd_2024
[1738013] Skipping (exists): e_07532154_12_22500_4bd_2024
[1738013] Skipping (exists): e_07562154_12_22500_4bd_2024
[1738013] Skipping (exists): e_07592154_12_22500_4bd_2024
[1738013] Skipping (exists): e_07622154_12_22500_4bd_2024
[1738013] Skipping (exists): e_07652154_12_22500_4bd_2024
[1738013] Skipping (exists): e_07682154_12_22500_4bd_2024
[1738013] Skipping (exists): e_07712154_12_22500_4bd_2024
[1738013] Skipping (exists): e_07742154_12_22500_4bd_2024
[1738013] Skipping (exists): e_07772154_12_22500_4bd_2024
[1738013] Skipping (exists): e_06962156_12_22500_4bd_2024
[1738013] Skipping (exists): e_06992156_12_22500_4bd_2024
[1738013] Skipping (exists): e_07022156_12_22500_4bd_2024
[1738013] Skipping (exists): e_07052156_12_22500_4bd_2024
[1738013] Skipping (exists): e_07082156_12_22500_4bd_2024
[1738013] Skipping (exists): e_07112156_12_22500_4bd_2024
[1738013] Skipping (exists): e_07142156_12_22500_4bd_2024
[1738013] Skipping (exists): e_07172156_12_22500_4bd_2024
[1738013] Skipping (exists): e_07202156_12_22500_4bd_2024
[1738013] Skipping (exists): e_07232156_12_22500_4bd_2024
[1738013] Skipping (exists): e_07262156_12_22500_4bd_2024
[1738013] Skipping (exists): e_07292156_12_22500_4bd_2024
[1738013] Skipping (exists): e_07322156_12_22500_4bd_2024
[1738013] Skipping (exists): e_07352156_12_22500_4bd_2024
[1738013] Skipping (exists): e_07382156_12_22500_4bd_2024
[1738013] Skipping (exists): e_07412156_12_22500_4bd_2024
[1738013] Skipping (exists): e_07442156_12_22500_4bd_2024
[1738013] Skipping (exists): e_07472156_12_22500_4bd_2024
[1738013] Skipping (exists): e_07502156_12_22500_4bd_2024
[1738013] Skipping (exists): e_07532156_12_22500_4bd_2024
[1738013] Skipping (exists): e_07562156_12_22500_4bd_2024
[1738013] Skipping (exists): e_07592156_12_22500_4bd_2024
[1738013] Skipping (exists): e_07622156_12_22500_4bd_2024
[1738013] Skipping (exists): e_07652156_12_22500_4bd_2024
[1738013] Skipping (exists): e_07682156_12_22500_4bd_2024
[1738013] Skipping (exists): e_07712156_12_22500_4bd_2024
[1738013] Skipping (exists): e_07742156_12_22500_4bd_2024
[1738013] Skipping (exists): e_06992158_12_22500_4bd_2024
[1738013] Skipping (exists): e_07022158_12_22500_4bd_2024
[1738013] Skipping (exists): e_07052158_12_22500_4bd_2024
[1738013] Skipping (exists): e_07082158_12_22500_4bd_2024
[1738013] Skipping (exists): e_07112158_12_22500_4bd_2024
[1738013] Skipping (exists): e_07142158_12_22500_4bd_2024
[1738013] Skipping (exists): e_07172158_12_22500_4bd_2024
[1738013] Skipping (exists): e_07202158_12_22500_4bd_2024
[1738013] Skipping (exists): e_07232158_12_22500_4bd_2024
[1738013] Skipping (exists): e_07262158_12_22500_4bd_2024
[1738013] Skipping (exists): e_07292158_12_22500_4bd_2024
[1738013] Skipping (exists): e_07322158_12_22500_4bd_2024
[1738013] Skipping (exists): e_07352158_12_22500_4bd_2024
[1738013] Skipping (exists): e_07382158_12_22500_4bd_2024
[1738013] Skipping (exists): e_07412158_12_22500_4bd_2024
[1738013] Skipping (exists): e_07442158_12_22500_4bd_2024
[1738013] Skipping (exists): e_07472158_12_22500_4bd_2024
[1738013] Skipping (exists): e_07502158_12_22500_4bd_2024
[1738013] Skipping (exists): e_07532158_12_22500_4bd_2024
[1738013] Skipping (exists): e_07562158_12_22500_4bd_2024
[1738013] Skipping (exists): e_07592158_12_22500_4bd_2024
[1738013] Skipping (exists): e_07622158_12_22500_4bd_2024
[1738013] Skipping (exists): e_07652158_12_22500_4bd_2024
[1738013] Skipping (exists): e_07682158_12_22500_4bd_2024
[1738013] Skipping (exists): e_07712158_12_22500_4bd_2024
[1738013] Skipping (exists): e_07742158_12_22500_4bd_2024
[1738013] Skipping (exists): e_07052160_12_22500_4bd_2024
[1738013] Skipping (exists): e_07082160_12_22500_4bd_2024
[1738013] Skipping (exists): e_07112160_12_22500_4bd_2024
[1738013] Skipping (exists): e_07142160_12_22500_4bd_2024
[1738013] Skipping (exists): e_07172160_12_22500_4bd_2024
[1738013] Skipping (exists): e_07202160_12_22500_4bd_2024
[1738013] Skipping (exists): e_07232160_12_22500_4bd_2024
[1738013] Skipping (exists): e_07262160_12_22500_4bd_2024
[1738013] Skipping (exists): e_07292160_12_22500_4bd_2024
[1738013] Skipping (exists): e_07322160_12_22500_4bd_2024
[1738013] Skipping (exists): e_07352160_12_22500_4bd_2024
[1738013] Skipping (exists): e_07382160_12_22500_4bd_2024
[1738013] Skipping (exists): e_07412160_12_22500_4bd_2024
[1738013] Skipping (exists): e_07442160_12_22500_4bd_2024
[1738013] Skipping (exists): e_07472160_12_22500_4bd_2024
[1738013] Skipping (exists): e_07502160_12_22500_4bd_2024
[1738013] Skipping (exists): e_07532160_12_22500_4bd_2024
[1738013] Skipping (exists): e_07562160_12_22500_4bd_2024
[1738013] Skipping (exists): e_07592160_12_22500_4bd_2024
[1738013] Skipping (exists): e_07622160_12_22500_4bd_2024
[1738013] Skipping (exists): e_07652160_12_22500_4bd_2024
[1738013] Skipping (exists): e_07682160_12_22500_4bd_2024
[1738013] Skipping (exists): e_07712160_12_22500_4bd_2024
[1738013] Skipping (exists): e_07742160_12_22500_4bd_2024
[1738013] Skipping (exists): e_07082162_12_22500_4bd_2024
[1738013] Skipping (exists): e_07112162_12_22500_4bd_2024
[1738013] Skipping (exists): e_07142162_12_22500_4bd_2024
[1738013] Skipping (exists): e_07172162_12_22500_4bd_2024
[1738013] Skipping (exists): e_07202162_12_22500_4bd_2024
[1738013] Skipping (exists): e_07232162_12_22500_4bd_2024
[1738013] Skipping (exists): e_07262162_12_22500_4bd_2024
[1738013] Skipping (exists): e_07292162_12_22500_4bd_2024
[1738013] Skipping (exists): e_07322162_12_22500_4bd_2024
[1738013] Skipping (exists): e_07352162_12_22500_4bd_2024
[1738013] Skipping (exists): e_07382162_12_22500_4bd_2024
[1738013] Skipping (exists): e_07412162_12_22500_4bd_2024
[1738013] Skipping (exists): e_07442162_12_22500_4bd_2024
[1738013] Skipping (exists): e_07472162_12_22500_4bd_2024
[1738013] Skipping (exists): e_07502162_12_22500_4bd_2024
[1738013] Skipping (exists): e_07532162_12_22500_4bd_2024
[1738013] Skipping (exists): e_07562162_12_22500_4bd_2024
[1738013] Skipping (exists): e_07592162_12_22500_4bd_2024
[1738013] Skipping (exists): e_07622162_12_22500_4bd_2024
[1738013] Skipping (exists): e_07652162_12_22500_4bd_2024
[1738013] Skipping (exists): e_07682162_12_22500_4bd_2024
[1738013] Skipping (exists): e_07712162_12_22500_4bd_2024
[1738013] Skipping (exists): e_07742162_12_22500_4bd_2024
[1738013] Skipping (exists): e_07802162_12_22500_4bd_2024
[1738013] Skipping (exists): e_07832162_12_22500_4bd_2024
[1738013] Skipping (exists): e_07082164_12_22500_4bd_2024
[1738013] Skipping (exists): e_07112164_12_22500_4bd_2024
[1738013] Skipping (exists): e_07142164_12_22500_4bd_2024
[1738013] Skipping (exists): e_07172164_12_22500_4bd_2024
[1738013] Skipping (exists): e_07202164_12_22500_4bd_2024
[1738013] Skipping (exists): e_07232164_12_22500_4bd_2024
[1738013] Skipping (exists): e_07262164_12_22500_4bd_2024
[1738013] Skipping (exists): e_07292164_12_22500_4bd_2024
[1738013] Skipping (exists): e_07322164_12_22500_4bd_2024
[1738013] Skipping (exists): e_07352164_12_22500_4bd_2024
[1738013] Skipping (exists): e_07382164_12_22500_4bd_2024
[1738013] Skipping (exists): e_07412164_12_22500_4bd_2024
[1738013] Skipping (exists): e_07442164_12_22500_4bd_2024
[1738013] Skipping (exists): e_07472164_12_22500_4bd_2024
[1738013] Skipping (exists): e_07502164_12_22500_4bd_2024
[1738013] Skipping (exists): e_07532164_12_22500_4bd_2024
[1738013] Skipping (exists): e_07562164_12_22500_4bd_2024
[1738013] Skipping (exists): e_07592164_12_22500_4bd_2024
[1738013] Skipping (exists): e_07622164_12_22500_4bd_2024
[1738013] Skipping (exists): e_07652164_12_22500_4bd_2024
[1738013] Skipping (exists): e_07682164_12_22500_4bd_2024
[1738013] Skipping (exists): e_07712164_12_22500_4bd_2024
[1738013] Skipping (exists): e_07742164_12_22500_4bd_2024
[1738013] Skipping (exists): e_07772164_12_22500_4bd_2024
[1738013] Skipping (exists): e_07802164_12_22500_4bd_2024
[1738013] Skipping (exists): e_07832164_12_22500_4bd_2024
[1738013] Skipping (exists): e_07112166_12_22500_4bd_2024
[1738013] Skipping (exists): e_07142166_12_22500_4bd_2024
[1738013] Skipping (exists): e_07172166_12_22500_4bd_2024
[1738013] Skipping (exists): e_07202166_12_22500_4bd_2024
[1738013] Skipping (exists): e_07232166_12_22500_4bd_2024
[1738013] Skipping (exists): e_07262166_12_22500_4bd_2024
[1738013] Skipping (exists): e_07292166_12_22500_4bd_2024
[1738013] Skipping (exists): e_07322166_12_22500_4bd_2024
[1738013] Skipping (exists): e_07352166_12_22500_4bd_2024
[1738013] Skipping (exists): e_07382166_12_22500_4bd_2024
[1738013] Skipping (exists): e_07412166_12_22500_4bd_2024
[1738013] Skipping (exists): e_07442166_12_22500_4bd_2024
[1738013] Skipping (exists): e_07472166_12_22500_4bd_2024
[1738013] Skipping (exists): e_07502166_12_22500_4bd_2024
[1738013] Skipping (exists): e_07532166_12_22500_4bd_2024
[1738013] Skipping (exists): e_07562166_12_22500_4bd_2024
[1738013] Skipping (exists): e_07592166_12_22500_4bd_2024
[1738013] Skipping (exists): e_07622166_12_22500_4bd_2024
[1738013] Skipping (exists): e_07652166_12_22500_4bd_2024
[1738013] Skipping (exists): e_07682166_12_22500_4bd_2024
[1738013] Skipping (exists): e_07712166_12_22500_4bd_2024
[1738013] Skipping (exists): e_07742166_12_22500_4bd_2024
[1738013] Skipping (exists): e_07772166_12_22500_4bd_2024
[1738013] Skipping (exists): e_07802166_12_22500_4bd_2024
[1738013] Skipping (exists): e_07832166_12_22500_4bd_2024
[1738013] Skipping (exists): e_07112168_12_22500_4bd_2024
[1738013] Skipping (exists): e_07142168_12_22500_4bd_2024
[1738013] Skipping (exists): e_07172168_12_22500_4bd_2024
[1738013] Skipping (exists): e_07202168_12_22500_4bd_2024
[1738013] Skipping (exists): e_07232168_12_22500_4bd_2024
[1738013] Skipping (exists): e_07262168_12_22500_4bd_2024
[1738013] Skipping (exists): e_07292168_12_22500_4bd_2024
[1738013] Skipping (exists): e_07322168_12_22500_4bd_2024
[1738013] Skipping (exists): e_07352168_12_22500_4bd_2024
[1738013] Skipping (exists): e_07382168_12_22500_4bd_2024
[1738013] Skipping (exists): e_07412168_12_22500_4bd_2024
[1738013] Skipping (exists): e_07442168_12_22500_4bd_2024
[1738013] Skipping (exists): e_07472168_12_22500_4bd_2024
[1738013] Skipping (exists): e_07502168_12_22500_4bd_2024
[1738013] Skipping (exists): e_07532168_12_22500_4bd_2024
[1738013] Skipping (exists): e_07562168_12_22500_4bd_2024
[1738013] Skipping (exists): e_07592168_12_22500_4bd_2024
[1738013] Skipping (exists): e_07622168_12_22500_4bd_2024
[1738013] Skipping (exists): e_07652168_12_22500_4bd_2024
[1738013] Skipping (exists): e_07682168_12_22500_4bd_2024
[1738013] Skipping (exists): e_07712168_12_22500_4bd_2024
[1738013] Skipping (exists): e_07742168_12_22500_4bd_2024
[1738013] Skipping (exists): e_07772168_12_22500_4bd_2024
[1738013] Skipping (exists): e_07802168_12_22500_4bd_2024
[1738013] Skipping (exists): e_07832168_12_22500_4bd_2024
[1738013] Skipping (exists): e_07862168_12_22500_4bd_2024
[1738013] Skipping (exists): e_07112170_12_22500_4bd_2024
[1738013] Skipping (exists): e_07142170_12_22500_4bd_2024
[1738013] Skipping (exists): e_07172170_12_22500_4bd_2024
[1738013] Skipping (exists): e_07202170_12_22500_4bd_2024
[1738013] Skipping (exists): e_07262170_12_22500_4bd_2024
[1738013] Skipping (exists): e_07292170_12_22500_4bd_2024
[1738013] Skipping (exists): e_07322170_12_22500_4bd_2024
[1738013] Skipping (exists): e_07352170_12_22500_4bd_2024
[1738013] Skipping (exists): e_07382170_12_22500_4bd_2024
[1738013] Skipping (exists): e_07412170_12_22500_4bd_2024
[1738013] Skipping (exists): e_07442170_12_22500_4bd_2024
[1738013] Skipping (exists): e_07472170_12_22500_4bd_2024
[1738013] Skipping (exists): e_07502170_12_22500_4bd_2024
[1738013] Skipping (exists): e_07532170_12_22500_4bd_2024
[1738013] Skipping (exists): e_07562170_12_22500_4bd_2024
[1738013] Skipping (exists): e_07592170_12_22500_4bd_2024
[1738013] Skipping (exists): e_07622170_12_22500_4bd_2024
[1738013] Skipping (exists): e_07652170_12_22500_4bd_2024
[1738013] Skipping (exists): e_07682170_12_22500_4bd_2024
[1738013] Skipping (exists): e_07712170_12_22500_4bd_2024
[1738013] Skipping (exists): e_07742170_12_22500_4bd_2024
[1738013] Skipping (exists): e_07772170_12_22500_4bd_2024
[1738013] Skipping (exists): e_07802170_12_22500_4bd_2024
[1738013] Skipping (exists): e_07832170_12_22500_4bd_2024
[1738013] Skipping (exists): e_07862170_12_22500_4bd_2024
[1738013] Skipping (exists): e_07142172_12_22500_4bd_2024
[1738013] Skipping (exists): e_07172172_12_22500_4bd_2024
[1738013] Skipping (exists): e_07322172_12_22500_4bd_2024
[1738013] Skipping (exists): e_07352172_12_22500_4bd_2024
[1738013] Skipping (exists): e_07412172_12_22500_4bd_2024
[1738013] Skipping (exists): e_07442172_12_22500_4bd_2024
[1738013] Skipping (exists): e_07472172_12_22500_4bd_2024
[1738013] Skipping (exists): e_07502172_12_22500_4bd_2024
[1738013] Skipping (exists): e_07532172_12_22500_4bd_2024
[1738013] Skipping (exists): e_07562172_12_22500_4bd_2024
[1738013] Skipping (exists): e_07592172_12_22500_4bd_2024
[1738013] Skipping (exists): e_07622172_12_22500_4bd_2024
[1738013] Skipping (exists): e_07652172_12_22500_4bd_2024
[1738013] Skipping (exists): e_07682172_12_22500_4bd_2024
[1738013] Skipping (exists): e_07712172_12_22500_4bd_2024
[1738013] Skipping (exists): e_07742172_12_22500_4bd_2024
[1738013] Skipping (exists): e_07772172_12_22500_4bd_2024
[1738013] Skipping (exists): e_07802172_12_22500_4bd_2024
[1738013] Skipping (exists): e_07832172_12_22500_4bd_2024
[1738013] Skipping (exists): e_07862172_12_22500_4bd_2024
[1738013] Skipping (exists): e_07142174_12_22500_4bd_2024
[1738013] Skipping (exists): e_07442174_12_22500_4bd_2024
[1738013] Skipping (exists): e_07472174_12_22500_4bd_2024
[1738013] Skipping (exists): e_07502174_12_22500_4bd_2024
[1738013] Skipping (exists): e_07532174_12_22500_4bd_2024
[1738013] Skipping (exists): e_07562174_12_22500_4bd_2024
[1738013] Skipping (exists): e_07592174_12_22500_4bd_2024
[1738013] Skipping (exists): e_07622174_12_22500_4bd_2024
[1738013] Skipping (exists): e_07652174_12_22500_4bd_2024
[1738013] Skipping (exists): e_07682174_12_22500_4bd_2024
[1738013] Skipping (exists): e_07712174_12_22500_4bd_2024
[1738013] Skipping (exists): e_07742174_12_22500_4bd_2024
[1738013] Skipping (exists): e_07772174_12_22500_4bd_2024
[1738013] Skipping (exists): e_07802174_12_22500_4bd_2024
[1738013] Skipping (exists): e_07832174_12_22500_4bd_2024
[1738013] Skipping (exists): e_07862174_12_22500_4bd_2024
[1738013] Skipping (exists): e_07142176_12_22500_4bd_2024
[1738013] Skipping (exists): e_07472176_12_22500_4bd_2024
[1738013] Skipping (exists): e_07502176_12_22500_4bd_2024
[1738013] Skipping (exists): e_07532176_12_22500_4bd_2024
[1738013] Skipping (exists): e_07562176_12_22500_4bd_2024
[1738013] Skipping (exists): e_07592176_12_22500_4bd_2024
[1738013] Skipping (exists): e_07622176_12_22500_4bd_2024
[1738013] Skipping (exists): e_07652176_12_22500_4bd_2024
[1738013] Skipping (exists): e_07682176_12_22500_4bd_2024
[1738013] Skipping (exists): e_07712176_12_22500_4bd_2024
[1738013] Skipping (exists): e_07742176_12_22500_4bd_2024
[1738013] Skipping (exists): e_07772176_12_22500_4bd_2024
[1738013] Skipping (exists): e_07802176_12_22500_4bd_2024
[1738013] Skipping (exists): e_07832176_12_22500_4bd_2024
[1738013] Skipping (exists): e_07862176_12_22500_4bd_2024
[1738013] Skipping (exists): e_07502178_12_22500_4bd_2024
[1738013] Skipping (exists): e_07532178_12_22500_4bd_2024
[1738013] Skipping (exists): e_07562178_12_22500_4bd_2024
[1738013] Skipping (exists): e_07592178_12_22500_4bd_2024
[1738013] Skipping (exists): e_07622178_12_22500_4bd_2024
[1738013] Skipping (exists): e_07652178_12_22500_4bd_2024
[1738013] Skipping (exists): e_07682178_12_22500_4bd_2024
[1738013] Skipping (exists): e_07712178_12_22500_4bd_2024
[1738013] Skipping (exists): e_07742178_12_22500_4bd_2024
[1738013] Skipping (exists): e_07772178_12_22500_4bd_2024
[1738013] Skipping (exists): e_07802178_12_22500_4bd_2024
[1738013] Skipping (exists): e_07832178_12_22500_4bd_2024
[1738013] Skipping (exists): e_07862178_12_22500_4bd_2024
[1738013] Skipping (exists): e_07502180_12_22500_4bd_2024
[1738013] Skipping (exists): e_07532180_12_22500_4bd_2024
[1738013] Skipping (exists): e_07562180_12_22500_4bd_2024
[1738013] Skipping (exists): e_07592180_12_22500_4bd_2024
[1738013] Skipping (exists): e_07622180_12_22500_4bd_2024
[1738013] Skipping (exists): e_07652180_12_22500_4bd_2024
[1738013] Skipping (exists): e_07682180_12_22500_4bd_2024
[1738013] Skipping (exists): e_07712180_12_22500_4bd_2024
[1738013] Skipping (exists): e_07742180_12_22500_4bd_2024
[1738013] Skipping (exists): e_07772180_12_22500_4bd_2024
[1738013] Skipping (exists): e_07802180_12_22500_4bd_2024
[1738013] Skipping (exists): e_07832180_12_22500_4bd_2024
[1738013] Skipping (exists): e_07862180_12_22500_4bd_2024
[1738013] Skipping (exists): e_07532182_12_22500_4bd_2024
[1738013] Skipping (exists): e_07562182_12_22500_4bd_2024
[1738013] Skipping (exists): e_07592182_12_22500_4bd_2024
[1738013] Skipping (exists): e_07622182_12_22500_4bd_2024
[1738013] Skipping (exists): e_07652182_12_22500_4bd_2024
[1738013] Skipping (exists): e_07682182_12_22500_4bd_2024
[1738013] Skipping (exists): e_07712182_12_22500_4bd_2024
[1738013] Skipping (exists): e_07742182_12_22500_4bd_2024
[1738013] Skipping (exists): e_07772182_12_22500_4bd_2024
[1738013] Skipping (exists): e_07802182_12_22500_4bd_2024
[1738013] Skipping (exists): e_07832182_12_22500_4bd_2024
[1738013] Skipping (exists): e_07562184_12_22500_4bd_2024
[1738013] Skipping (exists): e_07592184_12_22500_4bd_2024
[1738013] Skipping (exists): e_07622184_12_22500_4bd_2024
[1738013] Skipping (exists): e_07652184_12_22500_4bd_2024
[1738013] Skipping (exists): e_07682184_12_22500_4bd_2024
[1738013] Skipping (exists): e_07712184_12_22500_4bd_2024
[1738013] Skipping (exists): e_07742184_12_22500_4bd_2024
[1738013] Skipping (exists): e_07772184_12_22500_4bd_2024
[1738013] Skipping (exists): e_07562186_12_22500_4bd_2024
[1738013] Skipping (exists): e_07592186_12_22500_4bd_2024
[1738013] Skipping (exists): e_07622186_12_22500_4bd_2024
[1738013] Skipping (exists): e_07652186_12_22500_4bd_2024
[1738013] Skipping (exists): e_07682186_12_22500_4bd_2024
[1738013] Skipping (exists): e_07712186_12_22500_4bd_2024
[1738013] Skipping (exists): e_07742186_12_22500_4bd_2024
[1738013] Skipping (exists): e_07562188_12_22500_4bd_2024
[1738013] Skipping (exists): e_07592188_12_22500_4bd_2024
[1738013] Skipping (exists): e_07622188_12_22500_4bd_2024
[1738013] Skipping (exists): e_07652188_12_22500_4bd_2024
[1738013] Skipping (exists): e_07682188_12_22500_4bd_2024
[1738013] Skipping (exists): e_07712188_12_22500_4bd_2024
[1738013] Skipping (exists): e_07742188_12_22500_4bd_2024
[1738013] Skipping (exists): e_07592190_12_22500_4bd_2024
[1738013] Skipping (exists): e_07622190_12_22500_4bd_2024
[1738013] Skipping (exists): e_07652190_12_22500_4bd_2024
[1738013] Skipping (exists): e_07682190_12_22500_4bd_2024
[1738013] Skipping (exists): e_07712190_12_22500_4bd_2024
[1738013] Skipping (exists): e_07742190_12_22500_4bd_2024
[1738013] Skipping (exists): e_07772190_12_22500_4bd_2024
[1738013] Skipping (exists): e_07622192_12_22500_4bd_2024
[1738013] Skipping (exists): e_07652192_12_22500_4bd_2024
[1738013] Skipping (exists): e_07682192_12_22500_4bd_2024
[1738013] Skipping (exists): e_07712192_12_22500_4bd_2024
[1738013] Skipping (exists): e_07742192_12_22500_4bd_2024
[1738013] Skipping (exists): e_07772192_12_22500_4bd_2024
[1738013] Skipping (exists): e_07802192_12_22500_4bd_2024
[1738013] Skipping (exists): e_07652194_12_22500_4bd_2024
[1738013] Skipping (exists): e_07682194_12_22500_4bd_2024
[1738013] Skipping (exists): e_07712194_12_22500_4bd_2024
[1738013] Skipping (exists): e_07742194_12_22500_4bd_2024
[1738013] Skipping (exists): e_07772194_12_22500_4bd_2024
[1738013] Skipping (exists): e_07802194_12_22500_4bd_2024
[1738013] Skipping (exists): e_07682196_12_22500_4bd_2024
[1738013] Skipping (exists): e_07712196_12_22500_4bd_2024
[1738013] Skipping (exists): e_07742196_12_22500_4bd_2024
[1738013] Skipping (exists): e_07772196_12_22500_4bd_2024
[1738013] Skipping (exists): e_07802196_12_22500_4bd_2024
[1738013] Skipping (exists): e_07682198_12_22500_4bd_2024
[1738013] Skipping (exists): e_07712198_12_22500_4bd_2024
[1738013] Skipping (exists): e_07742198_12_22500_4bd_2024
[1738013] Skipping (exists): e_07772198_12_22500_4bd_2024
[1738013] Skipping (exists): e_07712200_12_22500_4bd_2024
[1738013] Skipping (exists): e_07742200_12_22500_4bd_2024
[1738013] Skipping (exists): e_07772200_12_22500_4bd_2024
[1738013] Skipping (exists): e_07802200_12_22500_4bd_2024
[1738013] Skipping (exists): e_07712202_12_22500_4bd_2024
[1738013] Skipping (exists): e_07742202_12_22500_4bd_2024
[1738013] Skipping (exists): e_07772202_12_22500_4bd_2024
[1738013] Skipping (exists): e_07802202_12_22500_4bd_2024
[1738013] Skipping (exists): e_07742204_12_22500_4bd_2024
[1738013] Skipping (exists): e_07772204_12_22500_4bd_2024
[1738013] Skipping (exists): e_07802204_12_22500_4bd_2024
[1738013] Skipping (exists): e_07832204_12_22500_4bd_2024
[1738013] Skipping (exists): e_07742206_12_22500_4bd_2024
[1738013] Skipping (exists): e_07772206_12_22500_4bd_2024
[1738013] Skipping (exists): e_07802206_12_22500_4bd_2024
[1738013] Skipping (exists): e_07832206_12_22500_4bd_2024
[1738013] Skipping (exists): e_07742208_12_22500_4bd_2024
[1738013] Skipping (exists): e_07772208_12_22500_4bd_2024
[1738013] Skipping (exists): e_07802208_12_22500_4bd_2024
[1738013] Skipping (exists): e_07832208_12_22500_4bd_2024
[1738013] Skipping (exists): e_07772210_12_22500_4bd_2024
[1738013] Skipping (exists): e_07802210_12_22500_4bd_2024
[1738013] Skipping (exists): e_07832210_12_22500_4bd_2024
[1738013] Skipping (exists): e_07772212_12_22500_4bd_2024
[1738013] Skipping (exists): e_07802212_12_22500_4bd_2024
[1738013] Skipping (exists): e_07832212_12_22500_4bd_2024
[1738013] Skipping (exists): e_07802214_12_22500_4bd_2024
[1738013] Skipping (exists): e_07472028_12_19000_4bd_2022
[1738013] Skipping (exists): e_07502028_12_19000_4bd_2022
[1738013] Skipping (exists): e_07532028_12_19000_4bd_2022
[1738013] Skipping (exists): e_07442030_12_19000_4bd_2022
[1738013] Skipping (exists): e_07472030_12_19000_4bd_2022
[1738013] Skipping (exists): e_07502030_12_19000_4bd_2022
[1738013] Skipping (exists): e_07532030_12_19000_4bd_2022
[1738013] Skipping (exists): e_07562030_12_19000_4bd_2022
[1738013] Skipping (exists): e_07412032_12_19000_4bd_2022
[1738013] Skipping (exists): e_07442032_12_19000_4bd_2022
[1738013] Skipping (exists): e_07472032_12_19000_4bd_2022
[1738013] Skipping (exists): e_07502032_12_19000_4bd_2022
[1738013] Skipping (exists): e_07532032_12_19000_4bd_2022
[1738013] Skipping (exists): e_07562032_12_19000_4bd_2022
[1738013] Skipping (exists): e_07412034_12_19000_4bd_2022
[1738013] Skipping (exists): e_07442034_12_19000_4bd_2022
[1738013] Skipping (exists): e_07472034_12_19000_4bd_2022
[1738013] Skipping (exists): e_07502034_12_19000_4bd_2022
[1738013] Skipping (exists): e_07532034_12_19000_4bd_2022
[1738013] Skipping (exists): e_07562034_12_19000_4bd_2022
[1738013] Skipping (exists): e_07442036_12_19000_4bd_2022
[1738013] Skipping (exists): e_07472036_12_19000_4bd_2022
[1738013] Skipping (exists): e_07502036_12_19000_4bd_2022
[1738013] Skipping (exists): e_07532036_12_19000_4bd_2022
[1738013] Skipping (exists): e_07562036_12_19000_4bd_2022
[1738013] Skipping (exists): e_07442038_12_19000_4bd_2022
[1738013] Skipping (exists): e_07472038_12_19000_4bd_2022
[1738013] Skipping (exists): e_07502038_12_19000_4bd_2022
[1738013] Skipping (exists): e_07532038_12_19000_4bd_2022
[1738013] Skipping (exists): e_07562038_12_19000_4bd_2022
[1738013] Skipping (exists): e_07592038_12_19000_4bd_2022
[1738013] Skipping (exists): e_07622038_12_19000_4bd_2022
[1738013] Skipping (exists): e_07442040_12_19000_4bd_2022
[1738013] Skipping (exists): e_07472040_12_19000_4bd_2022
[1738013] Skipping (exists): e_07502040_12_19000_4bd_2022
[1738013] Skipping (exists): e_07532040_12_19000_4bd_2022
[1738013] Skipping (exists): e_07562040_12_19000_4bd_2022
[1738013] Skipping (exists): e_07592040_12_19000_4bd_2022
[1738013] Skipping (exists): e_07622040_12_19000_4bd_2022
[1738013] Skipping (exists): e_07442042_12_19000_4bd_2022
[1738013] Skipping (exists): e_07472042_12_19000_4bd_2022
[1738013] Skipping (exists): e_07502042_12_19000_4bd_2022
[1738013] Skipping (exists): e_07532042_12_19000_4bd_2022
[1738013] Skipping (exists): e_07562042_12_19000_4bd_2022
[1738013] Skipping (exists): e_07592042_12_19000_4bd_2022
[1738013] Skipping (exists): e_07622042_12_19000_4bd_2022
[1738013] Skipping (exists): e_07442044_12_19000_4bd_2022
[1738013] Skipping (exists): e_07472044_12_19000_4bd_2022
[1738013] Skipping (exists): e_07502044_12_19000_4bd_2022
[1738013] Skipping (exists): e_07532044_12_19000_4bd_2022
[1738013] Skipping (exists): e_07562044_12_19000_4bd_2022
[1738013] Skipping (exists): e_07592044_12_19000_4bd_2022
[1738013] Skipping (exists): e_07622044_12_19000_4bd_2022
[1738013] Skipping (exists): e_07652044_12_19000_4bd_2022
[1738013] Skipping (exists): e_07682044_12_19000_4bd_2022
[1738013] Skipping (exists): e_07442046_12_19000_4bd_2022
[1738013] Skipping (exists): e_07472046_12_19000_4bd_2022
[1738013] Skipping (exists): e_07502046_12_19000_4bd_2022
[1738013] Skipping (exists): e_07532046_12_19000_4bd_2022
[1738013] Skipping (exists): e_07562046_12_19000_4bd_2022
[1738013] Skipping (exists): e_07592046_12_19000_4bd_2022
[1738013] Skipping (exists): e_07622046_12_19000_4bd_2022
[1738013] Skipping (exists): e_07652046_12_19000_4bd_2022
[1738013] Skipping (exists): e_07682046_12_19000_4bd_2022
[1738013] Skipping (exists): e_07712046_12_19000_4bd_2022
[1738013] Skipping (exists): e_07742046_12_19000_4bd_2022
[1738013] Skipping (exists): e_07412048_12_19000_4bd_2022
[1738013] Skipping (exists): e_07442048_12_19000_4bd_2022
[1738013] Skipping (exists): e_07472048_12_19000_4bd_2022
[1738013] Skipping (exists): e_07502048_12_19000_4bd_2022
[1738013] Skipping (exists): e_07532048_12_19000_4bd_2022
[1738013] Skipping (exists): e_07562048_12_19000_4bd_2022
[1738013] Skipping (exists): e_07592048_12_19000_4bd_2022
[1738013] Skipping (exists): e_07622048_12_19000_4bd_2022
[1738013] Skipping (exists): e_07652048_12_19000_4bd_2022
[1738013] Skipping (exists): e_07682048_12_19000_4bd_2022
[1738013] Skipping (exists): e_07712048_12_19000_4bd_2022
[1738013] Skipping (exists): e_07742048_12_19000_4bd_2022
[1738013] Skipping (exists): e_07772048_12_19000_4bd_2022
[1738013] Skipping (exists): e_07802048_12_19000_4bd_2022
[1738013] Skipping (exists): e_07832048_12_19000_4bd_2022
[1738013] Skipping (exists): e_07412050_12_19000_4bd_2022
[1738013] Skipping (exists): e_07442050_12_19000_4bd_2022
[1738013] Skipping (exists): e_07472050_12_19000_4bd_2022
[1738013] Skipping (exists): e_07502050_12_19000_4bd_2022
[1738013] Skipping (exists): e_07532050_12_19000_4bd_2022
[1738013] Skipping (exists): e_07562050_12_19000_4bd_2022
[1738013] Skipping (exists): e_07592050_12_19000_4bd_2022
[1738013] Skipping (exists): e_07622050_12_19000_4bd_2022
[1738013] Skipping (exists): e_07652050_12_19000_4bd_2022
[1738013] Skipping (exists): e_07682050_12_19000_4bd_2022
[1738013] Skipping (exists): e_07712050_12_19000_4bd_2022
[1738013] Skipping (exists): e_07742050_12_19000_4bd_2022
[1738013] Skipping (exists): e_07772050_12_19000_4bd_2022
[1738013] Skipping (exists): e_07802050_12_19000_4bd_2022
[1738013] Skipping (exists): e_07412052_12_19000_4bd_2022
[1738013] Skipping (exists): e_07442052_12_19000_4bd_2022
[1738013] Skipping (exists): e_07472052_12_19000_4bd_2022
[1738013] Skipping (exists): e_07502052_12_19000_4bd_2022
[1738013] Skipping (exists): e_07532052_12_19000_4bd_2022
[1738013] Skipping (exists): e_07562052_12_19000_4bd_2022
[1738013] Skipping (exists): e_07592052_12_19000_4bd_2022
[1738013] Skipping (exists): e_07622052_12_19000_4bd_2022
[1738013] Skipping (exists): e_07652052_12_19000_4bd_2022
[1738013] Skipping (exists): e_07682052_12_19000_4bd_2022
[1738013] Skipping (exists): e_07712052_12_19000_4bd_2022
[1738013] Skipping (exists): e_07742052_12_19000_4bd_2022
[1738013] Skipping (exists): e_07772052_12_19000_4bd_2022
[1738013] Skipping (exists): e_07802052_12_19000_4bd_2022
[1738013] Skipping (exists): e_07352054_12_19000_4bd_2022
[1738013] Skipping (exists): e_07382054_12_19000_4bd_2022
[1738013] Skipping (exists): e_07412054_12_19000_4bd_2022
[1738013] Skipping (exists): e_07442054_12_19000_4bd_2022
[1738013] Skipping (exists): e_07472054_12_19000_4bd_2022
[1738013] Skipping (exists): e_07502054_12_19000_4bd_2022
[1738013] Skipping (exists): e_07532054_12_19000_4bd_2022
[1738013] Skipping (exists): e_07562054_12_19000_4bd_2022
[1738013] Skipping (exists): e_07592054_12_19000_4bd_2022
[1738013] Skipping (exists): e_07622054_12_19000_4bd_2022
[1738013] Skipping (exists): e_07652054_12_19000_4bd_2022
[1738013] Skipping (exists): e_07682054_12_19000_4bd_2022
[1738013] Skipping (exists): e_07712054_12_19000_4bd_2022
[1738013] Skipping (exists): e_07742054_12_19000_4bd_2022
[1738013] Skipping (exists): e_07772054_12_19000_4bd_2022
[1738013] Skipping (exists): e_07802054_12_19000_4bd_2022
[1738013] Skipping (exists): e_07352056_12_19000_4bd_2022
[1738013] Skipping (exists): e_07382056_12_19000_4bd_2022
[1738013] Skipping (exists): e_07412056_12_19000_4bd_2022
[1738013] Skipping (exists): e_07442056_12_19000_4bd_2022
[1738013] Skipping (exists): e_07472056_12_19000_4bd_2022
[1738013] Skipping (exists): e_07502056_12_19000_4bd_2022
[1738013] Skipping (exists): e_07532056_12_19000_4bd_2022
[1738013] Skipping (exists): e_07562056_12_19000_4bd_2022
[1738013] Skipping (exists): e_07592056_12_19000_4bd_2022
[1738013] Skipping (exists): e_07622056_12_19000_4bd_2022
[1738013] Skipping (exists): e_07652056_12_19000_4bd_2022
[1738013] Skipping (exists): e_07682056_12_19000_4bd_2022
[1738013] Skipping (exists): e_07712056_12_19000_4bd_2022
[1738013] Skipping (exists): e_07742056_12_19000_4bd_2022
[1738013] Skipping (exists): e_07772056_12_19000_4bd_2022
[1738013] Skipping (exists): e_07412058_12_19000_4bd_2022
[1738013] Skipping (exists): e_07442058_12_19000_4bd_2022
[1738013] Skipping (exists): e_07472058_12_19000_4bd_2022
[1738013] Skipping (exists): e_07502058_12_19000_4bd_2022
[1738013] Skipping (exists): e_07532058_12_19000_4bd_2022
[1738013] Skipping (exists): e_07562058_12_19000_4bd_2022
[1738013] Skipping (exists): e_07592058_12_19000_4bd_2022
[1738013] Skipping (exists): e_07622058_12_19000_4bd_2022
[1738013] Skipping (exists): e_07652058_12_19000_4bd_2022
[1738013] Skipping (exists): e_07682058_12_19000_4bd_2022
[1738013] Skipping (exists): e_07712058_12_19000_4bd_2022
[1738013] Skipping (exists): e_07742058_12_19000_4bd_2022
[1738013] Skipping (exists): e_07412060_12_19000_4bd_2022
[1738013] Skipping (exists): e_07442060_12_19000_4bd_2022
[1738013] Skipping (exists): e_07472060_12_19000_4bd_2022
[1738013] Skipping (exists): e_07502060_12_19000_4bd_2022
[1738013] Skipping (exists): e_07532060_12_19000_4bd_2022
[1738013] Skipping (exists): e_07562060_12_19000_4bd_2022
[1738013] Skipping (exists): e_07592060_12_19000_4bd_2022
[1738013] Skipping (exists): e_07622060_12_19000_4bd_2022
[1738013] Skipping (exists): e_07652060_12_19000_4bd_2022
[1738013] Skipping (exists): e_07682060_12_19000_4bd_2022
[1738013] Skipping (exists): e_07712060_12_19000_4bd_2022
[1738013] Skipping (exists): e_07742060_12_19000_4bd_2022
[1738013] Skipping (exists): e_07592062_12_19000_4bd_2022
[1738013] Skipping (exists): e_07622062_12_19000_4bd_2022
[1738013] Skipping (exists): e_07652062_12_19000_4bd_2022
[1738013] Skipping (exists): e_07682062_12_19000_4bd_2022
[1738013] Skipping (exists): e_07712062_12_19000_4bd_2022
[1738013] Skipping (exists): e_07742062_12_19000_4bd_2022
[1738013] Skipping (exists): e_07772062_12_19000_4bd_2022
[1738013] Skipping (exists): e_07592064_12_19000_4bd_2022
[1738013] Skipping (exists): e_07622064_12_19000_4bd_2022
[1738013] Skipping (exists): e_07652064_12_19000_4bd_2022
[1738013] Skipping (exists): e_07682064_12_19000_4bd_2022
[1738013] Skipping (exists): e_07712064_12_19000_4bd_2022
[1738013] Skipping (exists): e_07742064_12_19000_4bd_2022
[1738013] Skipping (exists): e_07772064_12_19000_4bd_2022
[1738013] Skipping (exists): e_07832064_12_19000_4bd_2022
[1738013] Skipping (exists): e_07862064_12_19000_4bd_2022
[1738013] Skipping (exists): e_07652066_12_19000_4bd_2022
[1738013] Skipping (exists): e_07682066_12_19000_4bd_2022
[1738013] Skipping (exists): e_07712066_12_19000_4bd_2022
[1738013] Skipping (exists): e_07742066_12_19000_4bd_2022
[1738013] Skipping (exists): e_07772066_12_19000_4bd_2022
[1738013] Skipping (exists): e_07802066_12_19000_4bd_2022
[1738013] Skipping (exists): e_07832066_12_19000_4bd_2022
[1738013] Skipping (exists): e_07862066_12_19000_4bd_2022
[1738013] Skipping (exists): e_07652068_12_19000_4bd_2022
[1738013] Skipping (exists): e_07682068_12_19000_4bd_2022
[1738013] Skipping (exists): e_07712068_12_19000_4bd_2022
[1738013] Skipping (exists): e_07742068_12_19000_4bd_2022
[1738013] Skipping (exists): e_07772068_12_19000_4bd_2022
[1738013] Skipping (exists): e_07802068_12_19000_4bd_2022
[1738013] Skipping (exists): e_07832068_12_19000_4bd_2022
[1738013] Skipping (exists): e_07862068_12_19000_4bd_2022
[1738013] Skipping (exists): e_07652070_12_19000_4bd_2022
[1738013] Skipping (exists): e_07682070_12_19000_4bd_2022
[1738013] Skipping (exists): e_07712070_12_19000_4bd_2022
[1738013] Skipping (exists): e_07742070_12_19000_4bd_2022
[1738013] Skipping (exists): e_07772070_12_19000_4bd_2022
[1738013] Skipping (exists): e_07802070_12_19000_4bd_2022
[1738013] Skipping (exists): e_07832070_12_19000_4bd_2022
[1738013] Skipping (exists): e_07652072_12_19000_4bd_2022
[1738013] Skipping (exists): e_07682072_12_19000_4bd_2022
[1738013] Skipping (exists): e_07712072_12_19000_4bd_2022
[1738013] Skipping (exists): e_07742072_12_19000_4bd_2022
[1738013] Skipping (exists): e_07772072_12_19000_4bd_2022
[1738013] Skipping (exists): e_07802072_12_19000_4bd_2022
[1738013] Skipping (exists): e_07832072_12_19000_4bd_2022
[1738013] Skipping (exists): e_07652074_12_19000_4bd_2022
[1738013] Skipping (exists): e_07682074_12_19000_4bd_2022
[1738013] Skipping (exists): e_07712074_12_19000_4bd_2022
[1738013] Skipping (exists): e_07742074_12_19000_4bd_2022
[1738013] Skipping (exists): e_07772074_12_19000_4bd_2022
[1738013] Skipping (exists): e_07802074_12_19000_4bd_2022
[1738013] Skipping (exists): e_07832074_12_19000_4bd_2022
[1738013] Skipping (exists): e_07652076_12_19000_4bd_2022
[1738013] Skipping (exists): e_07682076_12_19000_4bd_2022
[1738013] Skipping (exists): e_07712076_12_19000_4bd_2022
[1738013] Skipping (exists): e_07742076_12_19000_4bd_2022
[1738013] Skipping (exists): e_07772076_12_19000_4bd_2022
[1738013] Skipping (exists): e_07652078_12_19000_4bd_2022
[1738013] Skipping (exists): e_07682078_12_19000_4bd_2022
[1738013] Skipping (exists): e_07712078_12_19000_4bd_2022
[1738013] Skipping (exists): e_07742078_12_19000_4bd_2022
[1738013] Skipping (exists): e_07772078_12_19000_4bd_2022
[1738013] Skipping (exists): e_07652080_12_19000_4bd_2022
[1738013] Skipping (exists): e_07682080_12_19000_4bd_2022
[1738013] Skipping (exists): e_07712080_12_19000_4bd_2022
[1738013] Skipping (exists): e_07742080_12_19000_4bd_2022

=== Done. 1831/1831 tiles processed. Imagery written to: Data/Ortho/Tiles ===
          used (Mb) gc trigger  (Mb) max used  (Mb)
Ncells 1620073 86.6    2864694 153.0  2864694 153.0
Vcells 2411300 18.4   12128313  92.6 11798131  90.1
